dpkg -L libnvidia-cfg1-560
/.
/usr
/usr/lib
/usr/lib/x86_64-linux-gnu
/usr/lib/x86_64-linux-gnu/libnvidia-cfg.so.560.35.05
/usr/share
/usr/share/doc
/usr/share/doc/libnvidia-cfg1-560
/usr/share/doc/libnvidia-cfg1-560/changelog.Debian.gz
/usr/share/doc/libnvidia-cfg1-560/copyright
/usr/lib/x86_64-linux-gnu/libnvidia-cfg.so
/usr/lib/x86_64-linux-gnu/libnvidia-cfg.so.1

dpkg -L libnvidia-common-560
/.
/usr
/usr/share
/usr/share/doc
/usr/share/doc/libnvidia-common-560
/usr/share/doc/libnvidia-common-560/changelog.Debian.gz
/usr/share/doc/libnvidia-common-560/copyright
/usr/share/nvidia
/usr/share/nvidia/nvidia-application-profiles-560.35.05-key-documentation
/usr/share/nvidia/nvidia-application-profiles-560.35.05-rc

dpkg -L libnvidia-compute-560
/.
/etc
/etc/OpenCL
/etc/OpenCL/vendors
/etc/OpenCL/vendors/nvidia.icd
/usr
/usr/lib
/usr/lib/x86_64-linux-gnu
/usr/lib/x86_64-linux-gnu/libcuda.so.560.35.05
/usr/lib/x86_64-linux-gnu/libcudadebugger.so.560.35.05
/usr/lib/x86_64-linux-gnu/libnvidia-gpucomp.so.560.35.05
/usr/lib/x86_64-linux-gnu/libnvidia-ml.so.560.35.05
/usr/lib/x86_64-linux-gnu/libnvidia-nvvm.so.560.35.05
/usr/lib/x86_64-linux-gnu/libnvidia-opencl.so.560.35.05
/usr/lib/x86_64-linux-gnu/libnvidia-opticalflow.so.560.35.05
/usr/lib/x86_64-linux-gnu/libnvidia-pkcs11-openssl3.so.560.35.05
/usr/lib/x86_64-linux-gnu/libnvidia-pkcs11.so.560.35.05
/usr/lib/x86_64-linux-gnu/libnvidia-ptxjitcompiler.so.560.35.05
/usr/share
/usr/share/doc
/usr/share/doc/libnvidia-compute-560
/usr/share/doc/libnvidia-compute-560/changelog.Debian.gz
/usr/share/doc/libnvidia-compute-560/copyright
/usr/lib/x86_64-linux-gnu/libcuda.so
/usr/lib/x86_64-linux-gnu/libcuda.so.1
/usr/lib/x86_64-linux-gnu/libcudadebugger.so.1
/usr/lib/x86_64-linux-gnu/libnvidia-gpucomp.so.1
/usr/lib/x86_64-linux-gnu/libnvidia-ml.so.1
/usr/lib/x86_64-linux-gnu/libnvidia-nvvm.so.4
/usr/lib/x86_64-linux-gnu/libnvidia-opencl.so.1
/usr/lib/x86_64-linux-gnu/libnvidia-opticalflow.so.1
/usr/lib/x86_64-linux-gnu/libnvidia-ptxjitcompiler.so
/usr/lib/x86_64-linux-gnu/libnvidia-ptxjitcompiler.so.1

dpkg -L libnvidia-decode-560
/.
/usr
/usr/lib
/usr/lib/x86_64-linux-gnu
/usr/lib/x86_64-linux-gnu/libnvcuvid.so.560.35.05
/usr/lib/x86_64-linux-gnu/vdpau
/usr/lib/x86_64-linux-gnu/vdpau/libvdpau_nvidia.so.560.35.05
/usr/share
/usr/share/doc
/usr/share/doc/libnvidia-decode-560
/usr/share/doc/libnvidia-decode-560/changelog.Debian.gz
/usr/share/doc/libnvidia-decode-560/copyright
/usr/lib/x86_64-linux-gnu/libnvcuvid.so
/usr/lib/x86_64-linux-gnu/libnvcuvid.so.1
/usr/lib/x86_64-linux-gnu/vdpau/libvdpau_nvidia.so
/usr/lib/x86_64-linux-gnu/vdpau/libvdpau_nvidia.so.1

dpkg -L libnvidia-encode-560
/.
/usr
/usr/lib
/usr/lib/x86_64-linux-gnu
/usr/lib/x86_64-linux-gnu/libnvidia-encode.so.560.35.05
/usr/share
/usr/share/doc
/usr/share/doc/libnvidia-encode-560
/usr/share/doc/libnvidia-encode-560/changelog.Debian.gz
/usr/share/doc/libnvidia-encode-560/copyright
/usr/lib/x86_64-linux-gnu/libnvidia-encode.so
/usr/lib/x86_64-linux-gnu/libnvidia-encode.so.1

dpkg -L libnvidia-extra-560
/.
/usr
/usr/lib
/usr/lib/x86_64-linux-gnu
/usr/lib/x86_64-linux-gnu/gbm
/usr/lib/x86_64-linux-gnu/libnvidia-allocator.so.560.35.05
/usr/share
/usr/share/doc
/usr/share/doc/libnvidia-extra-560
/usr/share/doc/libnvidia-extra-560/changelog.Debian.gz
/usr/share/doc/libnvidia-extra-560/copyright
/usr/lib/x86_64-linux-gnu/gbm/nvidia-drm_gbm.so
/usr/lib/x86_64-linux-gnu/libnvidia-allocator.so.1

dpkg -L libnvidia-fbc1-560
/.
/usr
/usr/lib
/usr/lib/x86_64-linux-gnu
/usr/lib/x86_64-linux-gnu/libnvidia-fbc.so.560.35.05
/usr/share
/usr/share/doc
/usr/share/doc/libnvidia-fbc1-560
/usr/share/doc/libnvidia-fbc1-560/changelog.Debian.gz
/usr/share/doc/libnvidia-fbc1-560/copyright
/usr/lib/x86_64-linux-gnu/libnvidia-fbc.so.1

dpkg -L libnvidia-gl-560
/.
/usr
/usr/bin
/usr/bin/nvidia-ngx-updater
/usr/bin/nvidia-pcc
/usr/lib
/usr/lib/x86_64-linux-gnu
/usr/lib/x86_64-linux-gnu/libEGL_nvidia.so.560.35.05
/usr/lib/x86_64-linux-gnu/libGLESv1_CM_nvidia.so.560.35.05
/usr/lib/x86_64-linux-gnu/libGLESv2_nvidia.so.560.35.05
/usr/lib/x86_64-linux-gnu/libGLX_nvidia.so.560.35.05
/usr/lib/x86_64-linux-gnu/libnvidia-api.so.1
/usr/lib/x86_64-linux-gnu/libnvidia-egl-gbm.so.1.1.1
/usr/lib/x86_64-linux-gnu/libnvidia-egl-xcb.so.1
/usr/lib/x86_64-linux-gnu/libnvidia-egl-xlib.so.1
/usr/lib/x86_64-linux-gnu/libnvidia-eglcore.so.560.35.05
/usr/lib/x86_64-linux-gnu/libnvidia-glcore.so.560.35.05
/usr/lib/x86_64-linux-gnu/libnvidia-glsi.so.560.35.05
/usr/lib/x86_64-linux-gnu/libnvidia-glvkspirv.so.560.35.05
/usr/lib/x86_64-linux-gnu/libnvidia-ngx.so.560.35.05
/usr/lib/x86_64-linux-gnu/libnvidia-rtcore.so.560.35.05
/usr/lib/x86_64-linux-gnu/libnvidia-tls.so.560.35.05
/usr/lib/x86_64-linux-gnu/libnvidia-vksc-core.so.560.35.05
/usr/lib/x86_64-linux-gnu/libnvoptix.so.560.35.05
/usr/lib/x86_64-linux-gnu/nvidia
/usr/lib/x86_64-linux-gnu/nvidia/wine
/usr/lib/x86_64-linux-gnu/nvidia/wine/_nvngx.dll
/usr/lib/x86_64-linux-gnu/nvidia/wine/nvngx.dll
/usr/lib/x86_64-linux-gnu/nvidia/xorg
/usr/lib/x86_64-linux-gnu/nvidia/xorg/libglxserver_nvidia.so.560.35.05
/usr/share
/usr/share/doc
/usr/share/doc/libnvidia-gl-560
/usr/share/doc/libnvidia-gl-560/changelog.Debian.gz
/usr/share/doc/libnvidia-gl-560/copyright
/usr/share/egl
/usr/share/egl/egl_external_platform.d
/usr/share/egl/egl_external_platform.d/15_nvidia_gbm.json
/usr/share/egl/egl_external_platform.d/20_nvidia_xcb.json
/usr/share/egl/egl_external_platform.d/20_nvidia_xlib.json
/usr/share/glvnd
/usr/share/glvnd/egl_vendor.d
/usr/share/glvnd/egl_vendor.d/10_nvidia.json
/usr/share/lintian
/usr/share/lintian/overrides
/usr/share/lintian/overrides/libnvidia-gl-560
/usr/share/nvidia
/usr/share/nvidia/nvoptix.bin
/usr/share/vulkan
/usr/share/vulkan/icd.d
/usr/share/vulkan/icd.d/nvidia_icd.json
/usr/share/vulkan/implicit_layer.d
/usr/share/vulkan/implicit_layer.d/nvidia_layers.json
/usr/share/vulkansc
/usr/share/vulkansc/icd.d
/usr/share/vulkansc/icd.d/nvidia_icd_vksc.json
/usr/lib/x86_64-linux-gnu/libEGL_nvidia.so.0
/usr/lib/x86_64-linux-gnu/libGLESv1_CM_nvidia.so.1
/usr/lib/x86_64-linux-gnu/libGLESv2_nvidia.so.2
/usr/lib/x86_64-linux-gnu/libGLX_nvidia.so.0
/usr/lib/x86_64-linux-gnu/libnvidia-vksc-core.so.1
/usr/lib/x86_64-linux-gnu/libnvoptix.so.1
/usr/lib/x86_64-linux-gnu/nvidia/xorg/libglxserver_nvidia.so

dpkg -L nvidia-compute-utils-560
/.
/lib
/lib/systemd
/lib/systemd/system
/lib/systemd/system/nvidia-persistenced.service
/usr
/usr/bin
/usr/bin/nvidia-cuda-mps-control
/usr/bin/nvidia-cuda-mps-server
/usr/bin/nvidia-persistenced
/usr/share
/usr/share/doc
/usr/share/doc/nvidia-compute-utils-560
/usr/share/doc/nvidia-compute-utils-560/changelog.Debian.gz
/usr/share/doc/nvidia-compute-utils-560/copyright
/usr/share/doc/nvidia-compute-utils-560/nvidia-persistenced-init.tar.bz2
/usr/share/doc/nvidia-compute-utils-560/nvidia-persistenced.html
/usr/share/man
/usr/share/man/man1
/usr/share/man/man1/nvidia-cuda-mps-control.1.gz
/usr/share/man/man1/nvidia-persistenced.1.gz

dpkg -L nvidia-dkms-560-open
/.
/usr
/usr/share
/usr/share/doc
/usr/share/doc/nvidia-dkms-560-open
/usr/share/doc/nvidia-dkms-560-open/changelog.Debian.gz
/usr/share/doc/nvidia-dkms-560-open/copyright
/usr/src
/usr/src/nvidia-560.35.05
/usr/src/nvidia-560.35.05/dkms.conf
/usr/src/nvidia-560.35.05/patches
/usr/src/nvidia-560.35.05/patches/disable_fstack-clash-protection_fcf-protection.patch

dpkg -L nvidia-driver-560-open
/.
/usr
/usr/share
/usr/share/doc
/usr/share/doc/nvidia-driver-560-open
/usr/share/doc/nvidia-driver-560-open/changelog.Debian.gz
/usr/share/doc/nvidia-driver-560-open/copyright

dpkg -L nvidia-firmware-560-560.35.05
/.
/lib
/lib/firmware
/lib/firmware/nvidia
/lib/firmware/nvidia/560.35.05
/lib/firmware/nvidia/560.35.05/gsp_ga10x.bin
/lib/firmware/nvidia/560.35.05/gsp_tu10x.bin
/usr
/usr/share
/usr/share/doc
/usr/share/doc/nvidia-firmware-560-560.35.05
/usr/share/doc/nvidia-firmware-560-560.35.05/changelog.Debian.gz
/usr/share/doc/nvidia-firmware-560-560.35.05/copyright
/usr/share/lintian
/usr/share/lintian/overrides
/usr/share/lintian/overrides/nvidia-firmware-560-560.35.05

dpkg -L nvidia-kernel-common-560
/.
/etc
/etc/modprobe.d
/etc/modprobe.d/nvidia-graphics-drivers-kms.conf
/lib
/lib/modprobe.d
/lib/modprobe.d/nvidia-graphics-drivers.conf
/lib/systemd
/lib/systemd/system
/lib/systemd/system/nvidia-hibernate.service
/lib/systemd/system/nvidia-powerd.service
/lib/systemd/system/nvidia-resume.service
/lib/systemd/system/nvidia-suspend.service
/lib/systemd/system-sleep
/lib/systemd/system-sleep/nvidia
/lib/udev
/lib/udev/rules.d
/lib/udev/rules.d/71-nvidia.rules
/usr
/usr/bin
/usr/bin/nvidia-powerd
/usr/bin/nvidia-sleep.sh
/usr/lib
/usr/lib/nvidia
/usr/lib/nvidia/alternate-install-present
/usr/share
/usr/share/doc
/usr/share/doc/nvidia-kernel-common-560
/usr/share/doc/nvidia-kernel-common-560/changelog.Debian.gz
/usr/share/doc/nvidia-kernel-common-560/copyright
/usr/share/initramfs-tools
/usr/share/initramfs-tools/hooks
/usr/share/initramfs-tools/hooks/framebuffer-nvidia

dpkg -L nvidia-kernel-source-560-open
/.
/usr
/usr/share
/usr/share/doc
/usr/share/doc/nvidia-kernel-source-560-open
/usr/share/doc/nvidia-kernel-source-560-open/changelog.Debian.gz
/usr/share/doc/nvidia-kernel-source-560-open/copyright
/usr/src
/usr/src/nvidia-560.35.05
/usr/src/nvidia-560.35.05/Kbuild
/usr/src/nvidia-560.35.05/Makefile
/usr/src/nvidia-560.35.05/common
/usr/src/nvidia-560.35.05/common/inc
/usr/src/nvidia-560.35.05/common/inc/conftest.h
/usr/src/nvidia-560.35.05/common/inc/cpuopsys.h
/usr/src/nvidia-560.35.05/common/inc/nv-caps.h
/usr/src/nvidia-560.35.05/common/inc/nv-chardev-numbers.h
/usr/src/nvidia-560.35.05/common/inc/nv-dmabuf.h
/usr/src/nvidia-560.35.05/common/inc/nv-firmware-registry.h
/usr/src/nvidia-560.35.05/common/inc/nv-firmware.h
/usr/src/nvidia-560.35.05/common/inc/nv-gpu-info.h
/usr/src/nvidia-560.35.05/common/inc/nv-hash.h
/usr/src/nvidia-560.35.05/common/inc/nv-hypervisor.h
/usr/src/nvidia-560.35.05/common/inc/nv-ioctl-numa.h
/usr/src/nvidia-560.35.05/common/inc/nv-ioctl-numbers.h
/usr/src/nvidia-560.35.05/common/inc/nv-ioctl.h
/usr/src/nvidia-560.35.05/common/inc/nv-kernel-interface-api.h
/usr/src/nvidia-560.35.05/common/inc/nv-kref.h
/usr/src/nvidia-560.35.05/common/inc/nv-kthread-q-os.h
/usr/src/nvidia-560.35.05/common/inc/nv-kthread-q.h
/usr/src/nvidia-560.35.05/common/inc/nv-linux.h
/usr/src/nvidia-560.35.05/common/inc/nv-list-helpers.h
/usr/src/nvidia-560.35.05/common/inc/nv-lock.h
/usr/src/nvidia-560.35.05/common/inc/nv-memdbg.h
/usr/src/nvidia-560.35.05/common/inc/nv-mm.h
/usr/src/nvidia-560.35.05/common/inc/nv-modeset-interface.h
/usr/src/nvidia-560.35.05/common/inc/nv-msi.h
/usr/src/nvidia-560.35.05/common/inc/nv-pci-types.h
/usr/src/nvidia-560.35.05/common/inc/nv-pci.h
/usr/src/nvidia-560.35.05/common/inc/nv-pgprot.h
/usr/src/nvidia-560.35.05/common/inc/nv-procfs-utils.h
/usr/src/nvidia-560.35.05/common/inc/nv-procfs.h
/usr/src/nvidia-560.35.05/common/inc/nv-proto.h
/usr/src/nvidia-560.35.05/common/inc/nv-retpoline.h
/usr/src/nvidia-560.35.05/common/inc/nv-time.h
/usr/src/nvidia-560.35.05/common/inc/nv-timer.h
/usr/src/nvidia-560.35.05/common/inc/nv.h
/usr/src/nvidia-560.35.05/common/inc/nvCpuUuid.h
/usr/src/nvidia-560.35.05/common/inc/nv_speculation_barrier.h
/usr/src/nvidia-560.35.05/common/inc/nv_stdarg.h
/usr/src/nvidia-560.35.05/common/inc/nv_uvm_interface.h
/usr/src/nvidia-560.35.05/common/inc/nv_uvm_types.h
/usr/src/nvidia-560.35.05/common/inc/nvgputypes.h
/usr/src/nvidia-560.35.05/common/inc/nvkms-api-types.h
/usr/src/nvidia-560.35.05/common/inc/nvkms-format.h
/usr/src/nvidia-560.35.05/common/inc/nvkms-kapi.h
/usr/src/nvidia-560.35.05/common/inc/nvlimits.h
/usr/src/nvidia-560.35.05/common/inc/nvmisc.h
/usr/src/nvidia-560.35.05/common/inc/nvstatus.h
/usr/src/nvidia-560.35.05/common/inc/nvstatuscodes.h
/usr/src/nvidia-560.35.05/common/inc/nvtypes.h
/usr/src/nvidia-560.35.05/common/inc/os
/usr/src/nvidia-560.35.05/common/inc/os/nv_memory_area.h
/usr/src/nvidia-560.35.05/common/inc/os/nv_memory_type.h
/usr/src/nvidia-560.35.05/common/inc/os-interface.h
/usr/src/nvidia-560.35.05/common/inc/rm-gpu-ops.h
/usr/src/nvidia-560.35.05/conftest.sh
/usr/src/nvidia-560.35.05/count-lines.mk
/usr/src/nvidia-560.35.05/header-presence-tests.mk
/usr/src/nvidia-560.35.05/nvidia
/usr/src/nvidia-560.35.05/nvidia/detect-self-hosted.h
/usr/src/nvidia-560.35.05/nvidia/export_nvswitch.h
/usr/src/nvidia-560.35.05/nvidia/hal
/usr/src/nvidia-560.35.05/nvidia/hal/library
/usr/src/nvidia-560.35.05/nvidia/hal/library/cryptlib
/usr/src/nvidia-560.35.05/nvidia/hal/library/cryptlib/cryptlib_aead.h
/usr/src/nvidia-560.35.05/nvidia/hal/library/cryptlib/cryptlib_cert.h
/usr/src/nvidia-560.35.05/nvidia/hal/library/cryptlib/cryptlib_dh.h
/usr/src/nvidia-560.35.05/nvidia/hal/library/cryptlib/cryptlib_ec.h
/usr/src/nvidia-560.35.05/nvidia/hal/library/cryptlib/cryptlib_ecd.h
/usr/src/nvidia-560.35.05/nvidia/hal/library/cryptlib/cryptlib_hash.h
/usr/src/nvidia-560.35.05/nvidia/hal/library/cryptlib/cryptlib_hkdf.h
/usr/src/nvidia-560.35.05/nvidia/hal/library/cryptlib/cryptlib_mac.h
/usr/src/nvidia-560.35.05/nvidia/hal/library/cryptlib/cryptlib_rng.h
/usr/src/nvidia-560.35.05/nvidia/hal/library/cryptlib/cryptlib_rsa.h
/usr/src/nvidia-560.35.05/nvidia/hal/library/cryptlib/cryptlib_sm2.h
/usr/src/nvidia-560.35.05/nvidia/i2c_nvswitch.c
/usr/src/nvidia-560.35.05/nvidia/internal
/usr/src/nvidia-560.35.05/nvidia/internal/libspdm_lib_config.h
/usr/src/nvidia-560.35.05/nvidia/internal_crypt_lib.h
/usr/src/nvidia-560.35.05/nvidia/ioctl_common_nvswitch.h
/usr/src/nvidia-560.35.05/nvidia/ioctl_nvswitch.h
/usr/src/nvidia-560.35.05/nvidia/library
/usr/src/nvidia-560.35.05/nvidia/library/cryptlib.h
/usr/src/nvidia-560.35.05/nvidia/library/spdm_lib_config.h
/usr/src/nvidia-560.35.05/nvidia/libspdm_aead.c
/usr/src/nvidia-560.35.05/nvidia/libspdm_aead_aes_gcm.c
/usr/src/nvidia-560.35.05/nvidia/libspdm_ec.c
/usr/src/nvidia-560.35.05/nvidia/libspdm_ecc.c
/usr/src/nvidia-560.35.05/nvidia/libspdm_hkdf.c
/usr/src/nvidia-560.35.05/nvidia/libspdm_hkdf_sha.c
/usr/src/nvidia-560.35.05/nvidia/libspdm_hmac_sha.c
/usr/src/nvidia-560.35.05/nvidia/libspdm_internal_crypt_lib.c
/usr/src/nvidia-560.35.05/nvidia/libspdm_rand.c
/usr/src/nvidia-560.35.05/nvidia/libspdm_rsa.c
/usr/src/nvidia-560.35.05/nvidia/libspdm_rsa_ext.c
/usr/src/nvidia-560.35.05/nvidia/libspdm_sha.c
/usr/src/nvidia-560.35.05/nvidia/libspdm_shash.c
/usr/src/nvidia-560.35.05/nvidia/libspdm_x509.c
/usr/src/nvidia-560.35.05/nvidia/linux_nvswitch.c
/usr/src/nvidia-560.35.05/nvidia/linux_nvswitch.h
/usr/src/nvidia-560.35.05/nvidia/nv-acpi.c
/usr/src/nvidia-560.35.05/nvidia/nv-caps-imex.c
/usr/src/nvidia-560.35.05/nvidia/nv-caps-imex.h
/usr/src/nvidia-560.35.05/nvidia/nv-caps.c
/usr/src/nvidia-560.35.05/nvidia/nv-cray.c
/usr/src/nvidia-560.35.05/nvidia/nv-dma.c
/usr/src/nvidia-560.35.05/nvidia/nv-dmabuf.c
/usr/src/nvidia-560.35.05/nvidia/nv-host1x.c
/usr/src/nvidia-560.35.05/nvidia/nv-i2c.c
/usr/src/nvidia-560.35.05/nvidia/nv-ibmnpu.c
/usr/src/nvidia-560.35.05/nvidia/nv-ibmnpu.h
/usr/src/nvidia-560.35.05/nvidia/nv-kernel.o_binary
/usr/src/nvidia-560.35.05/nvidia/nv-kthread-q.c
/usr/src/nvidia-560.35.05/nvidia/nv-memdbg.c
/usr/src/nvidia-560.35.05/nvidia/nv-mmap.c
/usr/src/nvidia-560.35.05/nvidia/nv-modeset-interface.c
/usr/src/nvidia-560.35.05/nvidia/nv-msi.c
/usr/src/nvidia-560.35.05/nvidia/nv-nano-timer.c
/usr/src/nvidia-560.35.05/nvidia/nv-p2p.c
/usr/src/nvidia-560.35.05/nvidia/nv-p2p.h
/usr/src/nvidia-560.35.05/nvidia/nv-pat.c
/usr/src/nvidia-560.35.05/nvidia/nv-pat.h
/usr/src/nvidia-560.35.05/nvidia/nv-pci-table.c
/usr/src/nvidia-560.35.05/nvidia/nv-pci-table.h
/usr/src/nvidia-560.35.05/nvidia/nv-pci.c
/usr/src/nvidia-560.35.05/nvidia/nv-procfs.c
/usr/src/nvidia-560.35.05/nvidia/nv-reg.h
/usr/src/nvidia-560.35.05/nvidia/nv-report-err.c
/usr/src/nvidia-560.35.05/nvidia/nv-report-err.h
/usr/src/nvidia-560.35.05/nvidia/nv-rsync.c
/usr/src/nvidia-560.35.05/nvidia/nv-rsync.h
/usr/src/nvidia-560.35.05/nvidia/nv-usermap.c
/usr/src/nvidia-560.35.05/nvidia/nv-vm.c
/usr/src/nvidia-560.35.05/nvidia/nv-vtophys.c
/usr/src/nvidia-560.35.05/nvidia/nv.c
/usr/src/nvidia-560.35.05/nvidia/nv_gpu_ops.h
/usr/src/nvidia-560.35.05/nvidia/nv_uvm_interface.c
/usr/src/nvidia-560.35.05/nvidia/nvidia-sources.Kbuild
/usr/src/nvidia-560.35.05/nvidia/nvidia.Kbuild
/usr/src/nvidia-560.35.05/nvidia/nvlink_caps.c
/usr/src/nvidia-560.35.05/nvidia/nvlink_caps.h
/usr/src/nvidia-560.35.05/nvidia/nvlink_common.h
/usr/src/nvidia-560.35.05/nvidia/nvlink_errors.h
/usr/src/nvidia-560.35.05/nvidia/nvlink_export.h
/usr/src/nvidia-560.35.05/nvidia/nvlink_linux.c
/usr/src/nvidia-560.35.05/nvidia/nvlink_linux.h
/usr/src/nvidia-560.35.05/nvidia/nvlink_os.h
/usr/src/nvidia-560.35.05/nvidia/nvlink_pci.h
/usr/src/nvidia-560.35.05/nvidia/nvlink_proto.h
/usr/src/nvidia-560.35.05/nvidia/nvspdm_cryptlib_extensions.h
/usr/src/nvidia-560.35.05/nvidia/os-interface.c
/usr/src/nvidia-560.35.05/nvidia/os-mlock.c
/usr/src/nvidia-560.35.05/nvidia/os-pci.c
/usr/src/nvidia-560.35.05/nvidia/os-registry.c
/usr/src/nvidia-560.35.05/nvidia/os-usermap.c
/usr/src/nvidia-560.35.05/nvidia/procfs_nvswitch.c
/usr/src/nvidia-560.35.05/nvidia/rmp2pdefines.h
/usr/src/nvidia-560.35.05/nvidia-drm
/usr/src/nvidia-560.35.05/nvidia-drm/nv-kthread-q.c
/usr/src/nvidia-560.35.05/nvidia-drm/nv-pci-table.c
/usr/src/nvidia-560.35.05/nvidia-drm/nv-pci-table.h
/usr/src/nvidia-560.35.05/nvidia-drm/nvidia-dma-fence-helper.h
/usr/src/nvidia-560.35.05/nvidia-drm/nvidia-dma-resv-helper.h
/usr/src/nvidia-560.35.05/nvidia-drm/nvidia-drm-conftest.h
/usr/src/nvidia-560.35.05/nvidia-drm/nvidia-drm-connector.c
/usr/src/nvidia-560.35.05/nvidia-drm/nvidia-drm-connector.h
/usr/src/nvidia-560.35.05/nvidia-drm/nvidia-drm-crtc.c
/usr/src/nvidia-560.35.05/nvidia-drm/nvidia-drm-crtc.h
/usr/src/nvidia-560.35.05/nvidia-drm/nvidia-drm-drv.c
/usr/src/nvidia-560.35.05/nvidia-drm/nvidia-drm-drv.h
/usr/src/nvidia-560.35.05/nvidia-drm/nvidia-drm-encoder.c
/usr/src/nvidia-560.35.05/nvidia-drm/nvidia-drm-encoder.h
/usr/src/nvidia-560.35.05/nvidia-drm/nvidia-drm-fb.c
/usr/src/nvidia-560.35.05/nvidia-drm/nvidia-drm-fb.h
/usr/src/nvidia-560.35.05/nvidia-drm/nvidia-drm-fence.c
/usr/src/nvidia-560.35.05/nvidia-drm/nvidia-drm-fence.h
/usr/src/nvidia-560.35.05/nvidia-drm/nvidia-drm-format.c
/usr/src/nvidia-560.35.05/nvidia-drm/nvidia-drm-format.h
/usr/src/nvidia-560.35.05/nvidia-drm/nvidia-drm-gem-dma-buf.c
/usr/src/nvidia-560.35.05/nvidia-drm/nvidia-drm-gem-dma-buf.h
/usr/src/nvidia-560.35.05/nvidia-drm/nvidia-drm-gem-nvkms-memory.c
/usr/src/nvidia-560.35.05/nvidia-drm/nvidia-drm-gem-nvkms-memory.h
/usr/src/nvidia-560.35.05/nvidia-drm/nvidia-drm-gem-user-memory.c
/usr/src/nvidia-560.35.05/nvidia-drm/nvidia-drm-gem-user-memory.h
/usr/src/nvidia-560.35.05/nvidia-drm/nvidia-drm-gem.c
/usr/src/nvidia-560.35.05/nvidia-drm/nvidia-drm-gem.h
/usr/src/nvidia-560.35.05/nvidia-drm/nvidia-drm-helper.c
/usr/src/nvidia-560.35.05/nvidia-drm/nvidia-drm-helper.h
/usr/src/nvidia-560.35.05/nvidia-drm/nvidia-drm-ioctl.h
/usr/src/nvidia-560.35.05/nvidia-drm/nvidia-drm-linux.c
/usr/src/nvidia-560.35.05/nvidia-drm/nvidia-drm-modeset.c
/usr/src/nvidia-560.35.05/nvidia-drm/nvidia-drm-modeset.h
/usr/src/nvidia-560.35.05/nvidia-drm/nvidia-drm-os-interface.c
/usr/src/nvidia-560.35.05/nvidia-drm/nvidia-drm-os-interface.h
/usr/src/nvidia-560.35.05/nvidia-drm/nvidia-drm-priv.h
/usr/src/nvidia-560.35.05/nvidia-drm/nvidia-drm-sources.mk
/usr/src/nvidia-560.35.05/nvidia-drm/nvidia-drm-utils.c
/usr/src/nvidia-560.35.05/nvidia-drm/nvidia-drm-utils.h
/usr/src/nvidia-560.35.05/nvidia-drm/nvidia-drm.Kbuild
/usr/src/nvidia-560.35.05/nvidia-drm/nvidia-drm.c
/usr/src/nvidia-560.35.05/nvidia-drm/nvidia-drm.h
/usr/src/nvidia-560.35.05/nvidia-modeset
/usr/src/nvidia-560.35.05/nvidia-modeset/nv-kthread-q.c
/usr/src/nvidia-560.35.05/nvidia-modeset/nv-modeset-kernel.o_binary
/usr/src/nvidia-560.35.05/nvidia-modeset/nvidia-modeset-linux.c
/usr/src/nvidia-560.35.05/nvidia-modeset/nvidia-modeset-os-interface.h
/usr/src/nvidia-560.35.05/nvidia-modeset/nvidia-modeset.Kbuild
/usr/src/nvidia-560.35.05/nvidia-modeset/nvkms-ioctl.h
/usr/src/nvidia-560.35.05/nvidia-modeset/nvkms.h
/usr/src/nvidia-560.35.05/nvidia-peermem
/usr/src/nvidia-560.35.05/nvidia-peermem/nv-p2p.h
/usr/src/nvidia-560.35.05/nvidia-peermem/nvidia-peermem.Kbuild
/usr/src/nvidia-560.35.05/nvidia-peermem/nvidia-peermem.c
/usr/src/nvidia-560.35.05/nvidia-peermem/peer_mem.h
/usr/src/nvidia-560.35.05/nvidia-uvm
/usr/src/nvidia-560.35.05/nvidia-uvm/cla06fsubch.h
/usr/src/nvidia-560.35.05/nvidia-uvm/cla16f.h
/usr/src/nvidia-560.35.05/nvidia-uvm/clb069.h
/usr/src/nvidia-560.35.05/nvidia-uvm/clb06f.h
/usr/src/nvidia-560.35.05/nvidia-uvm/clb0b5.h
/usr/src/nvidia-560.35.05/nvidia-uvm/clc06f.h
/usr/src/nvidia-560.35.05/nvidia-uvm/clc076.h
/usr/src/nvidia-560.35.05/nvidia-uvm/clc0b5.h
/usr/src/nvidia-560.35.05/nvidia-uvm/clc1b5.h
/usr/src/nvidia-560.35.05/nvidia-uvm/clc365.h
/usr/src/nvidia-560.35.05/nvidia-uvm/clc369.h
/usr/src/nvidia-560.35.05/nvidia-uvm/clc36f.h
/usr/src/nvidia-560.35.05/nvidia-uvm/clc3b5.h
/usr/src/nvidia-560.35.05/nvidia-uvm/clc46f.h
/usr/src/nvidia-560.35.05/nvidia-uvm/clc56f.h
/usr/src/nvidia-560.35.05/nvidia-uvm/clc5b5.h
/usr/src/nvidia-560.35.05/nvidia-uvm/clc6b5.h
/usr/src/nvidia-560.35.05/nvidia-uvm/clc7b5.h
/usr/src/nvidia-560.35.05/nvidia-uvm/clc86f.h
/usr/src/nvidia-560.35.05/nvidia-uvm/clc8b5.h
/usr/src/nvidia-560.35.05/nvidia-uvm/clc96f.h
/usr/src/nvidia-560.35.05/nvidia-uvm/clc9b5.h
/usr/src/nvidia-560.35.05/nvidia-uvm/clcba2.h
/usr/src/nvidia-560.35.05/nvidia-uvm/ctrl2080mc.h
/usr/src/nvidia-560.35.05/nvidia-uvm/hwref
/usr/src/nvidia-560.35.05/nvidia-uvm/hwref/ampere
/usr/src/nvidia-560.35.05/nvidia-uvm/hwref/ampere/ga100
/usr/src/nvidia-560.35.05/nvidia-uvm/hwref/ampere/ga100/dev_fault.h
/usr/src/nvidia-560.35.05/nvidia-uvm/hwref/ampere/ga100/dev_runlist.h
/usr/src/nvidia-560.35.05/nvidia-uvm/hwref/blackwell
/usr/src/nvidia-560.35.05/nvidia-uvm/hwref/blackwell/gb100
/usr/src/nvidia-560.35.05/nvidia-uvm/hwref/blackwell/gb100/dev_fault.h
/usr/src/nvidia-560.35.05/nvidia-uvm/hwref/blackwell/gb100/dev_mmu.h
/usr/src/nvidia-560.35.05/nvidia-uvm/hwref/hopper
/usr/src/nvidia-560.35.05/nvidia-uvm/hwref/hopper/gh100
/usr/src/nvidia-560.35.05/nvidia-uvm/hwref/hopper/gh100/dev_fault.h
/usr/src/nvidia-560.35.05/nvidia-uvm/hwref/hopper/gh100/dev_mmu.h
/usr/src/nvidia-560.35.05/nvidia-uvm/hwref/maxwell
/usr/src/nvidia-560.35.05/nvidia-uvm/hwref/maxwell/gm107
/usr/src/nvidia-560.35.05/nvidia-uvm/hwref/maxwell/gm107/dev_mmu.h
/usr/src/nvidia-560.35.05/nvidia-uvm/hwref/pascal
/usr/src/nvidia-560.35.05/nvidia-uvm/hwref/pascal/gp100
/usr/src/nvidia-560.35.05/nvidia-uvm/hwref/pascal/gp100/dev_fault.h
/usr/src/nvidia-560.35.05/nvidia-uvm/hwref/pascal/gp100/dev_fb.h
/usr/src/nvidia-560.35.05/nvidia-uvm/hwref/pascal/gp100/dev_mmu.h
/usr/src/nvidia-560.35.05/nvidia-uvm/hwref/turing
/usr/src/nvidia-560.35.05/nvidia-uvm/hwref/turing/tu102
/usr/src/nvidia-560.35.05/nvidia-uvm/hwref/turing/tu102/dev_fault.h
/usr/src/nvidia-560.35.05/nvidia-uvm/hwref/turing/tu102/dev_mmu.h
/usr/src/nvidia-560.35.05/nvidia-uvm/hwref/volta
/usr/src/nvidia-560.35.05/nvidia-uvm/hwref/volta/gv100
/usr/src/nvidia-560.35.05/nvidia-uvm/hwref/volta/gv100/dev_fault.h
/usr/src/nvidia-560.35.05/nvidia-uvm/hwref/volta/gv100/dev_fb.h
/usr/src/nvidia-560.35.05/nvidia-uvm/hwref/volta/gv100/dev_mmu.h
/usr/src/nvidia-560.35.05/nvidia-uvm/nv-kthread-q-selftest.c
/usr/src/nvidia-560.35.05/nvidia-uvm/nv-kthread-q.c
/usr/src/nvidia-560.35.05/nvidia-uvm/nvCpuUuid.c
/usr/src/nvidia-560.35.05/nvidia-uvm/nvidia-uvm-sources.Kbuild
/usr/src/nvidia-560.35.05/nvidia-uvm/nvidia-uvm.Kbuild
/usr/src/nvidia-560.35.05/nvidia-uvm/nvstatus.c
/usr/src/nvidia-560.35.05/nvidia-uvm/uvm.c
/usr/src/nvidia-560.35.05/nvidia-uvm/uvm.h
/usr/src/nvidia-560.35.05/nvidia-uvm/uvm_ada.c
/usr/src/nvidia-560.35.05/nvidia-uvm/uvm_ada_fault_buffer.h
/usr/src/nvidia-560.35.05/nvidia-uvm/uvm_ampere.c
/usr/src/nvidia-560.35.05/nvidia-uvm/uvm_ampere_ce.c
/usr/src/nvidia-560.35.05/nvidia-uvm/uvm_ampere_fault_buffer.c
/usr/src/nvidia-560.35.05/nvidia-uvm/uvm_ampere_fault_buffer.h
/usr/src/nvidia-560.35.05/nvidia-uvm/uvm_ampere_host.c
/usr/src/nvidia-560.35.05/nvidia-uvm/uvm_ampere_mmu.c
/usr/src/nvidia-560.35.05/nvidia-uvm/uvm_api.h
/usr/src/nvidia-560.35.05/nvidia-uvm/uvm_ats.c
/usr/src/nvidia-560.35.05/nvidia-uvm/uvm_ats.h
/usr/src/nvidia-560.35.05/nvidia-uvm/uvm_ats_faults.c
/usr/src/nvidia-560.35.05/nvidia-uvm/uvm_ats_faults.h
/usr/src/nvidia-560.35.05/nvidia-uvm/uvm_ats_ibm.c
/usr/src/nvidia-560.35.05/nvidia-uvm/uvm_ats_ibm.h
/usr/src/nvidia-560.35.05/nvidia-uvm/uvm_ats_sva.c
/usr/src/nvidia-560.35.05/nvidia-uvm/uvm_ats_sva.h
/usr/src/nvidia-560.35.05/nvidia-uvm/uvm_blackwell.c
/usr/src/nvidia-560.35.05/nvidia-uvm/uvm_blackwell_fault_buffer.c
/usr/src/nvidia-560.35.05/nvidia-uvm/uvm_blackwell_fault_buffer.h
/usr/src/nvidia-560.35.05/nvidia-uvm/uvm_blackwell_host.c
/usr/src/nvidia-560.35.05/nvidia-uvm/uvm_blackwell_mmu.c
/usr/src/nvidia-560.35.05/nvidia-uvm/uvm_ce_test.c
/usr/src/nvidia-560.35.05/nvidia-uvm/uvm_channel.c
/usr/src/nvidia-560.35.05/nvidia-uvm/uvm_channel.h
/usr/src/nvidia-560.35.05/nvidia-uvm/uvm_channel_test.c
/usr/src/nvidia-560.35.05/nvidia-uvm/uvm_common.c
/usr/src/nvidia-560.35.05/nvidia-uvm/uvm_common.h
/usr/src/nvidia-560.35.05/nvidia-uvm/uvm_conf_computing.c
/usr/src/nvidia-560.35.05/nvidia-uvm/uvm_conf_computing.h
/usr/src/nvidia-560.35.05/nvidia-uvm/uvm_debug_optimized.c
/usr/src/nvidia-560.35.05/nvidia-uvm/uvm_extern_decl.h
/usr/src/nvidia-560.35.05/nvidia-uvm/uvm_fault_buffer_flush_test.c
/usr/src/nvidia-560.35.05/nvidia-uvm/uvm_forward_decl.h
/usr/src/nvidia-560.35.05/nvidia-uvm/uvm_get_rm_ptes_test.c
/usr/src/nvidia-560.35.05/nvidia-uvm/uvm_global.c
/usr/src/nvidia-560.35.05/nvidia-uvm/uvm_global.h
/usr/src/nvidia-560.35.05/nvidia-uvm/uvm_gpu.c
/usr/src/nvidia-560.35.05/nvidia-uvm/uvm_gpu.h
/usr/src/nvidia-560.35.05/nvidia-uvm/uvm_gpu_access_counters.c
/usr/src/nvidia-560.35.05/nvidia-uvm/uvm_gpu_access_counters.h
/usr/src/nvidia-560.35.05/nvidia-uvm/uvm_gpu_isr.c
/usr/src/nvidia-560.35.05/nvidia-uvm/uvm_gpu_isr.h
/usr/src/nvidia-560.35.05/nvidia-uvm/uvm_gpu_non_replayable_faults.c
/usr/src/nvidia-560.35.05/nvidia-uvm/uvm_gpu_non_replayable_faults.h
/usr/src/nvidia-560.35.05/nvidia-uvm/uvm_gpu_replayable_faults.c
/usr/src/nvidia-560.35.05/nvidia-uvm/uvm_gpu_replayable_faults.h
/usr/src/nvidia-560.35.05/nvidia-uvm/uvm_gpu_semaphore.c
/usr/src/nvidia-560.35.05/nvidia-uvm/uvm_gpu_semaphore.h
/usr/src/nvidia-560.35.05/nvidia-uvm/uvm_gpu_semaphore_test.c
/usr/src/nvidia-560.35.05/nvidia-uvm/uvm_hal.c
/usr/src/nvidia-560.35.05/nvidia-uvm/uvm_hal.h
/usr/src/nvidia-560.35.05/nvidia-uvm/uvm_hal_types.h
/usr/src/nvidia-560.35.05/nvidia-uvm/uvm_hmm.c
/usr/src/nvidia-560.35.05/nvidia-uvm/uvm_hmm.h
/usr/src/nvidia-560.35.05/nvidia-uvm/uvm_hopper.c
/usr/src/nvidia-560.35.05/nvidia-uvm/uvm_hopper_ce.c
/usr/src/nvidia-560.35.05/nvidia-uvm/uvm_hopper_fault_buffer.c
/usr/src/nvidia-560.35.05/nvidia-uvm/uvm_hopper_fault_buffer.h
/usr/src/nvidia-560.35.05/nvidia-uvm/uvm_hopper_host.c
/usr/src/nvidia-560.35.05/nvidia-uvm/uvm_hopper_mmu.c
/usr/src/nvidia-560.35.05/nvidia-uvm/uvm_hopper_sec2.c
/usr/src/nvidia-560.35.05/nvidia-uvm/uvm_host_test.c
/usr/src/nvidia-560.35.05/nvidia-uvm/uvm_ioctl.h
/usr/src/nvidia-560.35.05/nvidia-uvm/uvm_kvmalloc.c
/usr/src/nvidia-560.35.05/nvidia-uvm/uvm_kvmalloc.h
/usr/src/nvidia-560.35.05/nvidia-uvm/uvm_kvmalloc_test.c
/usr/src/nvidia-560.35.05/nvidia-uvm/uvm_linux.c
/usr/src/nvidia-560.35.05/nvidia-uvm/uvm_linux.h
/usr/src/nvidia-560.35.05/nvidia-uvm/uvm_linux_ioctl.h
/usr/src/nvidia-560.35.05/nvidia-uvm/uvm_lock.c
/usr/src/nvidia-560.35.05/nvidia-uvm/uvm_lock.h
/usr/src/nvidia-560.35.05/nvidia-uvm/uvm_lock_test.c
/usr/src/nvidia-560.35.05/nvidia-uvm/uvm_map_external.c
/usr/src/nvidia-560.35.05/nvidia-uvm/uvm_map_external.h
/usr/src/nvidia-560.35.05/nvidia-uvm/uvm_maxwell.c
/usr/src/nvidia-560.35.05/nvidia-uvm/uvm_maxwell_access_counter_buffer.c
/usr/src/nvidia-560.35.05/nvidia-uvm/uvm_maxwell_ce.c
/usr/src/nvidia-560.35.05/nvidia-uvm/uvm_maxwell_fault_buffer.c
/usr/src/nvidia-560.35.05/nvidia-uvm/uvm_maxwell_host.c
/usr/src/nvidia-560.35.05/nvidia-uvm/uvm_maxwell_mmu.c
/usr/src/nvidia-560.35.05/nvidia-uvm/uvm_maxwell_sec2.c
/usr/src/nvidia-560.35.05/nvidia-uvm/uvm_mem.c
/usr/src/nvidia-560.35.05/nvidia-uvm/uvm_mem.h
/usr/src/nvidia-560.35.05/nvidia-uvm/uvm_mem_test.c
/usr/src/nvidia-560.35.05/nvidia-uvm/uvm_migrate.c
/usr/src/nvidia-560.35.05/nvidia-uvm/uvm_migrate.h
/usr/src/nvidia-560.35.05/nvidia-uvm/uvm_migrate_pageable.c
/usr/src/nvidia-560.35.05/nvidia-uvm/uvm_migrate_pageable.h
/usr/src/nvidia-560.35.05/nvidia-uvm/uvm_mmu.c
/usr/src/nvidia-560.35.05/nvidia-uvm/uvm_mmu.h
/usr/src/nvidia-560.35.05/nvidia-uvm/uvm_page_tree_test.c
/usr/src/nvidia-560.35.05/nvidia-uvm/uvm_pascal.c
/usr/src/nvidia-560.35.05/nvidia-uvm/uvm_pascal_ce.c
/usr/src/nvidia-560.35.05/nvidia-uvm/uvm_pascal_fault_buffer.c
/usr/src/nvidia-560.35.05/nvidia-uvm/uvm_pascal_fault_buffer.h
/usr/src/nvidia-560.35.05/nvidia-uvm/uvm_pascal_host.c
/usr/src/nvidia-560.35.05/nvidia-uvm/uvm_pascal_mmu.c
/usr/src/nvidia-560.35.05/nvidia-uvm/uvm_peer_identity_mappings_test.c
/usr/src/nvidia-560.35.05/nvidia-uvm/uvm_perf_events.c
/usr/src/nvidia-560.35.05/nvidia-uvm/uvm_perf_events.h
/usr/src/nvidia-560.35.05/nvidia-uvm/uvm_perf_events_test.c
/usr/src/nvidia-560.35.05/nvidia-uvm/uvm_perf_heuristics.c
/usr/src/nvidia-560.35.05/nvidia-uvm/uvm_perf_heuristics.h
/usr/src/nvidia-560.35.05/nvidia-uvm/uvm_perf_module.c
/usr/src/nvidia-560.35.05/nvidia-uvm/uvm_perf_module.h
/usr/src/nvidia-560.35.05/nvidia-uvm/uvm_perf_module_test.c
/usr/src/nvidia-560.35.05/nvidia-uvm/uvm_perf_prefetch.c
/usr/src/nvidia-560.35.05/nvidia-uvm/uvm_perf_prefetch.h
/usr/src/nvidia-560.35.05/nvidia-uvm/uvm_perf_thrashing.c
/usr/src/nvidia-560.35.05/nvidia-uvm/uvm_perf_thrashing.h
/usr/src/nvidia-560.35.05/nvidia-uvm/uvm_perf_utils.c
/usr/src/nvidia-560.35.05/nvidia-uvm/uvm_perf_utils.h
/usr/src/nvidia-560.35.05/nvidia-uvm/uvm_perf_utils_test.c
/usr/src/nvidia-560.35.05/nvidia-uvm/uvm_pmm_gpu.c
/usr/src/nvidia-560.35.05/nvidia-uvm/uvm_pmm_gpu.h
/usr/src/nvidia-560.35.05/nvidia-uvm/uvm_pmm_sysmem.c
/usr/src/nvidia-560.35.05/nvidia-uvm/uvm_pmm_sysmem.h
/usr/src/nvidia-560.35.05/nvidia-uvm/uvm_pmm_sysmem_test.c
/usr/src/nvidia-560.35.05/nvidia-uvm/uvm_pmm_test.c
/usr/src/nvidia-560.35.05/nvidia-uvm/uvm_policy.c
/usr/src/nvidia-560.35.05/nvidia-uvm/uvm_populate_pageable.c
/usr/src/nvidia-560.35.05/nvidia-uvm/uvm_populate_pageable.h
/usr/src/nvidia-560.35.05/nvidia-uvm/uvm_processors.c
/usr/src/nvidia-560.35.05/nvidia-uvm/uvm_processors.h
/usr/src/nvidia-560.35.05/nvidia-uvm/uvm_procfs.c
/usr/src/nvidia-560.35.05/nvidia-uvm/uvm_procfs.h
/usr/src/nvidia-560.35.05/nvidia-uvm/uvm_pte_batch.c
/usr/src/nvidia-560.35.05/nvidia-uvm/uvm_pte_batch.h
/usr/src/nvidia-560.35.05/nvidia-uvm/uvm_push.c
/usr/src/nvidia-560.35.05/nvidia-uvm/uvm_push.h
/usr/src/nvidia-560.35.05/nvidia-uvm/uvm_push_macros.h
/usr/src/nvidia-560.35.05/nvidia-uvm/uvm_push_test.c
/usr/src/nvidia-560.35.05/nvidia-uvm/uvm_pushbuffer.c
/usr/src/nvidia-560.35.05/nvidia-uvm/uvm_pushbuffer.h
/usr/src/nvidia-560.35.05/nvidia-uvm/uvm_range_allocator.c
/usr/src/nvidia-560.35.05/nvidia-uvm/uvm_range_allocator.h
/usr/src/nvidia-560.35.05/nvidia-uvm/uvm_range_allocator_test.c
/usr/src/nvidia-560.35.05/nvidia-uvm/uvm_range_group.c
/usr/src/nvidia-560.35.05/nvidia-uvm/uvm_range_group.h
/usr/src/nvidia-560.35.05/nvidia-uvm/uvm_range_group_tree_test.c
/usr/src/nvidia-560.35.05/nvidia-uvm/uvm_range_tree.c
/usr/src/nvidia-560.35.05/nvidia-uvm/uvm_range_tree.h
/usr/src/nvidia-560.35.05/nvidia-uvm/uvm_range_tree_test.c
/usr/src/nvidia-560.35.05/nvidia-uvm/uvm_rb_tree.c
/usr/src/nvidia-560.35.05/nvidia-uvm/uvm_rb_tree.h
/usr/src/nvidia-560.35.05/nvidia-uvm/uvm_rb_tree_test.c
/usr/src/nvidia-560.35.05/nvidia-uvm/uvm_rm_mem.c
/usr/src/nvidia-560.35.05/nvidia-uvm/uvm_rm_mem.h
/usr/src/nvidia-560.35.05/nvidia-uvm/uvm_rm_mem_test.c
/usr/src/nvidia-560.35.05/nvidia-uvm/uvm_sec2_test.c
/usr/src/nvidia-560.35.05/nvidia-uvm/uvm_test.c
/usr/src/nvidia-560.35.05/nvidia-uvm/uvm_test.h
/usr/src/nvidia-560.35.05/nvidia-uvm/uvm_test_ioctl.h
/usr/src/nvidia-560.35.05/nvidia-uvm/uvm_test_rng.c
/usr/src/nvidia-560.35.05/nvidia-uvm/uvm_test_rng.h
/usr/src/nvidia-560.35.05/nvidia-uvm/uvm_thread_context.c
/usr/src/nvidia-560.35.05/nvidia-uvm/uvm_thread_context.h
/usr/src/nvidia-560.35.05/nvidia-uvm/uvm_thread_context_test.c
/usr/src/nvidia-560.35.05/nvidia-uvm/uvm_tlb_batch.c
/usr/src/nvidia-560.35.05/nvidia-uvm/uvm_tlb_batch.h
/usr/src/nvidia-560.35.05/nvidia-uvm/uvm_tools.c
/usr/src/nvidia-560.35.05/nvidia-uvm/uvm_tools.h
/usr/src/nvidia-560.35.05/nvidia-uvm/uvm_tools_init.h
/usr/src/nvidia-560.35.05/nvidia-uvm/uvm_tracker.c
/usr/src/nvidia-560.35.05/nvidia-uvm/uvm_tracker.h
/usr/src/nvidia-560.35.05/nvidia-uvm/uvm_tracker_test.c
/usr/src/nvidia-560.35.05/nvidia-uvm/uvm_turing.c
/usr/src/nvidia-560.35.05/nvidia-uvm/uvm_turing_access_counter_buffer.c
/usr/src/nvidia-560.35.05/nvidia-uvm/uvm_turing_fault_buffer.c
/usr/src/nvidia-560.35.05/nvidia-uvm/uvm_turing_fault_buffer.h
/usr/src/nvidia-560.35.05/nvidia-uvm/uvm_turing_host.c
/usr/src/nvidia-560.35.05/nvidia-uvm/uvm_turing_mmu.c
/usr/src/nvidia-560.35.05/nvidia-uvm/uvm_types.h
/usr/src/nvidia-560.35.05/nvidia-uvm/uvm_unit_test.h
/usr/src/nvidia-560.35.05/nvidia-uvm/uvm_user_channel.c
/usr/src/nvidia-560.35.05/nvidia-uvm/uvm_user_channel.h
/usr/src/nvidia-560.35.05/nvidia-uvm/uvm_va_block.c
/usr/src/nvidia-560.35.05/nvidia-uvm/uvm_va_block.h
/usr/src/nvidia-560.35.05/nvidia-uvm/uvm_va_block_test.c
/usr/src/nvidia-560.35.05/nvidia-uvm/uvm_va_block_types.h
/usr/src/nvidia-560.35.05/nvidia-uvm/uvm_va_policy.c
/usr/src/nvidia-560.35.05/nvidia-uvm/uvm_va_policy.h
/usr/src/nvidia-560.35.05/nvidia-uvm/uvm_va_range.c
/usr/src/nvidia-560.35.05/nvidia-uvm/uvm_va_range.h
/usr/src/nvidia-560.35.05/nvidia-uvm/uvm_va_space.c
/usr/src/nvidia-560.35.05/nvidia-uvm/uvm_va_space.h
/usr/src/nvidia-560.35.05/nvidia-uvm/uvm_va_space_mm.c
/usr/src/nvidia-560.35.05/nvidia-uvm/uvm_va_space_mm.h
/usr/src/nvidia-560.35.05/nvidia-uvm/uvm_volta.c
/usr/src/nvidia-560.35.05/nvidia-uvm/uvm_volta_access_counter_buffer.c
/usr/src/nvidia-560.35.05/nvidia-uvm/uvm_volta_ce.c
/usr/src/nvidia-560.35.05/nvidia-uvm/uvm_volta_fault_buffer.c
/usr/src/nvidia-560.35.05/nvidia-uvm/uvm_volta_fault_buffer.h
/usr/src/nvidia-560.35.05/nvidia-uvm/uvm_volta_host.c
/usr/src/nvidia-560.35.05/nvidia-uvm/uvm_volta_mmu.c

dpkg -L nvidia-modprobe
/.
/usr
/usr/bin
/usr/bin/nvidia-modprobe
/usr/share
/usr/share/doc
/usr/share/doc/nvidia-modprobe
/usr/share/doc/nvidia-modprobe/changelog.Debian.gz
/usr/share/doc/nvidia-modprobe/copyright
/usr/share/man
/usr/share/man/man1
/usr/share/man/man1/nvidia-modprobe.1.gz

dpkg -L nvidia-prime
/.
/sbin
/sbin/get-quirk-options
/sbin/prime-offload
/sbin/prime-switch
/usr
/usr/bin
/usr/bin/prime-select
/usr/bin/prime-supported
/usr/lib
/usr/lib/ubiquity
/usr/lib/ubiquity/dm-scripts
/usr/lib/ubiquity/dm-scripts/oem
/usr/lib/ubiquity/dm-scripts/oem/00-prime-offload
/usr/share
/usr/share/doc
/usr/share/doc/nvidia-prime
/usr/share/doc/nvidia-prime/changelog.gz
/usr/share/doc/nvidia-prime/copyright
/usr/share/lightdm
/usr/share/lightdm/lightdm.conf.d
/usr/share/lightdm/lightdm.conf.d/90-nvidia.conf
/usr/share/nvidia-prime
/usr/share/nvidia-prime/prime-quirks

dpkg -L nvidia-settings
/.
/etc
/etc/xdg
/etc/xdg/autostart
/etc/xdg/autostart/nvidia-settings-autostart.desktop
/usr
/usr/bin
/usr/bin/nvidia-settings
/usr/lib
/usr/lib/x86_64-linux-gnu
/usr/lib/x86_64-linux-gnu/libnvidia-gtk3.so.595.58.03
/usr/lib/x86_64-linux-gnu/libnvidia-wayland-client.so.595.58.03
/usr/share
/usr/share/applications
/usr/share/applications/nvidia-settings.desktop
/usr/share/doc
/usr/share/doc/nvidia-settings
/usr/share/doc/nvidia-settings/copyright
/usr/share/man
/usr/share/man/man1
/usr/share/man/man1/nvidia-settings.1.gz
/usr/share/pixmaps
/usr/share/pixmaps/nvidia-settings.png
/usr/share/doc/nvidia-settings/changelog.Debian.gz

dpkg -L nvidia-utils-560
/.
/usr
/usr/bin
/usr/bin/nvidia-bug-report.sh
/usr/bin/nvidia-debugdump
/usr/bin/nvidia-smi
/usr/bin/nvidia-xconfig
/usr/share
/usr/share/doc
/usr/share/doc/nvidia-utils-560
/usr/share/doc/nvidia-utils-560/changelog.Debian.gz
/usr/share/doc/nvidia-utils-560/copyright
/usr/share/doc/nvidia-utils-560/nvidia-debugdump.html
/usr/share/doc/nvidia-utils-560/nvidia-smi.html
/usr/share/man
/usr/share/man/man1
/usr/share/man/man1/nvidia-smi.1.gz
/usr/share/man/man1/nvidia-xconfig.1.gz

dpkg -L xserver-xorg-video-nvidia-560
/.
/usr
/usr/lib
/usr/lib/x86_64-linux-gnu
/usr/lib/x86_64-linux-gnu/nvidia
/usr/lib/x86_64-linux-gnu/nvidia/xorg
/usr/lib/x86_64-linux-gnu/nvidia/xorg/nvidia_drv.so
/usr/share
/usr/share/X11
/usr/share/X11/xorg.conf.d
/usr/share/X11/xorg.conf.d/10-nvidia.conf
/usr/share/doc
/usr/share/doc/xserver-xorg-video-nvidia-560
/usr/share/doc/xserver-xorg-video-nvidia-560/changelog.Debian.gz
/usr/share/doc/xserver-xorg-video-nvidia-560/copyright

dpkg -L nvidia-driver-560
dpkg-query: package 'nvidia-driver-560' is not installed
Use dpkg --contents (= dpkg-deb --contents) to list archive files contents.

dpkg -L libnvidia-compute-560:i386
dpkg-query: package 'libnvidia-compute-560:i386' is not installed
Use dpkg --contents (= dpkg-deb --contents) to list archive files contents.

dpkg -L libnvidia-decode-560:i386
dpkg-query: package 'libnvidia-decode-560:i386' is not installed
Use dpkg --contents (= dpkg-deb --contents) to list archive files contents.

dpkg -L libnvidia-encode-560:i386
dpkg-query: package 'libnvidia-encode-560:i386' is not installed
Use dpkg --contents (= dpkg-deb --contents) to list archive files contents.

dpkg -L libnvidia-fbc1-560:i386
dpkg-query: package 'libnvidia-fbc1-560:i386' is not installed
Use dpkg --contents (= dpkg-deb --contents) to list archive files contents.

dpkg -L libnvidia-gl-560:i386
dpkg-query: package 'libnvidia-gl-560:i386' is not installed
Use dpkg --contents (= dpkg-deb --contents) to list archive files contents.

dpkg -L nvidia-open-560
/.
/usr
/usr/share
/usr/share/doc
/usr/share/doc/nvidia-open-560
/usr/share/doc/nvidia-open-560/changelog.Debian.gz

dpkg -L adwaita-icon-theme
/.
/usr
/usr/share
/usr/share/doc
/usr/share/doc/adwaita-icon-theme
/usr/share/doc/adwaita-icon-theme/AUTHORS
/usr/share/doc/adwaita-icon-theme/NEWS.gz
/usr/share/doc/adwaita-icon-theme/changelog.Debian.gz
/usr/share/doc/adwaita-icon-theme/copyright
/usr/share/icons
/usr/share/icons/Adwaita
/usr/share/icons/Adwaita/16x16
/usr/share/icons/Adwaita/16x16/actions
/usr/share/icons/Adwaita/16x16/actions/call-start-symbolic.symbolic.png
/usr/share/icons/Adwaita/16x16/actions/call-stop-symbolic.symbolic.png
/usr/share/icons/Adwaita/16x16/actions/document-send-symbolic.symbolic.png
/usr/share/icons/Adwaita/16x16/actions/edit-delete-symbolic.symbolic.png
/usr/share/icons/Adwaita/16x16/actions/edit-find-replace-symbolic.symbolic.png
/usr/share/icons/Adwaita/16x16/actions/edit-find-symbolic.symbolic.png
/usr/share/icons/Adwaita/16x16/actions/format-indent-less-symbolic.symbolic.png
/usr/share/icons/Adwaita/16x16/actions/format-indent-more-symbolic.symbolic.png
/usr/share/icons/Adwaita/16x16/actions/format-justify-center-symbolic.symbolic.png
/usr/share/icons/Adwaita/16x16/actions/format-justify-fill-symbolic.symbolic.png
/usr/share/icons/Adwaita/16x16/actions/format-justify-left-symbolic.symbolic.png
/usr/share/icons/Adwaita/16x16/actions/format-justify-right-symbolic.symbolic.png
/usr/share/icons/Adwaita/16x16/actions/format-text-bold-symbolic.symbolic.png
/usr/share/icons/Adwaita/16x16/actions/format-text-italic-symbolic.symbolic.png
/usr/share/icons/Adwaita/16x16/actions/format-text-strikethrough-symbolic.symbolic.png
/usr/share/icons/Adwaita/16x16/actions/format-text-underline-symbolic.symbolic.png
/usr/share/icons/Adwaita/16x16/actions/go-jump-symbolic.symbolic.png
/usr/share/icons/Adwaita/16x16/actions/insert-image-symbolic.symbolic.png
/usr/share/icons/Adwaita/16x16/actions/insert-link-symbolic.symbolic.png
/usr/share/icons/Adwaita/16x16/actions/media-playback-pause-symbolic.symbolic.png
/usr/share/icons/Adwaita/16x16/actions/media-playback-start-symbolic.symbolic.png
/usr/share/icons/Adwaita/16x16/actions/media-playback-stop-symbolic.symbolic.png
/usr/share/icons/Adwaita/16x16/actions/open-menu-symbolic.symbolic.png
/usr/share/icons/Adwaita/16x16/actions/system-search-symbolic.symbolic.png
/usr/share/icons/Adwaita/16x16/actions/tools-check-spelling-symbolic.symbolic.png
/usr/share/icons/Adwaita/16x16/actions/view-sort-ascending-symbolic.symbolic.png
/usr/share/icons/Adwaita/16x16/actions/view-sort-descending-symbolic.symbolic.png
/usr/share/icons/Adwaita/16x16/actions/zoom-fit-best-symbolic.symbolic.png
/usr/share/icons/Adwaita/16x16/actions/zoom-in-symbolic.symbolic.png
/usr/share/icons/Adwaita/16x16/actions/zoom-original-symbolic.symbolic.png
/usr/share/icons/Adwaita/16x16/actions/zoom-out-symbolic.symbolic.png
/usr/share/icons/Adwaita/16x16/apps
/usr/share/icons/Adwaita/16x16/apps/accessories-character-map-symbolic.symbolic.png
/usr/share/icons/Adwaita/16x16/apps/help-faq-symbolic.symbolic.png
/usr/share/icons/Adwaita/16x16/apps/multimedia-volume-control-symbolic.symbolic.png
/usr/share/icons/Adwaita/16x16/apps/preferences-desktop-font-symbolic.symbolic.png
/usr/share/icons/Adwaita/16x16/apps/preferences-system-notifications-symbolic.symbolic.png
/usr/share/icons/Adwaita/16x16/apps/preferences-system-privacy-symbolic.symbolic.png
/usr/share/icons/Adwaita/16x16/apps/preferences-system-search-symbolic.symbolic.png
/usr/share/icons/Adwaita/16x16/apps/preferences-system-sharing-symbolic.symbolic.png
/usr/share/icons/Adwaita/16x16/apps/system-file-manager-symbolic.symbolic.png
/usr/share/icons/Adwaita/16x16/devices
/usr/share/icons/Adwaita/16x16/devices/ac-adapter-symbolic.symbolic.png
/usr/share/icons/Adwaita/16x16/devices/audio-headphones-symbolic.symbolic.png
/usr/share/icons/Adwaita/16x16/devices/audio-headphones.png
/usr/share/icons/Adwaita/16x16/devices/audio-headset-symbolic.symbolic.png
/usr/share/icons/Adwaita/16x16/devices/audio-headset.png
/usr/share/icons/Adwaita/16x16/devices/audio-speakers-symbolic.symbolic.png
/usr/share/icons/Adwaita/16x16/devices/computer-symbolic.symbolic.png
/usr/share/icons/Adwaita/16x16/devices/computer.png
/usr/share/icons/Adwaita/16x16/devices/drive-multidisk-symbolic.symbolic.png
/usr/share/icons/Adwaita/16x16/devices/input-dialpad-symbolic.symbolic.png
/usr/share/icons/Adwaita/16x16/devices/input-tablet-symbolic.symbolic.png
/usr/share/icons/Adwaita/16x16/devices/media-removable-symbolic.symbolic.png
/usr/share/icons/Adwaita/16x16/devices/media-removable.png
/usr/share/icons/Adwaita/16x16/devices/modem-symbolic.symbolic.png
/usr/share/icons/Adwaita/16x16/devices/printer-network-symbolic.symbolic.png
/usr/share/icons/Adwaita/16x16/devices/printer-network.png
/usr/share/icons/Adwaita/16x16/devices/scanner-symbolic.symbolic.png
/usr/share/icons/Adwaita/16x16/emblems
/usr/share/icons/Adwaita/16x16/emblems/emblem-default-symbolic.symbolic.png
/usr/share/icons/Adwaita/16x16/emblems/emblem-readonly.png
/usr/share/icons/Adwaita/16x16/emblems/emblem-unreadable.png
/usr/share/icons/Adwaita/16x16/emotes
/usr/share/icons/Adwaita/16x16/emotes/face-angel-symbolic.symbolic.png
/usr/share/icons/Adwaita/16x16/emotes/face-angry-symbolic.symbolic.png
/usr/share/icons/Adwaita/16x16/emotes/face-cool-symbolic.symbolic.png
/usr/share/icons/Adwaita/16x16/emotes/face-crying-symbolic.symbolic.png
/usr/share/icons/Adwaita/16x16/emotes/face-devilish-symbolic.symbolic.png
/usr/share/icons/Adwaita/16x16/emotes/face-embarrassed-symbolic.symbolic.png
/usr/share/icons/Adwaita/16x16/emotes/face-glasses-symbolic.symbolic.png
/usr/share/icons/Adwaita/16x16/emotes/face-kiss-symbolic.symbolic.png
/usr/share/icons/Adwaita/16x16/emotes/face-laugh-symbolic.symbolic.png
/usr/share/icons/Adwaita/16x16/emotes/face-monkey-symbolic.symbolic.png
/usr/share/icons/Adwaita/16x16/emotes/face-plain-symbolic.symbolic.png
/usr/share/icons/Adwaita/16x16/emotes/face-raspberry-symbolic.symbolic.png
/usr/share/icons/Adwaita/16x16/emotes/face-sad-symbolic.symbolic.png
/usr/share/icons/Adwaita/16x16/emotes/face-sick-symbolic.symbolic.png
/usr/share/icons/Adwaita/16x16/emotes/face-smile-big-symbolic.symbolic.png
/usr/share/icons/Adwaita/16x16/emotes/face-smile-symbolic.symbolic.png
/usr/share/icons/Adwaita/16x16/emotes/face-smirk-symbolic.symbolic.png
/usr/share/icons/Adwaita/16x16/emotes/face-surprise-symbolic.symbolic.png
/usr/share/icons/Adwaita/16x16/emotes/face-tired-symbolic.symbolic.png
/usr/share/icons/Adwaita/16x16/emotes/face-uncertain-symbolic.symbolic.png
/usr/share/icons/Adwaita/16x16/emotes/face-wink-symbolic.symbolic.png
/usr/share/icons/Adwaita/16x16/emotes/face-worried-symbolic.symbolic.png
/usr/share/icons/Adwaita/16x16/legacy
/usr/share/icons/Adwaita/16x16/legacy/ac-adapter.png
/usr/share/icons/Adwaita/16x16/legacy/accessories-character-map.png
/usr/share/icons/Adwaita/16x16/legacy/appointment-missed.png
/usr/share/icons/Adwaita/16x16/legacy/appointment-soon.png
/usr/share/icons/Adwaita/16x16/legacy/audio-speakers.png
/usr/share/icons/Adwaita/16x16/legacy/battery-caution-charging-symbolic.symbolic.png
/usr/share/icons/Adwaita/16x16/legacy/battery-caution-charging.png
/usr/share/icons/Adwaita/16x16/legacy/battery-empty-symbolic.symbolic.png
/usr/share/icons/Adwaita/16x16/legacy/battery-empty.png
/usr/share/icons/Adwaita/16x16/legacy/battery-full-charged-symbolic.symbolic.png
/usr/share/icons/Adwaita/16x16/legacy/battery-full-charged.png
/usr/share/icons/Adwaita/16x16/legacy/battery-full-charging-symbolic.symbolic.png
/usr/share/icons/Adwaita/16x16/legacy/battery-full-charging.png
/usr/share/icons/Adwaita/16x16/legacy/battery-full-symbolic.symbolic.png
/usr/share/icons/Adwaita/16x16/legacy/battery-full.png
/usr/share/icons/Adwaita/16x16/legacy/battery-good-charging-symbolic.symbolic.png
/usr/share/icons/Adwaita/16x16/legacy/battery-good-charging.png
/usr/share/icons/Adwaita/16x16/legacy/battery-good-symbolic.symbolic.png
/usr/share/icons/Adwaita/16x16/legacy/battery-good.png
/usr/share/icons/Adwaita/16x16/legacy/battery-low-charging-symbolic.symbolic.png
/usr/share/icons/Adwaita/16x16/legacy/battery-low-charging.png
/usr/share/icons/Adwaita/16x16/legacy/battery-missing.png
/usr/share/icons/Adwaita/16x16/legacy/call-start.png
/usr/share/icons/Adwaita/16x16/legacy/call-stop.png
/usr/share/icons/Adwaita/16x16/legacy/changes-allow.png
/usr/share/icons/Adwaita/16x16/legacy/changes-prevent.png
/usr/share/icons/Adwaita/16x16/legacy/computer-fail.png
/usr/share/icons/Adwaita/16x16/legacy/computer.png
/usr/share/icons/Adwaita/16x16/legacy/document-send.png
/usr/share/icons/Adwaita/16x16/legacy/drive-multidisk.png
/usr/share/icons/Adwaita/16x16/legacy/edit-delete.png
/usr/share/icons/Adwaita/16x16/legacy/edit-find-replace.png
/usr/share/icons/Adwaita/16x16/legacy/edit-find.png
/usr/share/icons/Adwaita/16x16/legacy/emblem-default.png
/usr/share/icons/Adwaita/16x16/legacy/emblem-downloads.png
/usr/share/icons/Adwaita/16x16/legacy/emblem-mail.png
/usr/share/icons/Adwaita/16x16/legacy/emblem-web.png
/usr/share/icons/Adwaita/16x16/legacy/face-angel.png
/usr/share/icons/Adwaita/16x16/legacy/face-angry.png
/usr/share/icons/Adwaita/16x16/legacy/face-cool.png
/usr/share/icons/Adwaita/16x16/legacy/face-crying.png
/usr/share/icons/Adwaita/16x16/legacy/face-devilish.png
/usr/share/icons/Adwaita/16x16/legacy/face-embarrassed.png
/usr/share/icons/Adwaita/16x16/legacy/face-glasses.png
/usr/share/icons/Adwaita/16x16/legacy/face-kiss.png
/usr/share/icons/Adwaita/16x16/legacy/face-laugh.png
/usr/share/icons/Adwaita/16x16/legacy/face-monkey.png
/usr/share/icons/Adwaita/16x16/legacy/face-plain.png
/usr/share/icons/Adwaita/16x16/legacy/face-raspberry.png
/usr/share/icons/Adwaita/16x16/legacy/face-sad.png
/usr/share/icons/Adwaita/16x16/legacy/face-sick.png
/usr/share/icons/Adwaita/16x16/legacy/face-smile-big.png
/usr/share/icons/Adwaita/16x16/legacy/face-smile.png
/usr/share/icons/Adwaita/16x16/legacy/face-smirk.png
/usr/share/icons/Adwaita/16x16/legacy/face-surprise.png
/usr/share/icons/Adwaita/16x16/legacy/face-tired.png
/usr/share/icons/Adwaita/16x16/legacy/face-uncertain.png
/usr/share/icons/Adwaita/16x16/legacy/face-wink.png
/usr/share/icons/Adwaita/16x16/legacy/face-worried.png
/usr/share/icons/Adwaita/16x16/legacy/format-indent-less-rtl.png
/usr/share/icons/Adwaita/16x16/legacy/format-indent-less.png
/usr/share/icons/Adwaita/16x16/legacy/format-indent-more-rtl.png
/usr/share/icons/Adwaita/16x16/legacy/format-indent-more.png
/usr/share/icons/Adwaita/16x16/legacy/format-justify-center.png
/usr/share/icons/Adwaita/16x16/legacy/format-justify-fill.png
/usr/share/icons/Adwaita/16x16/legacy/format-justify-left.png
/usr/share/icons/Adwaita/16x16/legacy/format-justify-right.png
/usr/share/icons/Adwaita/16x16/legacy/format-text-bold.png
/usr/share/icons/Adwaita/16x16/legacy/format-text-italic.png
/usr/share/icons/Adwaita/16x16/legacy/format-text-strikethrough.png
/usr/share/icons/Adwaita/16x16/legacy/format-text-underline.png
/usr/share/icons/Adwaita/16x16/legacy/go-jump.png
/usr/share/icons/Adwaita/16x16/legacy/help-faq.png
/usr/share/icons/Adwaita/16x16/legacy/input-dialpad.png
/usr/share/icons/Adwaita/16x16/legacy/input-tablet.png
/usr/share/icons/Adwaita/16x16/legacy/insert-image.png
/usr/share/icons/Adwaita/16x16/legacy/insert-link.png
/usr/share/icons/Adwaita/16x16/legacy/mail-attachment.png
/usr/share/icons/Adwaita/16x16/legacy/media-playback-pause.png
/usr/share/icons/Adwaita/16x16/legacy/media-playback-start.png
/usr/share/icons/Adwaita/16x16/legacy/media-playback-stop.png
/usr/share/icons/Adwaita/16x16/legacy/modem.png
/usr/share/icons/Adwaita/16x16/legacy/multimedia-volume-control.png
/usr/share/icons/Adwaita/16x16/legacy/network-vpn.png
/usr/share/icons/Adwaita/16x16/legacy/network-wired-disconnected.png
/usr/share/icons/Adwaita/16x16/legacy/non-starred.png
/usr/share/icons/Adwaita/16x16/legacy/preferences-desktop-font.png
/usr/share/icons/Adwaita/16x16/legacy/preferences-system-notifications.png
/usr/share/icons/Adwaita/16x16/legacy/preferences-system-privacy.png
/usr/share/icons/Adwaita/16x16/legacy/preferences-system-search.png
/usr/share/icons/Adwaita/16x16/legacy/preferences-system-sharing.png
/usr/share/icons/Adwaita/16x16/legacy/scanner.png
/usr/share/icons/Adwaita/16x16/legacy/security-high.png
/usr/share/icons/Adwaita/16x16/legacy/security-low.png
/usr/share/icons/Adwaita/16x16/legacy/security-medium.png
/usr/share/icons/Adwaita/16x16/legacy/software-update-available.png
/usr/share/icons/Adwaita/16x16/legacy/software-update-urgent.png
/usr/share/icons/Adwaita/16x16/legacy/starred.png
/usr/share/icons/Adwaita/16x16/legacy/system-file-manager.png
/usr/share/icons/Adwaita/16x16/legacy/system-search.png
/usr/share/icons/Adwaita/16x16/legacy/tools-check-spelling.png
/usr/share/icons/Adwaita/16x16/legacy/trophy-bronze.png
/usr/share/icons/Adwaita/16x16/legacy/trophy-gold.png
/usr/share/icons/Adwaita/16x16/legacy/trophy-silver.png
/usr/share/icons/Adwaita/16x16/legacy/view-sort-ascending.png
/usr/share/icons/Adwaita/16x16/legacy/view-sort-descending.png
/usr/share/icons/Adwaita/16x16/legacy/window-close.png
/usr/share/icons/Adwaita/16x16/legacy/window-new.png
/usr/share/icons/Adwaita/16x16/legacy/zoom-fit-best.png
/usr/share/icons/Adwaita/16x16/legacy/zoom-in.png
/usr/share/icons/Adwaita/16x16/legacy/zoom-original.png
/usr/share/icons/Adwaita/16x16/legacy/zoom-out.png
/usr/share/icons/Adwaita/16x16/mimetypes
/usr/share/icons/Adwaita/16x16/mimetypes/application-certificate-symbolic.symbolic.png
/usr/share/icons/Adwaita/16x16/mimetypes/application-certificate.png
/usr/share/icons/Adwaita/16x16/mimetypes/application-x-executable-symbolic.symbolic.png
/usr/share/icons/Adwaita/16x16/mimetypes/application-x-executable.png
/usr/share/icons/Adwaita/16x16/mimetypes/application-x-generic.png
/usr/share/icons/Adwaita/16x16/mimetypes/text-x-preview.png
/usr/share/icons/Adwaita/16x16/mimetypes/x-office-presentation-symbolic.symbolic.png
/usr/share/icons/Adwaita/16x16/mimetypes/x-office-presentation.png
/usr/share/icons/Adwaita/16x16/status
/usr/share/icons/Adwaita/16x16/status/appointment-missed-symbolic.symbolic.png
/usr/share/icons/Adwaita/16x16/status/appointment-soon-symbolic.symbolic.png
/usr/share/icons/Adwaita/16x16/status/avatar-default-symbolic.symbolic.png
/usr/share/icons/Adwaita/16x16/status/avatar-default.png
/usr/share/icons/Adwaita/16x16/status/battery-missing-symbolic.symbolic.png
/usr/share/icons/Adwaita/16x16/status/changes-allow-symbolic.symbolic.png
/usr/share/icons/Adwaita/16x16/status/changes-prevent-symbolic.symbolic.png
/usr/share/icons/Adwaita/16x16/status/computer-fail-symbolic.symbolic.png
/usr/share/icons/Adwaita/16x16/status/mail-attachment-symbolic.symbolic.png
/usr/share/icons/Adwaita/16x16/status/network-vpn-symbolic.symbolic.png
/usr/share/icons/Adwaita/16x16/status/network-wired-disconnected-symbolic.symbolic.png
/usr/share/icons/Adwaita/16x16/status/non-starred-symbolic.symbolic.png
/usr/share/icons/Adwaita/16x16/status/security-high-symbolic.symbolic.png
/usr/share/icons/Adwaita/16x16/status/security-low-symbolic.symbolic.png
/usr/share/icons/Adwaita/16x16/status/security-medium-symbolic.symbolic.png
/usr/share/icons/Adwaita/16x16/status/software-update-available-symbolic.symbolic.png
/usr/share/icons/Adwaita/16x16/status/software-update-urgent-symbolic.symbolic.png
/usr/share/icons/Adwaita/16x16/status/starred-symbolic.symbolic.png
/usr/share/icons/Adwaita/16x16/ui
/usr/share/icons/Adwaita/16x16/ui/pan-down-symbolic.symbolic.png
/usr/share/icons/Adwaita/16x16/ui/pan-end-symbolic.symbolic.png
/usr/share/icons/Adwaita/16x16/ui/pan-start-symbolic.symbolic.png
/usr/share/icons/Adwaita/16x16/ui/pan-up-symbolic.symbolic.png
/usr/share/icons/Adwaita/16x16/ui/window-close-symbolic.symbolic.png
/usr/share/icons/Adwaita/16x16/ui/window-maximize-symbolic.symbolic.png
/usr/share/icons/Adwaita/16x16/ui/window-minimize-symbolic.symbolic.png
/usr/share/icons/Adwaita/16x16/ui/window-new-symbolic.symbolic.png
/usr/share/icons/Adwaita/16x16/ui/window-restore-symbolic.symbolic.png
/usr/share/icons/Adwaita/22x22
/usr/share/icons/Adwaita/22x22/devices
/usr/share/icons/Adwaita/22x22/devices/audio-headphones.png
/usr/share/icons/Adwaita/22x22/devices/audio-headset.png
/usr/share/icons/Adwaita/22x22/devices/computer.png
/usr/share/icons/Adwaita/22x22/devices/media-removable.png
/usr/share/icons/Adwaita/22x22/devices/printer-network.png
/usr/share/icons/Adwaita/22x22/emblems
/usr/share/icons/Adwaita/22x22/emblems/emblem-readonly.png
/usr/share/icons/Adwaita/22x22/emblems/emblem-unreadable.png
/usr/share/icons/Adwaita/22x22/legacy
/usr/share/icons/Adwaita/22x22/legacy/ac-adapter.png
/usr/share/icons/Adwaita/22x22/legacy/accessories-character-map.png
/usr/share/icons/Adwaita/22x22/legacy/appointment-missed.png
/usr/share/icons/Adwaita/22x22/legacy/appointment-soon.png
/usr/share/icons/Adwaita/22x22/legacy/audio-speakers.png
/usr/share/icons/Adwaita/22x22/legacy/battery-caution-charging.png
/usr/share/icons/Adwaita/22x22/legacy/battery-empty.png
/usr/share/icons/Adwaita/22x22/legacy/battery-full-charged.png
/usr/share/icons/Adwaita/22x22/legacy/battery-full-charging.png
/usr/share/icons/Adwaita/22x22/legacy/battery-full.png
/usr/share/icons/Adwaita/22x22/legacy/battery-good-charging.png
/usr/share/icons/Adwaita/22x22/legacy/battery-good.png
/usr/share/icons/Adwaita/22x22/legacy/battery-low-charging.png
/usr/share/icons/Adwaita/22x22/legacy/battery-missing.png
/usr/share/icons/Adwaita/22x22/legacy/call-start.png
/usr/share/icons/Adwaita/22x22/legacy/call-stop.png
/usr/share/icons/Adwaita/22x22/legacy/changes-allow.png
/usr/share/icons/Adwaita/22x22/legacy/changes-prevent.png
/usr/share/icons/Adwaita/22x22/legacy/computer-fail.png
/usr/share/icons/Adwaita/22x22/legacy/computer.png
/usr/share/icons/Adwaita/22x22/legacy/document-send.png
/usr/share/icons/Adwaita/22x22/legacy/drive-multidisk.png
/usr/share/icons/Adwaita/22x22/legacy/edit-delete.png
/usr/share/icons/Adwaita/22x22/legacy/edit-find-replace.png
/usr/share/icons/Adwaita/22x22/legacy/edit-find.png
/usr/share/icons/Adwaita/22x22/legacy/emblem-default.png
/usr/share/icons/Adwaita/22x22/legacy/emblem-downloads.png
/usr/share/icons/Adwaita/22x22/legacy/emblem-mail.png
/usr/share/icons/Adwaita/22x22/legacy/emblem-web.png
/usr/share/icons/Adwaita/22x22/legacy/face-angel.png
/usr/share/icons/Adwaita/22x22/legacy/face-angry.png
/usr/share/icons/Adwaita/22x22/legacy/face-cool.png
/usr/share/icons/Adwaita/22x22/legacy/face-crying.png
/usr/share/icons/Adwaita/22x22/legacy/face-devilish.png
/usr/share/icons/Adwaita/22x22/legacy/face-embarrassed.png
/usr/share/icons/Adwaita/22x22/legacy/face-glasses.png
/usr/share/icons/Adwaita/22x22/legacy/face-kiss.png
/usr/share/icons/Adwaita/22x22/legacy/face-laugh.png
/usr/share/icons/Adwaita/22x22/legacy/face-monkey.png
/usr/share/icons/Adwaita/22x22/legacy/face-plain.png
/usr/share/icons/Adwaita/22x22/legacy/face-raspberry.png
/usr/share/icons/Adwaita/22x22/legacy/face-sad.png
/usr/share/icons/Adwaita/22x22/legacy/face-sick.png
/usr/share/icons/Adwaita/22x22/legacy/face-smile-big.png
/usr/share/icons/Adwaita/22x22/legacy/face-smile.png
/usr/share/icons/Adwaita/22x22/legacy/face-smirk.png
/usr/share/icons/Adwaita/22x22/legacy/face-surprise.png
/usr/share/icons/Adwaita/22x22/legacy/face-tired.png
/usr/share/icons/Adwaita/22x22/legacy/face-uncertain.png
/usr/share/icons/Adwaita/22x22/legacy/face-wink.png
/usr/share/icons/Adwaita/22x22/legacy/face-worried.png
/usr/share/icons/Adwaita/22x22/legacy/format-indent-less-rtl.png
/usr/share/icons/Adwaita/22x22/legacy/format-indent-less.png
/usr/share/icons/Adwaita/22x22/legacy/format-indent-more-rtl.png
/usr/share/icons/Adwaita/22x22/legacy/format-indent-more.png
/usr/share/icons/Adwaita/22x22/legacy/format-justify-center.png
/usr/share/icons/Adwaita/22x22/legacy/format-justify-fill.png
/usr/share/icons/Adwaita/22x22/legacy/format-justify-left.png
/usr/share/icons/Adwaita/22x22/legacy/format-justify-right.png
/usr/share/icons/Adwaita/22x22/legacy/format-text-bold.png
/usr/share/icons/Adwaita/22x22/legacy/format-text-italic.png
/usr/share/icons/Adwaita/22x22/legacy/format-text-strikethrough.png
/usr/share/icons/Adwaita/22x22/legacy/format-text-underline.png
/usr/share/icons/Adwaita/22x22/legacy/go-jump.png
/usr/share/icons/Adwaita/22x22/legacy/help-faq.png
/usr/share/icons/Adwaita/22x22/legacy/input-dialpad.png
/usr/share/icons/Adwaita/22x22/legacy/input-tablet.png
/usr/share/icons/Adwaita/22x22/legacy/insert-image.png
/usr/share/icons/Adwaita/22x22/legacy/insert-link.png
/usr/share/icons/Adwaita/22x22/legacy/mail-attachment.png
/usr/share/icons/Adwaita/22x22/legacy/media-playback-pause.png
/usr/share/icons/Adwaita/22x22/legacy/media-playback-start.png
/usr/share/icons/Adwaita/22x22/legacy/media-playback-stop.png
/usr/share/icons/Adwaita/22x22/legacy/modem.png
/usr/share/icons/Adwaita/22x22/legacy/multimedia-volume-control.png
/usr/share/icons/Adwaita/22x22/legacy/network-vpn.png
/usr/share/icons/Adwaita/22x22/legacy/network-wired-disconnected.png
/usr/share/icons/Adwaita/22x22/legacy/non-starred.png
/usr/share/icons/Adwaita/22x22/legacy/preferences-desktop-font.png
/usr/share/icons/Adwaita/22x22/legacy/preferences-system-notifications.png
/usr/share/icons/Adwaita/22x22/legacy/preferences-system-privacy.png
/usr/share/icons/Adwaita/22x22/legacy/preferences-system-search.png
/usr/share/icons/Adwaita/22x22/legacy/preferences-system-sharing.png
/usr/share/icons/Adwaita/22x22/legacy/scanner.png
/usr/share/icons/Adwaita/22x22/legacy/security-high.png
/usr/share/icons/Adwaita/22x22/legacy/security-low.png
/usr/share/icons/Adwaita/22x22/legacy/security-medium.png
/usr/share/icons/Adwaita/22x22/legacy/software-update-available.png
/usr/share/icons/Adwaita/22x22/legacy/software-update-urgent.png
/usr/share/icons/Adwaita/22x22/legacy/starred.png
/usr/share/icons/Adwaita/22x22/legacy/system-file-manager.png
/usr/share/icons/Adwaita/22x22/legacy/system-search.png
/usr/share/icons/Adwaita/22x22/legacy/tools-check-spelling.png
/usr/share/icons/Adwaita/22x22/legacy/trophy-bronze.png
/usr/share/icons/Adwaita/22x22/legacy/trophy-gold.png
/usr/share/icons/Adwaita/22x22/legacy/trophy-silver.png
/usr/share/icons/Adwaita/22x22/legacy/view-sort-ascending.png
/usr/share/icons/Adwaita/22x22/legacy/view-sort-descending.png
/usr/share/icons/Adwaita/22x22/legacy/window-close.png
/usr/share/icons/Adwaita/22x22/legacy/window-new.png
/usr/share/icons/Adwaita/22x22/legacy/zoom-fit-best.png
/usr/share/icons/Adwaita/22x22/legacy/zoom-in.png
/usr/share/icons/Adwaita/22x22/legacy/zoom-original.png
/usr/share/icons/Adwaita/22x22/legacy/zoom-out.png
/usr/share/icons/Adwaita/22x22/mimetypes
/usr/share/icons/Adwaita/22x22/mimetypes/application-certificate.png
/usr/share/icons/Adwaita/22x22/mimetypes/application-x-executable.png
/usr/share/icons/Adwaita/22x22/mimetypes/application-x-generic.png
/usr/share/icons/Adwaita/22x22/mimetypes/text-x-preview.png
/usr/share/icons/Adwaita/22x22/mimetypes/x-office-presentation.png
/usr/share/icons/Adwaita/22x22/status
/usr/share/icons/Adwaita/22x22/status/avatar-default.png
/usr/share/icons/Adwaita/24x24
/usr/share/icons/Adwaita/24x24/actions
/usr/share/icons/Adwaita/24x24/actions/call-start-symbolic.symbolic.png
/usr/share/icons/Adwaita/24x24/actions/call-stop-symbolic.symbolic.png
/usr/share/icons/Adwaita/24x24/actions/document-send-symbolic.symbolic.png
/usr/share/icons/Adwaita/24x24/actions/edit-delete-symbolic.symbolic.png
/usr/share/icons/Adwaita/24x24/actions/edit-find-replace-symbolic.symbolic.png
/usr/share/icons/Adwaita/24x24/actions/edit-find-symbolic.symbolic.png
/usr/share/icons/Adwaita/24x24/actions/format-indent-less-symbolic.symbolic.png
/usr/share/icons/Adwaita/24x24/actions/format-indent-more-symbolic.symbolic.png
/usr/share/icons/Adwaita/24x24/actions/format-justify-center-symbolic.symbolic.png
/usr/share/icons/Adwaita/24x24/actions/format-justify-fill-symbolic.symbolic.png
/usr/share/icons/Adwaita/24x24/actions/format-justify-left-symbolic.symbolic.png
/usr/share/icons/Adwaita/24x24/actions/format-justify-right-symbolic.symbolic.png
/usr/share/icons/Adwaita/24x24/actions/format-text-bold-symbolic.symbolic.png
/usr/share/icons/Adwaita/24x24/actions/format-text-italic-symbolic.symbolic.png
/usr/share/icons/Adwaita/24x24/actions/format-text-strikethrough-symbolic.symbolic.png
/usr/share/icons/Adwaita/24x24/actions/format-text-underline-symbolic.symbolic.png
/usr/share/icons/Adwaita/24x24/actions/go-jump-symbolic.symbolic.png
/usr/share/icons/Adwaita/24x24/actions/insert-image-symbolic.symbolic.png
/usr/share/icons/Adwaita/24x24/actions/insert-link-symbolic.symbolic.png
/usr/share/icons/Adwaita/24x24/actions/media-playback-pause-symbolic.symbolic.png
/usr/share/icons/Adwaita/24x24/actions/media-playback-start-symbolic.symbolic.png
/usr/share/icons/Adwaita/24x24/actions/media-playback-stop-symbolic.symbolic.png
/usr/share/icons/Adwaita/24x24/actions/open-menu-symbolic.symbolic.png
/usr/share/icons/Adwaita/24x24/actions/system-search-symbolic.symbolic.png
/usr/share/icons/Adwaita/24x24/actions/tools-check-spelling-symbolic.symbolic.png
/usr/share/icons/Adwaita/24x24/actions/view-sort-ascending-symbolic.symbolic.png
/usr/share/icons/Adwaita/24x24/actions/view-sort-descending-symbolic.symbolic.png
/usr/share/icons/Adwaita/24x24/actions/zoom-fit-best-symbolic.symbolic.png
/usr/share/icons/Adwaita/24x24/actions/zoom-in-symbolic.symbolic.png
/usr/share/icons/Adwaita/24x24/actions/zoom-original-symbolic.symbolic.png
/usr/share/icons/Adwaita/24x24/actions/zoom-out-symbolic.symbolic.png
/usr/share/icons/Adwaita/24x24/apps
/usr/share/icons/Adwaita/24x24/apps/accessories-character-map-symbolic.symbolic.png
/usr/share/icons/Adwaita/24x24/apps/help-faq-symbolic.symbolic.png
/usr/share/icons/Adwaita/24x24/apps/multimedia-volume-control-symbolic.symbolic.png
/usr/share/icons/Adwaita/24x24/apps/preferences-desktop-font-symbolic.symbolic.png
/usr/share/icons/Adwaita/24x24/apps/preferences-system-notifications-symbolic.symbolic.png
/usr/share/icons/Adwaita/24x24/apps/preferences-system-privacy-symbolic.symbolic.png
/usr/share/icons/Adwaita/24x24/apps/preferences-system-search-symbolic.symbolic.png
/usr/share/icons/Adwaita/24x24/apps/preferences-system-sharing-symbolic.symbolic.png
/usr/share/icons/Adwaita/24x24/apps/system-file-manager-symbolic.symbolic.png
/usr/share/icons/Adwaita/24x24/devices
/usr/share/icons/Adwaita/24x24/devices/ac-adapter-symbolic.symbolic.png
/usr/share/icons/Adwaita/24x24/devices/audio-headphones-symbolic.symbolic.png
/usr/share/icons/Adwaita/24x24/devices/audio-headphones.png
/usr/share/icons/Adwaita/24x24/devices/audio-headset-symbolic.symbolic.png
/usr/share/icons/Adwaita/24x24/devices/audio-headset.png
/usr/share/icons/Adwaita/24x24/devices/audio-speakers-symbolic.symbolic.png
/usr/share/icons/Adwaita/24x24/devices/computer-symbolic.symbolic.png
/usr/share/icons/Adwaita/24x24/devices/computer.png
/usr/share/icons/Adwaita/24x24/devices/drive-multidisk-symbolic.symbolic.png
/usr/share/icons/Adwaita/24x24/devices/input-dialpad-symbolic.symbolic.png
/usr/share/icons/Adwaita/24x24/devices/input-tablet-symbolic.symbolic.png
/usr/share/icons/Adwaita/24x24/devices/media-removable-symbolic.symbolic.png
/usr/share/icons/Adwaita/24x24/devices/media-removable.png
/usr/share/icons/Adwaita/24x24/devices/modem-symbolic.symbolic.png
/usr/share/icons/Adwaita/24x24/devices/printer-network-symbolic.symbolic.png
/usr/share/icons/Adwaita/24x24/devices/printer-network.png
/usr/share/icons/Adwaita/24x24/devices/scanner-symbolic.symbolic.png
/usr/share/icons/Adwaita/24x24/emblems
/usr/share/icons/Adwaita/24x24/emblems/emblem-default-symbolic.symbolic.png
/usr/share/icons/Adwaita/24x24/emblems/emblem-readonly.png
/usr/share/icons/Adwaita/24x24/emblems/emblem-unreadable.png
/usr/share/icons/Adwaita/24x24/emotes
/usr/share/icons/Adwaita/24x24/emotes/face-angel-symbolic.symbolic.png
/usr/share/icons/Adwaita/24x24/emotes/face-angry-symbolic.symbolic.png
/usr/share/icons/Adwaita/24x24/emotes/face-cool-symbolic.symbolic.png
/usr/share/icons/Adwaita/24x24/emotes/face-crying-symbolic.symbolic.png
/usr/share/icons/Adwaita/24x24/emotes/face-devilish-symbolic.symbolic.png
/usr/share/icons/Adwaita/24x24/emotes/face-embarrassed-symbolic.symbolic.png
/usr/share/icons/Adwaita/24x24/emotes/face-glasses-symbolic.symbolic.png
/usr/share/icons/Adwaita/24x24/emotes/face-kiss-symbolic.symbolic.png
/usr/share/icons/Adwaita/24x24/emotes/face-laugh-symbolic.symbolic.png
/usr/share/icons/Adwaita/24x24/emotes/face-monkey-symbolic.symbolic.png
/usr/share/icons/Adwaita/24x24/emotes/face-plain-symbolic.symbolic.png
/usr/share/icons/Adwaita/24x24/emotes/face-raspberry-symbolic.symbolic.png
/usr/share/icons/Adwaita/24x24/emotes/face-sad-symbolic.symbolic.png
/usr/share/icons/Adwaita/24x24/emotes/face-sick-symbolic.symbolic.png
/usr/share/icons/Adwaita/24x24/emotes/face-smile-big-symbolic.symbolic.png
/usr/share/icons/Adwaita/24x24/emotes/face-smile-symbolic.symbolic.png
/usr/share/icons/Adwaita/24x24/emotes/face-smirk-symbolic.symbolic.png
/usr/share/icons/Adwaita/24x24/emotes/face-surprise-symbolic.symbolic.png
/usr/share/icons/Adwaita/24x24/emotes/face-tired-symbolic.symbolic.png
/usr/share/icons/Adwaita/24x24/emotes/face-uncertain-symbolic.symbolic.png
/usr/share/icons/Adwaita/24x24/emotes/face-wink-symbolic.symbolic.png
/usr/share/icons/Adwaita/24x24/emotes/face-worried-symbolic.symbolic.png
/usr/share/icons/Adwaita/24x24/legacy
/usr/share/icons/Adwaita/24x24/legacy/ac-adapter.png
/usr/share/icons/Adwaita/24x24/legacy/accessories-character-map.png
/usr/share/icons/Adwaita/24x24/legacy/appointment-missed.png
/usr/share/icons/Adwaita/24x24/legacy/appointment-soon.png
/usr/share/icons/Adwaita/24x24/legacy/audio-speakers.png
/usr/share/icons/Adwaita/24x24/legacy/battery-caution-charging-symbolic.symbolic.png
/usr/share/icons/Adwaita/24x24/legacy/battery-caution-charging.png
/usr/share/icons/Adwaita/24x24/legacy/battery-empty-symbolic.symbolic.png
/usr/share/icons/Adwaita/24x24/legacy/battery-empty.png
/usr/share/icons/Adwaita/24x24/legacy/battery-full-charged-symbolic.symbolic.png
/usr/share/icons/Adwaita/24x24/legacy/battery-full-charged.png
/usr/share/icons/Adwaita/24x24/legacy/battery-full-charging-symbolic.symbolic.png
/usr/share/icons/Adwaita/24x24/legacy/battery-full-charging.png
/usr/share/icons/Adwaita/24x24/legacy/battery-full-symbolic.symbolic.png
/usr/share/icons/Adwaita/24x24/legacy/battery-full.png
/usr/share/icons/Adwaita/24x24/legacy/battery-good-charging-symbolic.symbolic.png
/usr/share/icons/Adwaita/24x24/legacy/battery-good-charging.png
/usr/share/icons/Adwaita/24x24/legacy/battery-good-symbolic.symbolic.png
/usr/share/icons/Adwaita/24x24/legacy/battery-good.png
/usr/share/icons/Adwaita/24x24/legacy/battery-low-charging-symbolic.symbolic.png
/usr/share/icons/Adwaita/24x24/legacy/battery-low-charging.png
/usr/share/icons/Adwaita/24x24/legacy/battery-missing.png
/usr/share/icons/Adwaita/24x24/legacy/call-start.png
/usr/share/icons/Adwaita/24x24/legacy/call-stop.png
/usr/share/icons/Adwaita/24x24/legacy/changes-allow.png
/usr/share/icons/Adwaita/24x24/legacy/changes-prevent.png
/usr/share/icons/Adwaita/24x24/legacy/computer-fail.png
/usr/share/icons/Adwaita/24x24/legacy/computer.png
/usr/share/icons/Adwaita/24x24/legacy/document-send.png
/usr/share/icons/Adwaita/24x24/legacy/drive-multidisk.png
/usr/share/icons/Adwaita/24x24/legacy/edit-delete.png
/usr/share/icons/Adwaita/24x24/legacy/edit-find-replace.png
/usr/share/icons/Adwaita/24x24/legacy/edit-find.png
/usr/share/icons/Adwaita/24x24/legacy/emblem-default.png
/usr/share/icons/Adwaita/24x24/legacy/emblem-downloads.png
/usr/share/icons/Adwaita/24x24/legacy/emblem-mail.png
/usr/share/icons/Adwaita/24x24/legacy/emblem-web.png
/usr/share/icons/Adwaita/24x24/legacy/face-angel.png
/usr/share/icons/Adwaita/24x24/legacy/face-angry.png
/usr/share/icons/Adwaita/24x24/legacy/face-cool.png
/usr/share/icons/Adwaita/24x24/legacy/face-crying.png
/usr/share/icons/Adwaita/24x24/legacy/face-devilish.png
/usr/share/icons/Adwaita/24x24/legacy/face-embarrassed.png
/usr/share/icons/Adwaita/24x24/legacy/face-glasses.png
/usr/share/icons/Adwaita/24x24/legacy/face-kiss.png
/usr/share/icons/Adwaita/24x24/legacy/face-laugh.png
/usr/share/icons/Adwaita/24x24/legacy/face-monkey.png
/usr/share/icons/Adwaita/24x24/legacy/face-plain.png
/usr/share/icons/Adwaita/24x24/legacy/face-raspberry.png
/usr/share/icons/Adwaita/24x24/legacy/face-sad.png
/usr/share/icons/Adwaita/24x24/legacy/face-sick.png
/usr/share/icons/Adwaita/24x24/legacy/face-smile-big.png
/usr/share/icons/Adwaita/24x24/legacy/face-smile.png
/usr/share/icons/Adwaita/24x24/legacy/face-smirk.png
/usr/share/icons/Adwaita/24x24/legacy/face-surprise.png
/usr/share/icons/Adwaita/24x24/legacy/face-tired.png
/usr/share/icons/Adwaita/24x24/legacy/face-uncertain.png
/usr/share/icons/Adwaita/24x24/legacy/face-wink.png
/usr/share/icons/Adwaita/24x24/legacy/face-worried.png
/usr/share/icons/Adwaita/24x24/legacy/format-indent-less-rtl.png
/usr/share/icons/Adwaita/24x24/legacy/format-indent-less.png
/usr/share/icons/Adwaita/24x24/legacy/format-indent-more-rtl.png
/usr/share/icons/Adwaita/24x24/legacy/format-indent-more.png
/usr/share/icons/Adwaita/24x24/legacy/format-justify-center.png
/usr/share/icons/Adwaita/24x24/legacy/format-justify-fill.png
/usr/share/icons/Adwaita/24x24/legacy/format-justify-left.png
/usr/share/icons/Adwaita/24x24/legacy/format-justify-right.png
/usr/share/icons/Adwaita/24x24/legacy/format-text-bold.png
/usr/share/icons/Adwaita/24x24/legacy/format-text-italic.png
/usr/share/icons/Adwaita/24x24/legacy/format-text-strikethrough.png
/usr/share/icons/Adwaita/24x24/legacy/format-text-underline.png
/usr/share/icons/Adwaita/24x24/legacy/go-jump.png
/usr/share/icons/Adwaita/24x24/legacy/help-faq.png
/usr/share/icons/Adwaita/24x24/legacy/input-dialpad.png
/usr/share/icons/Adwaita/24x24/legacy/input-tablet.png
/usr/share/icons/Adwaita/24x24/legacy/insert-image.png
/usr/share/icons/Adwaita/24x24/legacy/insert-link.png
/usr/share/icons/Adwaita/24x24/legacy/mail-attachment.png
/usr/share/icons/Adwaita/24x24/legacy/media-playback-pause.png
/usr/share/icons/Adwaita/24x24/legacy/media-playback-start.png
/usr/share/icons/Adwaita/24x24/legacy/media-playback-stop.png
/usr/share/icons/Adwaita/24x24/legacy/modem.png
/usr/share/icons/Adwaita/24x24/legacy/multimedia-volume-control.png
/usr/share/icons/Adwaita/24x24/legacy/network-vpn.png
/usr/share/icons/Adwaita/24x24/legacy/network-wired-disconnected.png
/usr/share/icons/Adwaita/24x24/legacy/non-starred.png
/usr/share/icons/Adwaita/24x24/legacy/preferences-desktop-font.png
/usr/share/icons/Adwaita/24x24/legacy/preferences-system-privacy.png
/usr/share/icons/Adwaita/24x24/legacy/scanner.png
/usr/share/icons/Adwaita/24x24/legacy/security-high.png
/usr/share/icons/Adwaita/24x24/legacy/security-low.png
/usr/share/icons/Adwaita/24x24/legacy/security-medium.png
/usr/share/icons/Adwaita/24x24/legacy/software-update-available.png
/usr/share/icons/Adwaita/24x24/legacy/software-update-urgent.png
/usr/share/icons/Adwaita/24x24/legacy/starred.png
/usr/share/icons/Adwaita/24x24/legacy/system-file-manager.png
/usr/share/icons/Adwaita/24x24/legacy/system-search.png
/usr/share/icons/Adwaita/24x24/legacy/tools-check-spelling.png
/usr/share/icons/Adwaita/24x24/legacy/trophy-bronze.png
/usr/share/icons/Adwaita/24x24/legacy/trophy-gold.png
/usr/share/icons/Adwaita/24x24/legacy/trophy-silver.png
/usr/share/icons/Adwaita/24x24/legacy/view-sort-ascending.png
/usr/share/icons/Adwaita/24x24/legacy/view-sort-descending.png
/usr/share/icons/Adwaita/24x24/legacy/window-close.png
/usr/share/icons/Adwaita/24x24/legacy/window-new.png
/usr/share/icons/Adwaita/24x24/legacy/zoom-fit-best.png
/usr/share/icons/Adwaita/24x24/legacy/zoom-in.png
/usr/share/icons/Adwaita/24x24/legacy/zoom-original.png
/usr/share/icons/Adwaita/24x24/legacy/zoom-out.png
/usr/share/icons/Adwaita/24x24/mimetypes
/usr/share/icons/Adwaita/24x24/mimetypes/application-certificate-symbolic.symbolic.png
/usr/share/icons/Adwaita/24x24/mimetypes/application-certificate.png
/usr/share/icons/Adwaita/24x24/mimetypes/application-x-executable-symbolic.symbolic.png
/usr/share/icons/Adwaita/24x24/mimetypes/application-x-executable.png
/usr/share/icons/Adwaita/24x24/mimetypes/application-x-generic.png
/usr/share/icons/Adwaita/24x24/mimetypes/text-x-preview.png
/usr/share/icons/Adwaita/24x24/mimetypes/x-office-presentation-symbolic.symbolic.png
/usr/share/icons/Adwaita/24x24/mimetypes/x-office-presentation.png
/usr/share/icons/Adwaita/24x24/status
/usr/share/icons/Adwaita/24x24/status/appointment-missed-symbolic.symbolic.png
/usr/share/icons/Adwaita/24x24/status/appointment-soon-symbolic.symbolic.png
/usr/share/icons/Adwaita/24x24/status/avatar-default-symbolic.symbolic.png
/usr/share/icons/Adwaita/24x24/status/avatar-default.png
/usr/share/icons/Adwaita/24x24/status/battery-missing-symbolic.symbolic.png
/usr/share/icons/Adwaita/24x24/status/changes-allow-symbolic.symbolic.png
/usr/share/icons/Adwaita/24x24/status/changes-prevent-symbolic.symbolic.png
/usr/share/icons/Adwaita/24x24/status/computer-fail-symbolic.symbolic.png
/usr/share/icons/Adwaita/24x24/status/mail-attachment-symbolic.symbolic.png
/usr/share/icons/Adwaita/24x24/status/network-vpn-symbolic.symbolic.png
/usr/share/icons/Adwaita/24x24/status/network-wired-disconnected-symbolic.symbolic.png
/usr/share/icons/Adwaita/24x24/status/non-starred-symbolic.symbolic.png
/usr/share/icons/Adwaita/24x24/status/security-high-symbolic.symbolic.png
/usr/share/icons/Adwaita/24x24/status/security-low-symbolic.symbolic.png
/usr/share/icons/Adwaita/24x24/status/security-medium-symbolic.symbolic.png
/usr/share/icons/Adwaita/24x24/status/software-update-available-symbolic.symbolic.png
/usr/share/icons/Adwaita/24x24/status/software-update-urgent-symbolic.symbolic.png
/usr/share/icons/Adwaita/24x24/status/starred-symbolic.symbolic.png
/usr/share/icons/Adwaita/24x24/ui
/usr/share/icons/Adwaita/24x24/ui/pan-down-symbolic.symbolic.png
/usr/share/icons/Adwaita/24x24/ui/pan-end-symbolic.symbolic.png
/usr/share/icons/Adwaita/24x24/ui/pan-start-symbolic.symbolic.png
/usr/share/icons/Adwaita/24x24/ui/pan-up-symbolic.symbolic.png
/usr/share/icons/Adwaita/24x24/ui/window-close-symbolic.symbolic.png
/usr/share/icons/Adwaita/24x24/ui/window-maximize-symbolic.symbolic.png
/usr/share/icons/Adwaita/24x24/ui/window-minimize-symbolic.symbolic.png
/usr/share/icons/Adwaita/24x24/ui/window-new-symbolic.symbolic.png
/usr/share/icons/Adwaita/24x24/ui/window-restore-symbolic.symbolic.png
/usr/share/icons/Adwaita/256x256
/usr/share/icons/Adwaita/256x256/legacy
/usr/share/icons/Adwaita/256x256/legacy/ac-adapter.png
/usr/share/icons/Adwaita/256x256/legacy/appointment-missed.png
/usr/share/icons/Adwaita/256x256/legacy/appointment-soon.png
/usr/share/icons/Adwaita/256x256/legacy/audio-speakers.png
/usr/share/icons/Adwaita/256x256/legacy/battery-caution-charging.png
/usr/share/icons/Adwaita/256x256/legacy/battery-empty.png
/usr/share/icons/Adwaita/256x256/legacy/battery-full-charged.png
/usr/share/icons/Adwaita/256x256/legacy/battery-full-charging.png
/usr/share/icons/Adwaita/256x256/legacy/battery-full.png
/usr/share/icons/Adwaita/256x256/legacy/battery-good-charging.png
/usr/share/icons/Adwaita/256x256/legacy/battery-good.png
/usr/share/icons/Adwaita/256x256/legacy/battery-low-charging.png
/usr/share/icons/Adwaita/256x256/legacy/battery-missing.png
/usr/share/icons/Adwaita/256x256/legacy/computer-fail.png
/usr/share/icons/Adwaita/256x256/legacy/computer.png
/usr/share/icons/Adwaita/256x256/legacy/drive-multidisk.png
/usr/share/icons/Adwaita/256x256/legacy/edit-delete.png
/usr/share/icons/Adwaita/256x256/legacy/edit-find-replace.png
/usr/share/icons/Adwaita/256x256/legacy/edit-find.png
/usr/share/icons/Adwaita/256x256/legacy/emblem-mail.png
/usr/share/icons/Adwaita/256x256/legacy/face-angel.png
/usr/share/icons/Adwaita/256x256/legacy/face-angry.png
/usr/share/icons/Adwaita/256x256/legacy/face-cool.png
/usr/share/icons/Adwaita/256x256/legacy/face-crying.png
/usr/share/icons/Adwaita/256x256/legacy/face-devilish.png
/usr/share/icons/Adwaita/256x256/legacy/face-embarrassed.png
/usr/share/icons/Adwaita/256x256/legacy/face-glasses.png
/usr/share/icons/Adwaita/256x256/legacy/face-laugh.png
/usr/share/icons/Adwaita/256x256/legacy/face-plain.png
/usr/share/icons/Adwaita/256x256/legacy/face-sad.png
/usr/share/icons/Adwaita/256x256/legacy/face-sick.png
/usr/share/icons/Adwaita/256x256/legacy/face-smile-big.png
/usr/share/icons/Adwaita/256x256/legacy/face-smile.png
/usr/share/icons/Adwaita/256x256/legacy/face-smirk.png
/usr/share/icons/Adwaita/256x256/legacy/face-surprise.png
/usr/share/icons/Adwaita/256x256/legacy/face-tired.png
/usr/share/icons/Adwaita/256x256/legacy/face-uncertain.png
/usr/share/icons/Adwaita/256x256/legacy/face-wink.png
/usr/share/icons/Adwaita/256x256/legacy/go-jump.png
/usr/share/icons/Adwaita/256x256/legacy/input-tablet.png
/usr/share/icons/Adwaita/256x256/legacy/multimedia-volume-control.png
/usr/share/icons/Adwaita/256x256/legacy/network-wired-disconnected.png
/usr/share/icons/Adwaita/256x256/legacy/non-starred.png
/usr/share/icons/Adwaita/256x256/legacy/preferences-desktop-font.png
/usr/share/icons/Adwaita/256x256/legacy/preferences-system-notifications.png
/usr/share/icons/Adwaita/256x256/legacy/preferences-system-privacy.png
/usr/share/icons/Adwaita/256x256/legacy/preferences-system-search.png
/usr/share/icons/Adwaita/256x256/legacy/preferences-system-sharing.png
/usr/share/icons/Adwaita/256x256/legacy/scanner.png
/usr/share/icons/Adwaita/256x256/legacy/security-high.png
/usr/share/icons/Adwaita/256x256/legacy/security-low.png
/usr/share/icons/Adwaita/256x256/legacy/security-medium.png
/usr/share/icons/Adwaita/256x256/legacy/software-update-available.png
/usr/share/icons/Adwaita/256x256/legacy/software-update-urgent.png
/usr/share/icons/Adwaita/256x256/legacy/starred.png
/usr/share/icons/Adwaita/256x256/legacy/system-file-manager.png
/usr/share/icons/Adwaita/256x256/legacy/system-search.png
/usr/share/icons/Adwaita/256x256/legacy/trophy-bronze.png
/usr/share/icons/Adwaita/256x256/legacy/trophy-gold.png
/usr/share/icons/Adwaita/256x256/legacy/trophy-silver.png
/usr/share/icons/Adwaita/32x32
/usr/share/icons/Adwaita/32x32/actions
/usr/share/icons/Adwaita/32x32/actions/call-start-symbolic.symbolic.png
/usr/share/icons/Adwaita/32x32/actions/call-stop-symbolic.symbolic.png
/usr/share/icons/Adwaita/32x32/actions/document-send-symbolic.symbolic.png
/usr/share/icons/Adwaita/32x32/actions/edit-delete-symbolic.symbolic.png
/usr/share/icons/Adwaita/32x32/actions/edit-find-replace-symbolic.symbolic.png
/usr/share/icons/Adwaita/32x32/actions/edit-find-symbolic.symbolic.png
/usr/share/icons/Adwaita/32x32/actions/format-indent-less-symbolic.symbolic.png
/usr/share/icons/Adwaita/32x32/actions/format-indent-more-symbolic.symbolic.png
/usr/share/icons/Adwaita/32x32/actions/format-justify-center-symbolic.symbolic.png
/usr/share/icons/Adwaita/32x32/actions/format-justify-fill-symbolic.symbolic.png
/usr/share/icons/Adwaita/32x32/actions/format-justify-left-symbolic.symbolic.png
/usr/share/icons/Adwaita/32x32/actions/format-justify-right-symbolic.symbolic.png
/usr/share/icons/Adwaita/32x32/actions/format-text-bold-symbolic.symbolic.png
/usr/share/icons/Adwaita/32x32/actions/format-text-italic-symbolic.symbolic.png
/usr/share/icons/Adwaita/32x32/actions/format-text-strikethrough-symbolic.symbolic.png
/usr/share/icons/Adwaita/32x32/actions/format-text-underline-symbolic.symbolic.png
/usr/share/icons/Adwaita/32x32/actions/go-jump-symbolic.symbolic.png
/usr/share/icons/Adwaita/32x32/actions/insert-image-symbolic.symbolic.png
/usr/share/icons/Adwaita/32x32/actions/insert-link-symbolic.symbolic.png
/usr/share/icons/Adwaita/32x32/actions/media-playback-pause-symbolic.symbolic.png
/usr/share/icons/Adwaita/32x32/actions/media-playback-start-symbolic.symbolic.png
/usr/share/icons/Adwaita/32x32/actions/media-playback-stop-symbolic.symbolic.png
/usr/share/icons/Adwaita/32x32/actions/open-menu-symbolic.symbolic.png
/usr/share/icons/Adwaita/32x32/actions/system-search-symbolic.symbolic.png
/usr/share/icons/Adwaita/32x32/actions/tools-check-spelling-symbolic.symbolic.png
/usr/share/icons/Adwaita/32x32/actions/view-sort-ascending-symbolic.symbolic.png
/usr/share/icons/Adwaita/32x32/actions/view-sort-descending-symbolic.symbolic.png
/usr/share/icons/Adwaita/32x32/actions/zoom-fit-best-symbolic.symbolic.png
/usr/share/icons/Adwaita/32x32/actions/zoom-in-symbolic.symbolic.png
/usr/share/icons/Adwaita/32x32/actions/zoom-original-symbolic.symbolic.png
/usr/share/icons/Adwaita/32x32/actions/zoom-out-symbolic.symbolic.png
/usr/share/icons/Adwaita/32x32/apps
/usr/share/icons/Adwaita/32x32/apps/accessories-character-map-symbolic.symbolic.png
/usr/share/icons/Adwaita/32x32/apps/help-faq-symbolic.symbolic.png
/usr/share/icons/Adwaita/32x32/apps/multimedia-volume-control-symbolic.symbolic.png
/usr/share/icons/Adwaita/32x32/apps/preferences-desktop-font-symbolic.symbolic.png
/usr/share/icons/Adwaita/32x32/apps/preferences-system-notifications-symbolic.symbolic.png
/usr/share/icons/Adwaita/32x32/apps/preferences-system-privacy-symbolic.symbolic.png
/usr/share/icons/Adwaita/32x32/apps/preferences-system-search-symbolic.symbolic.png
/usr/share/icons/Adwaita/32x32/apps/preferences-system-sharing-symbolic.symbolic.png
/usr/share/icons/Adwaita/32x32/apps/system-file-manager-symbolic.symbolic.png
/usr/share/icons/Adwaita/32x32/devices
/usr/share/icons/Adwaita/32x32/devices/ac-adapter-symbolic.symbolic.png
/usr/share/icons/Adwaita/32x32/devices/audio-headphones-symbolic.symbolic.png
/usr/share/icons/Adwaita/32x32/devices/audio-headphones.png
/usr/share/icons/Adwaita/32x32/devices/audio-headset-symbolic.symbolic.png
/usr/share/icons/Adwaita/32x32/devices/audio-headset.png
/usr/share/icons/Adwaita/32x32/devices/audio-speakers-symbolic.symbolic.png
/usr/share/icons/Adwaita/32x32/devices/computer-symbolic.symbolic.png
/usr/share/icons/Adwaita/32x32/devices/computer.png
/usr/share/icons/Adwaita/32x32/devices/drive-multidisk-symbolic.symbolic.png
/usr/share/icons/Adwaita/32x32/devices/input-dialpad-symbolic.symbolic.png
/usr/share/icons/Adwaita/32x32/devices/input-tablet-symbolic.symbolic.png
/usr/share/icons/Adwaita/32x32/devices/media-removable-symbolic.symbolic.png
/usr/share/icons/Adwaita/32x32/devices/media-removable.png
/usr/share/icons/Adwaita/32x32/devices/modem-symbolic.symbolic.png
/usr/share/icons/Adwaita/32x32/devices/printer-network-symbolic.symbolic.png
/usr/share/icons/Adwaita/32x32/devices/printer-network.png
/usr/share/icons/Adwaita/32x32/devices/scanner-symbolic.symbolic.png
/usr/share/icons/Adwaita/32x32/emblems
/usr/share/icons/Adwaita/32x32/emblems/emblem-default-symbolic.symbolic.png
/usr/share/icons/Adwaita/32x32/emblems/emblem-readonly.png
/usr/share/icons/Adwaita/32x32/emblems/emblem-unreadable.png
/usr/share/icons/Adwaita/32x32/emotes
/usr/share/icons/Adwaita/32x32/emotes/face-angel-symbolic.symbolic.png
/usr/share/icons/Adwaita/32x32/emotes/face-angry-symbolic.symbolic.png
/usr/share/icons/Adwaita/32x32/emotes/face-cool-symbolic.symbolic.png
/usr/share/icons/Adwaita/32x32/emotes/face-crying-symbolic.symbolic.png
/usr/share/icons/Adwaita/32x32/emotes/face-devilish-symbolic.symbolic.png
/usr/share/icons/Adwaita/32x32/emotes/face-embarrassed-symbolic.symbolic.png
/usr/share/icons/Adwaita/32x32/emotes/face-glasses-symbolic.symbolic.png
/usr/share/icons/Adwaita/32x32/emotes/face-kiss-symbolic.symbolic.png
/usr/share/icons/Adwaita/32x32/emotes/face-laugh-symbolic.symbolic.png
/usr/share/icons/Adwaita/32x32/emotes/face-monkey-symbolic.symbolic.png
/usr/share/icons/Adwaita/32x32/emotes/face-plain-symbolic.symbolic.png
/usr/share/icons/Adwaita/32x32/emotes/face-raspberry-symbolic.symbolic.png
/usr/share/icons/Adwaita/32x32/emotes/face-sad-symbolic.symbolic.png
/usr/share/icons/Adwaita/32x32/emotes/face-sick-symbolic.symbolic.png
/usr/share/icons/Adwaita/32x32/emotes/face-smile-big-symbolic.symbolic.png
/usr/share/icons/Adwaita/32x32/emotes/face-smile-symbolic.symbolic.png
/usr/share/icons/Adwaita/32x32/emotes/face-smirk-symbolic.symbolic.png
/usr/share/icons/Adwaita/32x32/emotes/face-surprise-symbolic.symbolic.png
/usr/share/icons/Adwaita/32x32/emotes/face-tired-symbolic.symbolic.png
/usr/share/icons/Adwaita/32x32/emotes/face-uncertain-symbolic.symbolic.png
/usr/share/icons/Adwaita/32x32/emotes/face-wink-symbolic.symbolic.png
/usr/share/icons/Adwaita/32x32/emotes/face-worried-symbolic.symbolic.png
/usr/share/icons/Adwaita/32x32/legacy
/usr/share/icons/Adwaita/32x32/legacy/ac-adapter.png
/usr/share/icons/Adwaita/32x32/legacy/accessories-character-map.png
/usr/share/icons/Adwaita/32x32/legacy/appointment-missed.png
/usr/share/icons/Adwaita/32x32/legacy/appointment-soon.png
/usr/share/icons/Adwaita/32x32/legacy/audio-speakers.png
/usr/share/icons/Adwaita/32x32/legacy/battery-caution-charging-symbolic.symbolic.png
/usr/share/icons/Adwaita/32x32/legacy/battery-caution-charging.png
/usr/share/icons/Adwaita/32x32/legacy/battery-empty-symbolic.symbolic.png
/usr/share/icons/Adwaita/32x32/legacy/battery-empty.png
/usr/share/icons/Adwaita/32x32/legacy/battery-full-charged-symbolic.symbolic.png
/usr/share/icons/Adwaita/32x32/legacy/battery-full-charged.png
/usr/share/icons/Adwaita/32x32/legacy/battery-full-charging-symbolic.symbolic.png
/usr/share/icons/Adwaita/32x32/legacy/battery-full-charging.png
/usr/share/icons/Adwaita/32x32/legacy/battery-full-symbolic.symbolic.png
/usr/share/icons/Adwaita/32x32/legacy/battery-full.png
/usr/share/icons/Adwaita/32x32/legacy/battery-good-charging-symbolic.symbolic.png
/usr/share/icons/Adwaita/32x32/legacy/battery-good-charging.png
/usr/share/icons/Adwaita/32x32/legacy/battery-good-symbolic.symbolic.png
/usr/share/icons/Adwaita/32x32/legacy/battery-good.png
/usr/share/icons/Adwaita/32x32/legacy/battery-low-charging-symbolic.symbolic.png
/usr/share/icons/Adwaita/32x32/legacy/battery-low-charging.png
/usr/share/icons/Adwaita/32x32/legacy/battery-missing.png
/usr/share/icons/Adwaita/32x32/legacy/call-start.png
/usr/share/icons/Adwaita/32x32/legacy/call-stop.png
/usr/share/icons/Adwaita/32x32/legacy/changes-allow.png
/usr/share/icons/Adwaita/32x32/legacy/changes-prevent.png
/usr/share/icons/Adwaita/32x32/legacy/computer-fail.png
/usr/share/icons/Adwaita/32x32/legacy/computer.png
/usr/share/icons/Adwaita/32x32/legacy/document-send.png
/usr/share/icons/Adwaita/32x32/legacy/drive-multidisk.png
/usr/share/icons/Adwaita/32x32/legacy/edit-delete.png
/usr/share/icons/Adwaita/32x32/legacy/edit-find-replace.png
/usr/share/icons/Adwaita/32x32/legacy/edit-find.png
/usr/share/icons/Adwaita/32x32/legacy/emblem-default.png
/usr/share/icons/Adwaita/32x32/legacy/emblem-downloads.png
/usr/share/icons/Adwaita/32x32/legacy/emblem-mail.png
/usr/share/icons/Adwaita/32x32/legacy/emblem-web.png
/usr/share/icons/Adwaita/32x32/legacy/face-angel.png
/usr/share/icons/Adwaita/32x32/legacy/face-angry.png
/usr/share/icons/Adwaita/32x32/legacy/face-cool.png
/usr/share/icons/Adwaita/32x32/legacy/face-crying.png
/usr/share/icons/Adwaita/32x32/legacy/face-devilish.png
/usr/share/icons/Adwaita/32x32/legacy/face-embarrassed.png
/usr/share/icons/Adwaita/32x32/legacy/face-glasses.png
/usr/share/icons/Adwaita/32x32/legacy/face-kiss.png
/usr/share/icons/Adwaita/32x32/legacy/face-laugh.png
/usr/share/icons/Adwaita/32x32/legacy/face-monkey.png
/usr/share/icons/Adwaita/32x32/legacy/face-plain.png
/usr/share/icons/Adwaita/32x32/legacy/face-raspberry.png
/usr/share/icons/Adwaita/32x32/legacy/face-sad.png
/usr/share/icons/Adwaita/32x32/legacy/face-sick.png
/usr/share/icons/Adwaita/32x32/legacy/face-smile-big.png
/usr/share/icons/Adwaita/32x32/legacy/face-smile.png
/usr/share/icons/Adwaita/32x32/legacy/face-smirk.png
/usr/share/icons/Adwaita/32x32/legacy/face-surprise.png
/usr/share/icons/Adwaita/32x32/legacy/face-tired.png
/usr/share/icons/Adwaita/32x32/legacy/face-uncertain.png
/usr/share/icons/Adwaita/32x32/legacy/face-wink.png
/usr/share/icons/Adwaita/32x32/legacy/face-worried.png
/usr/share/icons/Adwaita/32x32/legacy/format-indent-less-rtl.png
/usr/share/icons/Adwaita/32x32/legacy/format-indent-less.png
/usr/share/icons/Adwaita/32x32/legacy/format-indent-more-rtl.png
/usr/share/icons/Adwaita/32x32/legacy/format-indent-more.png
/usr/share/icons/Adwaita/32x32/legacy/format-justify-center.png
/usr/share/icons/Adwaita/32x32/legacy/format-justify-fill.png
/usr/share/icons/Adwaita/32x32/legacy/format-justify-left.png
/usr/share/icons/Adwaita/32x32/legacy/format-justify-right.png
/usr/share/icons/Adwaita/32x32/legacy/format-text-bold.png
/usr/share/icons/Adwaita/32x32/legacy/format-text-italic.png
/usr/share/icons/Adwaita/32x32/legacy/format-text-strikethrough.png
/usr/share/icons/Adwaita/32x32/legacy/format-text-underline.png
/usr/share/icons/Adwaita/32x32/legacy/go-jump.png
/usr/share/icons/Adwaita/32x32/legacy/help-faq.png
/usr/share/icons/Adwaita/32x32/legacy/input-dialpad.png
/usr/share/icons/Adwaita/32x32/legacy/input-tablet.png
/usr/share/icons/Adwaita/32x32/legacy/insert-image.png
/usr/share/icons/Adwaita/32x32/legacy/insert-link.png
/usr/share/icons/Adwaita/32x32/legacy/mail-attachment.png
/usr/share/icons/Adwaita/32x32/legacy/media-playback-pause.png
/usr/share/icons/Adwaita/32x32/legacy/media-playback-start.png
/usr/share/icons/Adwaita/32x32/legacy/media-playback-stop.png
/usr/share/icons/Adwaita/32x32/legacy/modem.png
/usr/share/icons/Adwaita/32x32/legacy/multimedia-volume-control.png
/usr/share/icons/Adwaita/32x32/legacy/network-vpn.png
/usr/share/icons/Adwaita/32x32/legacy/network-wired-disconnected.png
/usr/share/icons/Adwaita/32x32/legacy/non-starred.png
/usr/share/icons/Adwaita/32x32/legacy/preferences-desktop-font.png
/usr/share/icons/Adwaita/32x32/legacy/preferences-system-notifications.png
/usr/share/icons/Adwaita/32x32/legacy/preferences-system-privacy.png
/usr/share/icons/Adwaita/32x32/legacy/preferences-system-search.png
/usr/share/icons/Adwaita/32x32/legacy/preferences-system-sharing.png
/usr/share/icons/Adwaita/32x32/legacy/scanner.png
/usr/share/icons/Adwaita/32x32/legacy/security-high.png
/usr/share/icons/Adwaita/32x32/legacy/security-low.png
/usr/share/icons/Adwaita/32x32/legacy/security-medium.png
/usr/share/icons/Adwaita/32x32/legacy/software-update-available.png
/usr/share/icons/Adwaita/32x32/legacy/software-update-urgent.png
/usr/share/icons/Adwaita/32x32/legacy/starred.png
/usr/share/icons/Adwaita/32x32/legacy/system-file-manager.png
/usr/share/icons/Adwaita/32x32/legacy/system-search.png
/usr/share/icons/Adwaita/32x32/legacy/tools-check-spelling.png
/usr/share/icons/Adwaita/32x32/legacy/trophy-bronze.png
/usr/share/icons/Adwaita/32x32/legacy/trophy-gold.png
/usr/share/icons/Adwaita/32x32/legacy/trophy-silver.png
/usr/share/icons/Adwaita/32x32/legacy/view-sort-ascending.png
/usr/share/icons/Adwaita/32x32/legacy/view-sort-descending.png
/usr/share/icons/Adwaita/32x32/legacy/window-close.png
/usr/share/icons/Adwaita/32x32/legacy/window-new.png
/usr/share/icons/Adwaita/32x32/legacy/zoom-fit-best.png
/usr/share/icons/Adwaita/32x32/legacy/zoom-in.png
/usr/share/icons/Adwaita/32x32/legacy/zoom-original.png
/usr/share/icons/Adwaita/32x32/legacy/zoom-out.png
/usr/share/icons/Adwaita/32x32/mimetypes
/usr/share/icons/Adwaita/32x32/mimetypes/application-certificate-symbolic.symbolic.png
/usr/share/icons/Adwaita/32x32/mimetypes/application-certificate.png
/usr/share/icons/Adwaita/32x32/mimetypes/application-x-executable-symbolic.symbolic.png
/usr/share/icons/Adwaita/32x32/mimetypes/application-x-executable.png
/usr/share/icons/Adwaita/32x32/mimetypes/application-x-generic.png
/usr/share/icons/Adwaita/32x32/mimetypes/text-x-preview.png
/usr/share/icons/Adwaita/32x32/mimetypes/x-office-presentation-symbolic.symbolic.png
/usr/share/icons/Adwaita/32x32/mimetypes/x-office-presentation.png
/usr/share/icons/Adwaita/32x32/status
/usr/share/icons/Adwaita/32x32/status/appointment-missed-symbolic.symbolic.png
/usr/share/icons/Adwaita/32x32/status/appointment-soon-symbolic.symbolic.png
/usr/share/icons/Adwaita/32x32/status/avatar-default-symbolic.symbolic.png
/usr/share/icons/Adwaita/32x32/status/avatar-default.png
/usr/share/icons/Adwaita/32x32/status/battery-missing-symbolic.symbolic.png
/usr/share/icons/Adwaita/32x32/status/changes-allow-symbolic.symbolic.png
/usr/share/icons/Adwaita/32x32/status/changes-prevent-symbolic.symbolic.png
/usr/share/icons/Adwaita/32x32/status/computer-fail-symbolic.symbolic.png
/usr/share/icons/Adwaita/32x32/status/mail-attachment-symbolic.symbolic.png
/usr/share/icons/Adwaita/32x32/status/network-vpn-symbolic.symbolic.png
/usr/share/icons/Adwaita/32x32/status/network-wired-disconnected-symbolic.symbolic.png
/usr/share/icons/Adwaita/32x32/status/non-starred-symbolic.symbolic.png
/usr/share/icons/Adwaita/32x32/status/security-high-symbolic.symbolic.png
/usr/share/icons/Adwaita/32x32/status/security-low-symbolic.symbolic.png
/usr/share/icons/Adwaita/32x32/status/security-medium-symbolic.symbolic.png
/usr/share/icons/Adwaita/32x32/status/software-update-available-symbolic.symbolic.png
/usr/share/icons/Adwaita/32x32/status/software-update-urgent-symbolic.symbolic.png
/usr/share/icons/Adwaita/32x32/status/starred-symbolic.symbolic.png
/usr/share/icons/Adwaita/32x32/ui
/usr/share/icons/Adwaita/32x32/ui/pan-down-symbolic.symbolic.png
/usr/share/icons/Adwaita/32x32/ui/pan-end-symbolic.symbolic.png
/usr/share/icons/Adwaita/32x32/ui/pan-start-symbolic.symbolic.png
/usr/share/icons/Adwaita/32x32/ui/pan-up-symbolic.symbolic.png
/usr/share/icons/Adwaita/32x32/ui/window-close-symbolic.symbolic.png
/usr/share/icons/Adwaita/32x32/ui/window-maximize-symbolic.symbolic.png
/usr/share/icons/Adwaita/32x32/ui/window-minimize-symbolic.symbolic.png
/usr/share/icons/Adwaita/32x32/ui/window-new-symbolic.symbolic.png
/usr/share/icons/Adwaita/32x32/ui/window-restore-symbolic.symbolic.png
/usr/share/icons/Adwaita/48x48
/usr/share/icons/Adwaita/48x48/actions
/usr/share/icons/Adwaita/48x48/actions/call-start-symbolic.symbolic.png
/usr/share/icons/Adwaita/48x48/actions/call-stop-symbolic.symbolic.png
/usr/share/icons/Adwaita/48x48/actions/document-send-symbolic.symbolic.png
/usr/share/icons/Adwaita/48x48/actions/edit-delete-symbolic.symbolic.png
/usr/share/icons/Adwaita/48x48/actions/edit-find-replace-symbolic.symbolic.png
/usr/share/icons/Adwaita/48x48/actions/edit-find-symbolic.symbolic.png
/usr/share/icons/Adwaita/48x48/actions/format-indent-less-symbolic.symbolic.png
/usr/share/icons/Adwaita/48x48/actions/format-indent-more-symbolic.symbolic.png
/usr/share/icons/Adwaita/48x48/actions/format-justify-center-symbolic.symbolic.png
/usr/share/icons/Adwaita/48x48/actions/format-justify-fill-symbolic.symbolic.png
/usr/share/icons/Adwaita/48x48/actions/format-justify-left-symbolic.symbolic.png
/usr/share/icons/Adwaita/48x48/actions/format-justify-right-symbolic.symbolic.png
/usr/share/icons/Adwaita/48x48/actions/format-text-bold-symbolic.symbolic.png
/usr/share/icons/Adwaita/48x48/actions/format-text-italic-symbolic.symbolic.png
/usr/share/icons/Adwaita/48x48/actions/format-text-strikethrough-symbolic.symbolic.png
/usr/share/icons/Adwaita/48x48/actions/format-text-underline-symbolic.symbolic.png
/usr/share/icons/Adwaita/48x48/actions/go-jump-symbolic.symbolic.png
/usr/share/icons/Adwaita/48x48/actions/insert-image-symbolic.symbolic.png
/usr/share/icons/Adwaita/48x48/actions/insert-link-symbolic.symbolic.png
/usr/share/icons/Adwaita/48x48/actions/media-playback-pause-symbolic.symbolic.png
/usr/share/icons/Adwaita/48x48/actions/media-playback-start-symbolic.symbolic.png
/usr/share/icons/Adwaita/48x48/actions/media-playback-stop-symbolic.symbolic.png
/usr/share/icons/Adwaita/48x48/actions/open-menu-symbolic.symbolic.png
/usr/share/icons/Adwaita/48x48/actions/system-search-symbolic.symbolic.png
/usr/share/icons/Adwaita/48x48/actions/tools-check-spelling-symbolic.symbolic.png
/usr/share/icons/Adwaita/48x48/actions/view-sort-ascending-symbolic.symbolic.png
/usr/share/icons/Adwaita/48x48/actions/view-sort-descending-symbolic.symbolic.png
/usr/share/icons/Adwaita/48x48/actions/zoom-fit-best-symbolic.symbolic.png
/usr/share/icons/Adwaita/48x48/actions/zoom-in-symbolic.symbolic.png
/usr/share/icons/Adwaita/48x48/actions/zoom-original-symbolic.symbolic.png
/usr/share/icons/Adwaita/48x48/actions/zoom-out-symbolic.symbolic.png
/usr/share/icons/Adwaita/48x48/apps
/usr/share/icons/Adwaita/48x48/apps/accessories-character-map-symbolic.symbolic.png
/usr/share/icons/Adwaita/48x48/apps/help-faq-symbolic.symbolic.png
/usr/share/icons/Adwaita/48x48/apps/multimedia-volume-control-symbolic.symbolic.png
/usr/share/icons/Adwaita/48x48/apps/preferences-desktop-font-symbolic.symbolic.png
/usr/share/icons/Adwaita/48x48/apps/preferences-system-notifications-symbolic.symbolic.png
/usr/share/icons/Adwaita/48x48/apps/preferences-system-privacy-symbolic.symbolic.png
/usr/share/icons/Adwaita/48x48/apps/preferences-system-search-symbolic.symbolic.png
/usr/share/icons/Adwaita/48x48/apps/preferences-system-sharing-symbolic.symbolic.png
/usr/share/icons/Adwaita/48x48/apps/system-file-manager-symbolic.symbolic.png
/usr/share/icons/Adwaita/48x48/devices
/usr/share/icons/Adwaita/48x48/devices/ac-adapter-symbolic.symbolic.png
/usr/share/icons/Adwaita/48x48/devices/audio-headphones-symbolic.symbolic.png
/usr/share/icons/Adwaita/48x48/devices/audio-headphones.png
/usr/share/icons/Adwaita/48x48/devices/audio-headset-symbolic.symbolic.png
/usr/share/icons/Adwaita/48x48/devices/audio-headset.png
/usr/share/icons/Adwaita/48x48/devices/audio-speakers-symbolic.symbolic.png
/usr/share/icons/Adwaita/48x48/devices/computer-symbolic.symbolic.png
/usr/share/icons/Adwaita/48x48/devices/computer.png
/usr/share/icons/Adwaita/48x48/devices/drive-multidisk-symbolic.symbolic.png
/usr/share/icons/Adwaita/48x48/devices/input-dialpad-symbolic.symbolic.png
/usr/share/icons/Adwaita/48x48/devices/input-tablet-symbolic.symbolic.png
/usr/share/icons/Adwaita/48x48/devices/media-removable-symbolic.symbolic.png
/usr/share/icons/Adwaita/48x48/devices/media-removable.png
/usr/share/icons/Adwaita/48x48/devices/modem-symbolic.symbolic.png
/usr/share/icons/Adwaita/48x48/devices/printer-network-symbolic.symbolic.png
/usr/share/icons/Adwaita/48x48/devices/printer-network.png
/usr/share/icons/Adwaita/48x48/devices/scanner-symbolic.symbolic.png
/usr/share/icons/Adwaita/48x48/emblems
/usr/share/icons/Adwaita/48x48/emblems/emblem-default-symbolic.symbolic.png
/usr/share/icons/Adwaita/48x48/emblems/emblem-readonly.png
/usr/share/icons/Adwaita/48x48/emblems/emblem-unreadable.png
/usr/share/icons/Adwaita/48x48/emotes
/usr/share/icons/Adwaita/48x48/emotes/face-angel-symbolic.symbolic.png
/usr/share/icons/Adwaita/48x48/emotes/face-angry-symbolic.symbolic.png
/usr/share/icons/Adwaita/48x48/emotes/face-cool-symbolic.symbolic.png
/usr/share/icons/Adwaita/48x48/emotes/face-crying-symbolic.symbolic.png
/usr/share/icons/Adwaita/48x48/emotes/face-devilish-symbolic.symbolic.png
/usr/share/icons/Adwaita/48x48/emotes/face-embarrassed-symbolic.symbolic.png
/usr/share/icons/Adwaita/48x48/emotes/face-glasses-symbolic.symbolic.png
/usr/share/icons/Adwaita/48x48/emotes/face-kiss-symbolic.symbolic.png
/usr/share/icons/Adwaita/48x48/emotes/face-laugh-symbolic.symbolic.png
/usr/share/icons/Adwaita/48x48/emotes/face-monkey-symbolic.symbolic.png
/usr/share/icons/Adwaita/48x48/emotes/face-plain-symbolic.symbolic.png
/usr/share/icons/Adwaita/48x48/emotes/face-raspberry-symbolic.symbolic.png
/usr/share/icons/Adwaita/48x48/emotes/face-sad-symbolic.symbolic.png
/usr/share/icons/Adwaita/48x48/emotes/face-sick-symbolic.symbolic.png
/usr/share/icons/Adwaita/48x48/emotes/face-smile-big-symbolic.symbolic.png
/usr/share/icons/Adwaita/48x48/emotes/face-smile-symbolic.symbolic.png
/usr/share/icons/Adwaita/48x48/emotes/face-smirk-symbolic.symbolic.png
/usr/share/icons/Adwaita/48x48/emotes/face-surprise-symbolic.symbolic.png
/usr/share/icons/Adwaita/48x48/emotes/face-tired-symbolic.symbolic.png
/usr/share/icons/Adwaita/48x48/emotes/face-uncertain-symbolic.symbolic.png
/usr/share/icons/Adwaita/48x48/emotes/face-wink-symbolic.symbolic.png
/usr/share/icons/Adwaita/48x48/emotes/face-worried-symbolic.symbolic.png
/usr/share/icons/Adwaita/48x48/legacy
/usr/share/icons/Adwaita/48x48/legacy/ac-adapter.png
/usr/share/icons/Adwaita/48x48/legacy/accessories-character-map.png
/usr/share/icons/Adwaita/48x48/legacy/appointment-missed.png
/usr/share/icons/Adwaita/48x48/legacy/appointment-soon.png
/usr/share/icons/Adwaita/48x48/legacy/audio-speakers.png
/usr/share/icons/Adwaita/48x48/legacy/battery-caution-charging-symbolic.symbolic.png
/usr/share/icons/Adwaita/48x48/legacy/battery-caution-charging.png
/usr/share/icons/Adwaita/48x48/legacy/battery-empty-symbolic.symbolic.png
/usr/share/icons/Adwaita/48x48/legacy/battery-empty.png
/usr/share/icons/Adwaita/48x48/legacy/battery-full-charged-symbolic.symbolic.png
/usr/share/icons/Adwaita/48x48/legacy/battery-full-charged.png
/usr/share/icons/Adwaita/48x48/legacy/battery-full-charging-symbolic.symbolic.png
/usr/share/icons/Adwaita/48x48/legacy/battery-full-charging.png
/usr/share/icons/Adwaita/48x48/legacy/battery-full-symbolic.symbolic.png
/usr/share/icons/Adwaita/48x48/legacy/battery-full.png
/usr/share/icons/Adwaita/48x48/legacy/battery-good-charging-symbolic.symbolic.png
/usr/share/icons/Adwaita/48x48/legacy/battery-good-charging.png
/usr/share/icons/Adwaita/48x48/legacy/battery-good-symbolic.symbolic.png
/usr/share/icons/Adwaita/48x48/legacy/battery-good.png
/usr/share/icons/Adwaita/48x48/legacy/battery-low-charging-symbolic.symbolic.png
/usr/share/icons/Adwaita/48x48/legacy/battery-low-charging.png
/usr/share/icons/Adwaita/48x48/legacy/battery-missing.png
/usr/share/icons/Adwaita/48x48/legacy/call-start.png
/usr/share/icons/Adwaita/48x48/legacy/call-stop.png
/usr/share/icons/Adwaita/48x48/legacy/changes-allow.png
/usr/share/icons/Adwaita/48x48/legacy/changes-prevent.png
/usr/share/icons/Adwaita/48x48/legacy/computer-fail.png
/usr/share/icons/Adwaita/48x48/legacy/computer.png
/usr/share/icons/Adwaita/48x48/legacy/document-send.png
/usr/share/icons/Adwaita/48x48/legacy/drive-multidisk.png
/usr/share/icons/Adwaita/48x48/legacy/edit-delete.png
/usr/share/icons/Adwaita/48x48/legacy/edit-find-replace.png
/usr/share/icons/Adwaita/48x48/legacy/edit-find.png
/usr/share/icons/Adwaita/48x48/legacy/emblem-default.png
/usr/share/icons/Adwaita/48x48/legacy/emblem-downloads.png
/usr/share/icons/Adwaita/48x48/legacy/emblem-mail.png
/usr/share/icons/Adwaita/48x48/legacy/emblem-web.png
/usr/share/icons/Adwaita/48x48/legacy/face-angel.png
/usr/share/icons/Adwaita/48x48/legacy/face-angry.png
/usr/share/icons/Adwaita/48x48/legacy/face-cool.png
/usr/share/icons/Adwaita/48x48/legacy/face-crying.png
/usr/share/icons/Adwaita/48x48/legacy/face-devilish.png
/usr/share/icons/Adwaita/48x48/legacy/face-embarrassed.png
/usr/share/icons/Adwaita/48x48/legacy/face-glasses.png
/usr/share/icons/Adwaita/48x48/legacy/face-kiss.png
/usr/share/icons/Adwaita/48x48/legacy/face-laugh.png
/usr/share/icons/Adwaita/48x48/legacy/face-monkey.png
/usr/share/icons/Adwaita/48x48/legacy/face-plain.png
/usr/share/icons/Adwaita/48x48/legacy/face-raspberry.png
/usr/share/icons/Adwaita/48x48/legacy/face-sad.png
/usr/share/icons/Adwaita/48x48/legacy/face-sick.png
/usr/share/icons/Adwaita/48x48/legacy/face-smile-big.png
/usr/share/icons/Adwaita/48x48/legacy/face-smile.png
/usr/share/icons/Adwaita/48x48/legacy/face-smirk.png
/usr/share/icons/Adwaita/48x48/legacy/face-surprise.png
/usr/share/icons/Adwaita/48x48/legacy/face-tired.png
/usr/share/icons/Adwaita/48x48/legacy/face-uncertain.png
/usr/share/icons/Adwaita/48x48/legacy/face-wink.png
/usr/share/icons/Adwaita/48x48/legacy/face-worried.png
/usr/share/icons/Adwaita/48x48/legacy/format-indent-less-rtl.png
/usr/share/icons/Adwaita/48x48/legacy/format-indent-less.png
/usr/share/icons/Adwaita/48x48/legacy/format-indent-more-rtl.png
/usr/share/icons/Adwaita/48x48/legacy/format-indent-more.png
/usr/share/icons/Adwaita/48x48/legacy/format-justify-center.png
/usr/share/icons/Adwaita/48x48/legacy/format-justify-fill.png
/usr/share/icons/Adwaita/48x48/legacy/format-justify-left.png
/usr/share/icons/Adwaita/48x48/legacy/format-justify-right.png
/usr/share/icons/Adwaita/48x48/legacy/format-text-bold.png
/usr/share/icons/Adwaita/48x48/legacy/format-text-italic.png
/usr/share/icons/Adwaita/48x48/legacy/format-text-strikethrough.png
/usr/share/icons/Adwaita/48x48/legacy/format-text-underline.png
/usr/share/icons/Adwaita/48x48/legacy/go-jump.png
/usr/share/icons/Adwaita/48x48/legacy/help-faq.png
/usr/share/icons/Adwaita/48x48/legacy/input-dialpad.png
/usr/share/icons/Adwaita/48x48/legacy/input-tablet.png
/usr/share/icons/Adwaita/48x48/legacy/insert-image.png
/usr/share/icons/Adwaita/48x48/legacy/insert-link.png
/usr/share/icons/Adwaita/48x48/legacy/mail-attachment.png
/usr/share/icons/Adwaita/48x48/legacy/media-playback-pause.png
/usr/share/icons/Adwaita/48x48/legacy/media-playback-start.png
/usr/share/icons/Adwaita/48x48/legacy/media-playback-stop.png
/usr/share/icons/Adwaita/48x48/legacy/modem.png
/usr/share/icons/Adwaita/48x48/legacy/multimedia-volume-control.png
/usr/share/icons/Adwaita/48x48/legacy/network-vpn.png
/usr/share/icons/Adwaita/48x48/legacy/network-wired-disconnected.png
/usr/share/icons/Adwaita/48x48/legacy/non-starred.png
/usr/share/icons/Adwaita/48x48/legacy/preferences-desktop-font.png
/usr/share/icons/Adwaita/48x48/legacy/preferences-system-notifications.png
/usr/share/icons/Adwaita/48x48/legacy/preferences-system-privacy.png
/usr/share/icons/Adwaita/48x48/legacy/preferences-system-search.png
/usr/share/icons/Adwaita/48x48/legacy/preferences-system-sharing.png
/usr/share/icons/Adwaita/48x48/legacy/scanner.png
/usr/share/icons/Adwaita/48x48/legacy/security-high.png
/usr/share/icons/Adwaita/48x48/legacy/security-low.png
/usr/share/icons/Adwaita/48x48/legacy/security-medium.png
/usr/share/icons/Adwaita/48x48/legacy/software-update-available.png
/usr/share/icons/Adwaita/48x48/legacy/software-update-urgent.png
/usr/share/icons/Adwaita/48x48/legacy/starred.png
/usr/share/icons/Adwaita/48x48/legacy/system-file-manager.png
/usr/share/icons/Adwaita/48x48/legacy/system-search.png
/usr/share/icons/Adwaita/48x48/legacy/tools-check-spelling.png
/usr/share/icons/Adwaita/48x48/legacy/trophy-bronze.png
/usr/share/icons/Adwaita/48x48/legacy/trophy-gold.png
/usr/share/icons/Adwaita/48x48/legacy/trophy-silver.png
/usr/share/icons/Adwaita/48x48/legacy/view-sort-ascending.png
/usr/share/icons/Adwaita/48x48/legacy/view-sort-descending.png
/usr/share/icons/Adwaita/48x48/legacy/window-close.png
/usr/share/icons/Adwaita/48x48/legacy/window-new.png
/usr/share/icons/Adwaita/48x48/legacy/zoom-fit-best.png
/usr/share/icons/Adwaita/48x48/legacy/zoom-in.png
/usr/share/icons/Adwaita/48x48/legacy/zoom-original.png
/usr/share/icons/Adwaita/48x48/legacy/zoom-out.png
/usr/share/icons/Adwaita/48x48/mimetypes
/usr/share/icons/Adwaita/48x48/mimetypes/application-certificate-symbolic.symbolic.png
/usr/share/icons/Adwaita/48x48/mimetypes/application-certificate.png
/usr/share/icons/Adwaita/48x48/mimetypes/application-x-executable-symbolic.symbolic.png
/usr/share/icons/Adwaita/48x48/mimetypes/application-x-executable.png
/usr/share/icons/Adwaita/48x48/mimetypes/application-x-generic.png
/usr/share/icons/Adwaita/48x48/mimetypes/text-x-preview.png
/usr/share/icons/Adwaita/48x48/mimetypes/x-office-presentation-symbolic.symbolic.png
/usr/share/icons/Adwaita/48x48/mimetypes/x-office-presentation.png
/usr/share/icons/Adwaita/48x48/status
/usr/share/icons/Adwaita/48x48/status/appointment-missed-symbolic.symbolic.png
/usr/share/icons/Adwaita/48x48/status/appointment-soon-symbolic.symbolic.png
/usr/share/icons/Adwaita/48x48/status/avatar-default-symbolic.symbolic.png
/usr/share/icons/Adwaita/48x48/status/avatar-default.png
/usr/share/icons/Adwaita/48x48/status/battery-missing-symbolic.symbolic.png
/usr/share/icons/Adwaita/48x48/status/changes-allow-symbolic.symbolic.png
/usr/share/icons/Adwaita/48x48/status/changes-prevent-symbolic.symbolic.png
/usr/share/icons/Adwaita/48x48/status/computer-fail-symbolic.symbolic.png
/usr/share/icons/Adwaita/48x48/status/mail-attachment-symbolic.symbolic.png
/usr/share/icons/Adwaita/48x48/status/network-vpn-symbolic.symbolic.png
/usr/share/icons/Adwaita/48x48/status/network-wired-disconnected-symbolic.symbolic.png
/usr/share/icons/Adwaita/48x48/status/non-starred-symbolic.symbolic.png
/usr/share/icons/Adwaita/48x48/status/security-high-symbolic.symbolic.png
/usr/share/icons/Adwaita/48x48/status/security-low-symbolic.symbolic.png
/usr/share/icons/Adwaita/48x48/status/security-medium-symbolic.symbolic.png
/usr/share/icons/Adwaita/48x48/status/software-update-available-symbolic.symbolic.png
/usr/share/icons/Adwaita/48x48/status/software-update-urgent-symbolic.symbolic.png
/usr/share/icons/Adwaita/48x48/status/starred-symbolic.symbolic.png
/usr/share/icons/Adwaita/48x48/ui
/usr/share/icons/Adwaita/48x48/ui/pan-down-symbolic.symbolic.png
/usr/share/icons/Adwaita/48x48/ui/pan-end-symbolic.symbolic.png
/usr/share/icons/Adwaita/48x48/ui/pan-start-symbolic.symbolic.png
/usr/share/icons/Adwaita/48x48/ui/pan-up-symbolic.symbolic.png
/usr/share/icons/Adwaita/48x48/ui/window-close-symbolic.symbolic.png
/usr/share/icons/Adwaita/48x48/ui/window-maximize-symbolic.symbolic.png
/usr/share/icons/Adwaita/48x48/ui/window-minimize-symbolic.symbolic.png
/usr/share/icons/Adwaita/48x48/ui/window-new-symbolic.symbolic.png
/usr/share/icons/Adwaita/48x48/ui/window-restore-symbolic.symbolic.png
/usr/share/icons/Adwaita/512x512
/usr/share/icons/Adwaita/512x512/devices
/usr/share/icons/Adwaita/512x512/devices/audio-headphones.png
/usr/share/icons/Adwaita/512x512/devices/audio-headset.png
/usr/share/icons/Adwaita/512x512/devices/computer.png
/usr/share/icons/Adwaita/512x512/devices/media-removable.png
/usr/share/icons/Adwaita/512x512/devices/printer-network.png
/usr/share/icons/Adwaita/512x512/emblems
/usr/share/icons/Adwaita/512x512/emblems/emblem-readonly.png
/usr/share/icons/Adwaita/512x512/emblems/emblem-unreadable.png
/usr/share/icons/Adwaita/512x512/legacy
/usr/share/icons/Adwaita/512x512/legacy/accessories-character-map.png
/usr/share/icons/Adwaita/512x512/legacy/input-dialpad.png
/usr/share/icons/Adwaita/512x512/mimetypes
/usr/share/icons/Adwaita/512x512/mimetypes/application-x-executable.png
/usr/share/icons/Adwaita/512x512/mimetypes/application-x-generic.png
/usr/share/icons/Adwaita/512x512/mimetypes/text-x-preview.png
/usr/share/icons/Adwaita/512x512/mimetypes/x-office-presentation.png
/usr/share/icons/Adwaita/512x512/status
/usr/share/icons/Adwaita/512x512/status/avatar-default.png
/usr/share/icons/Adwaita/64x64
/usr/share/icons/Adwaita/64x64/actions
/usr/share/icons/Adwaita/64x64/actions/call-start-symbolic.symbolic.png
/usr/share/icons/Adwaita/64x64/actions/call-stop-symbolic.symbolic.png
/usr/share/icons/Adwaita/64x64/actions/document-send-symbolic.symbolic.png
/usr/share/icons/Adwaita/64x64/actions/edit-delete-symbolic.symbolic.png
/usr/share/icons/Adwaita/64x64/actions/edit-find-replace-symbolic.symbolic.png
/usr/share/icons/Adwaita/64x64/actions/edit-find-symbolic.symbolic.png
/usr/share/icons/Adwaita/64x64/actions/format-indent-less-symbolic.symbolic.png
/usr/share/icons/Adwaita/64x64/actions/format-indent-more-symbolic.symbolic.png
/usr/share/icons/Adwaita/64x64/actions/format-justify-center-symbolic.symbolic.png
/usr/share/icons/Adwaita/64x64/actions/format-justify-fill-symbolic.symbolic.png
/usr/share/icons/Adwaita/64x64/actions/format-justify-left-symbolic.symbolic.png
/usr/share/icons/Adwaita/64x64/actions/format-justify-right-symbolic.symbolic.png
/usr/share/icons/Adwaita/64x64/actions/format-text-bold-symbolic.symbolic.png
/usr/share/icons/Adwaita/64x64/actions/format-text-italic-symbolic.symbolic.png
/usr/share/icons/Adwaita/64x64/actions/format-text-strikethrough-symbolic.symbolic.png
/usr/share/icons/Adwaita/64x64/actions/format-text-underline-symbolic.symbolic.png
/usr/share/icons/Adwaita/64x64/actions/go-jump-symbolic.symbolic.png
/usr/share/icons/Adwaita/64x64/actions/insert-image-symbolic.symbolic.png
/usr/share/icons/Adwaita/64x64/actions/insert-link-symbolic.symbolic.png
/usr/share/icons/Adwaita/64x64/actions/media-playback-pause-symbolic.symbolic.png
/usr/share/icons/Adwaita/64x64/actions/media-playback-start-symbolic.symbolic.png
/usr/share/icons/Adwaita/64x64/actions/media-playback-stop-symbolic.symbolic.png
/usr/share/icons/Adwaita/64x64/actions/open-menu-symbolic.symbolic.png
/usr/share/icons/Adwaita/64x64/actions/system-search-symbolic.symbolic.png
/usr/share/icons/Adwaita/64x64/actions/tools-check-spelling-symbolic.symbolic.png
/usr/share/icons/Adwaita/64x64/actions/view-sort-ascending-symbolic.symbolic.png
/usr/share/icons/Adwaita/64x64/actions/view-sort-descending-symbolic.symbolic.png
/usr/share/icons/Adwaita/64x64/actions/zoom-fit-best-symbolic.symbolic.png
/usr/share/icons/Adwaita/64x64/actions/zoom-in-symbolic.symbolic.png
/usr/share/icons/Adwaita/64x64/actions/zoom-original-symbolic.symbolic.png
/usr/share/icons/Adwaita/64x64/actions/zoom-out-symbolic.symbolic.png
/usr/share/icons/Adwaita/64x64/apps
/usr/share/icons/Adwaita/64x64/apps/accessories-character-map-symbolic.symbolic.png
/usr/share/icons/Adwaita/64x64/apps/help-faq-symbolic.symbolic.png
/usr/share/icons/Adwaita/64x64/apps/multimedia-volume-control-symbolic.symbolic.png
/usr/share/icons/Adwaita/64x64/apps/preferences-desktop-font-symbolic.symbolic.png
/usr/share/icons/Adwaita/64x64/apps/preferences-system-notifications-symbolic.symbolic.png
/usr/share/icons/Adwaita/64x64/apps/preferences-system-privacy-symbolic.symbolic.png
/usr/share/icons/Adwaita/64x64/apps/preferences-system-search-symbolic.symbolic.png
/usr/share/icons/Adwaita/64x64/apps/preferences-system-sharing-symbolic.symbolic.png
/usr/share/icons/Adwaita/64x64/apps/system-file-manager-symbolic.symbolic.png
/usr/share/icons/Adwaita/64x64/devices
/usr/share/icons/Adwaita/64x64/devices/ac-adapter-symbolic.symbolic.png
/usr/share/icons/Adwaita/64x64/devices/audio-headphones-symbolic.symbolic.png
/usr/share/icons/Adwaita/64x64/devices/audio-headset-symbolic.symbolic.png
/usr/share/icons/Adwaita/64x64/devices/audio-speakers-symbolic.symbolic.png
/usr/share/icons/Adwaita/64x64/devices/computer-symbolic.symbolic.png
/usr/share/icons/Adwaita/64x64/devices/drive-multidisk-symbolic.symbolic.png
/usr/share/icons/Adwaita/64x64/devices/input-dialpad-symbolic.symbolic.png
/usr/share/icons/Adwaita/64x64/devices/input-tablet-symbolic.symbolic.png
/usr/share/icons/Adwaita/64x64/devices/media-removable-symbolic.symbolic.png
/usr/share/icons/Adwaita/64x64/devices/modem-symbolic.symbolic.png
/usr/share/icons/Adwaita/64x64/devices/printer-network-symbolic.symbolic.png
/usr/share/icons/Adwaita/64x64/devices/scanner-symbolic.symbolic.png
/usr/share/icons/Adwaita/64x64/emblems
/usr/share/icons/Adwaita/64x64/emblems/emblem-default-symbolic.symbolic.png
/usr/share/icons/Adwaita/64x64/emotes
/usr/share/icons/Adwaita/64x64/emotes/face-angel-symbolic.symbolic.png
/usr/share/icons/Adwaita/64x64/emotes/face-angry-symbolic.symbolic.png
/usr/share/icons/Adwaita/64x64/emotes/face-cool-symbolic.symbolic.png
/usr/share/icons/Adwaita/64x64/emotes/face-crying-symbolic.symbolic.png
/usr/share/icons/Adwaita/64x64/emotes/face-devilish-symbolic.symbolic.png
/usr/share/icons/Adwaita/64x64/emotes/face-embarrassed-symbolic.symbolic.png
/usr/share/icons/Adwaita/64x64/emotes/face-glasses-symbolic.symbolic.png
/usr/share/icons/Adwaita/64x64/emotes/face-kiss-symbolic.symbolic.png
/usr/share/icons/Adwaita/64x64/emotes/face-laugh-symbolic.symbolic.png
/usr/share/icons/Adwaita/64x64/emotes/face-monkey-symbolic.symbolic.png
/usr/share/icons/Adwaita/64x64/emotes/face-plain-symbolic.symbolic.png
/usr/share/icons/Adwaita/64x64/emotes/face-raspberry-symbolic.symbolic.png
/usr/share/icons/Adwaita/64x64/emotes/face-sad-symbolic.symbolic.png
/usr/share/icons/Adwaita/64x64/emotes/face-sick-symbolic.symbolic.png
/usr/share/icons/Adwaita/64x64/emotes/face-smile-big-symbolic.symbolic.png
/usr/share/icons/Adwaita/64x64/emotes/face-smile-symbolic.symbolic.png
/usr/share/icons/Adwaita/64x64/emotes/face-smirk-symbolic.symbolic.png
/usr/share/icons/Adwaita/64x64/emotes/face-surprise-symbolic.symbolic.png
/usr/share/icons/Adwaita/64x64/emotes/face-tired-symbolic.symbolic.png
/usr/share/icons/Adwaita/64x64/emotes/face-uncertain-symbolic.symbolic.png
/usr/share/icons/Adwaita/64x64/emotes/face-wink-symbolic.symbolic.png
/usr/share/icons/Adwaita/64x64/emotes/face-worried-symbolic.symbolic.png
/usr/share/icons/Adwaita/64x64/legacy
/usr/share/icons/Adwaita/64x64/legacy/battery-caution-charging-symbolic.symbolic.png
/usr/share/icons/Adwaita/64x64/legacy/battery-empty-symbolic.symbolic.png
/usr/share/icons/Adwaita/64x64/legacy/battery-full-charged-symbolic.symbolic.png
/usr/share/icons/Adwaita/64x64/legacy/battery-full-charging-symbolic.symbolic.png
/usr/share/icons/Adwaita/64x64/legacy/battery-full-symbolic.symbolic.png
/usr/share/icons/Adwaita/64x64/legacy/battery-good-charging-symbolic.symbolic.png
/usr/share/icons/Adwaita/64x64/legacy/battery-good-symbolic.symbolic.png
/usr/share/icons/Adwaita/64x64/legacy/battery-low-charging-symbolic.symbolic.png
/usr/share/icons/Adwaita/64x64/mimetypes
/usr/share/icons/Adwaita/64x64/mimetypes/application-certificate-symbolic.symbolic.png
/usr/share/icons/Adwaita/64x64/mimetypes/application-x-executable-symbolic.symbolic.png
/usr/share/icons/Adwaita/64x64/mimetypes/x-office-presentation-symbolic.symbolic.png
/usr/share/icons/Adwaita/64x64/status
/usr/share/icons/Adwaita/64x64/status/appointment-missed-symbolic.symbolic.png
/usr/share/icons/Adwaita/64x64/status/appointment-soon-symbolic.symbolic.png
/usr/share/icons/Adwaita/64x64/status/avatar-default-symbolic.symbolic.png
/usr/share/icons/Adwaita/64x64/status/battery-missing-symbolic.symbolic.png
/usr/share/icons/Adwaita/64x64/status/changes-allow-symbolic.symbolic.png
/usr/share/icons/Adwaita/64x64/status/changes-prevent-symbolic.symbolic.png
/usr/share/icons/Adwaita/64x64/status/computer-fail-symbolic.symbolic.png
/usr/share/icons/Adwaita/64x64/status/mail-attachment-symbolic.symbolic.png
/usr/share/icons/Adwaita/64x64/status/network-vpn-symbolic.symbolic.png
/usr/share/icons/Adwaita/64x64/status/network-wired-disconnected-symbolic.symbolic.png
/usr/share/icons/Adwaita/64x64/status/non-starred-symbolic.symbolic.png
/usr/share/icons/Adwaita/64x64/status/security-high-symbolic.symbolic.png
/usr/share/icons/Adwaita/64x64/status/security-low-symbolic.symbolic.png
/usr/share/icons/Adwaita/64x64/status/security-medium-symbolic.symbolic.png
/usr/share/icons/Adwaita/64x64/status/software-update-available-symbolic.symbolic.png
/usr/share/icons/Adwaita/64x64/status/software-update-urgent-symbolic.symbolic.png
/usr/share/icons/Adwaita/64x64/status/starred-symbolic.symbolic.png
/usr/share/icons/Adwaita/64x64/ui
/usr/share/icons/Adwaita/64x64/ui/pan-down-symbolic.symbolic.png
/usr/share/icons/Adwaita/64x64/ui/pan-end-symbolic.symbolic.png
/usr/share/icons/Adwaita/64x64/ui/pan-start-symbolic.symbolic.png
/usr/share/icons/Adwaita/64x64/ui/pan-up-symbolic.symbolic.png
/usr/share/icons/Adwaita/64x64/ui/window-close-symbolic.symbolic.png
/usr/share/icons/Adwaita/64x64/ui/window-maximize-symbolic.symbolic.png
/usr/share/icons/Adwaita/64x64/ui/window-minimize-symbolic.symbolic.png
/usr/share/icons/Adwaita/64x64/ui/window-new-symbolic.symbolic.png
/usr/share/icons/Adwaita/64x64/ui/window-restore-symbolic.symbolic.png
/usr/share/icons/Adwaita/8x8
/usr/share/icons/Adwaita/8x8/emblems
/usr/share/icons/Adwaita/8x8/emblems/emblem-readonly.png
/usr/share/icons/Adwaita/8x8/emblems/emblem-unreadable.png
/usr/share/icons/Adwaita/8x8/legacy
/usr/share/icons/Adwaita/8x8/legacy/emblem-default.png
/usr/share/icons/Adwaita/96x96
/usr/share/icons/Adwaita/96x96/actions
/usr/share/icons/Adwaita/96x96/actions/call-start-symbolic.symbolic.png
/usr/share/icons/Adwaita/96x96/actions/call-stop-symbolic.symbolic.png
/usr/share/icons/Adwaita/96x96/actions/document-send-symbolic.symbolic.png
/usr/share/icons/Adwaita/96x96/actions/edit-delete-symbolic.symbolic.png
/usr/share/icons/Adwaita/96x96/actions/edit-find-replace-symbolic.symbolic.png
/usr/share/icons/Adwaita/96x96/actions/edit-find-symbolic.symbolic.png
/usr/share/icons/Adwaita/96x96/actions/format-indent-less-symbolic.symbolic.png
/usr/share/icons/Adwaita/96x96/actions/format-indent-more-symbolic.symbolic.png
/usr/share/icons/Adwaita/96x96/actions/format-justify-center-symbolic.symbolic.png
/usr/share/icons/Adwaita/96x96/actions/format-justify-fill-symbolic.symbolic.png
/usr/share/icons/Adwaita/96x96/actions/format-justify-left-symbolic.symbolic.png
/usr/share/icons/Adwaita/96x96/actions/format-justify-right-symbolic.symbolic.png
/usr/share/icons/Adwaita/96x96/actions/format-text-bold-symbolic.symbolic.png
/usr/share/icons/Adwaita/96x96/actions/format-text-italic-symbolic.symbolic.png
/usr/share/icons/Adwaita/96x96/actions/format-text-strikethrough-symbolic.symbolic.png
/usr/share/icons/Adwaita/96x96/actions/format-text-underline-symbolic.symbolic.png
/usr/share/icons/Adwaita/96x96/actions/go-jump-symbolic.symbolic.png
/usr/share/icons/Adwaita/96x96/actions/insert-image-symbolic.symbolic.png
/usr/share/icons/Adwaita/96x96/actions/insert-link-symbolic.symbolic.png
/usr/share/icons/Adwaita/96x96/actions/media-playback-pause-symbolic.symbolic.png
/usr/share/icons/Adwaita/96x96/actions/media-playback-start-symbolic.symbolic.png
/usr/share/icons/Adwaita/96x96/actions/media-playback-stop-symbolic.symbolic.png
/usr/share/icons/Adwaita/96x96/actions/open-menu-symbolic.symbolic.png
/usr/share/icons/Adwaita/96x96/actions/system-search-symbolic.symbolic.png
/usr/share/icons/Adwaita/96x96/actions/tools-check-spelling-symbolic.symbolic.png
/usr/share/icons/Adwaita/96x96/actions/view-sort-ascending-symbolic.symbolic.png
/usr/share/icons/Adwaita/96x96/actions/view-sort-descending-symbolic.symbolic.png
/usr/share/icons/Adwaita/96x96/actions/zoom-fit-best-symbolic.symbolic.png
/usr/share/icons/Adwaita/96x96/actions/zoom-in-symbolic.symbolic.png
/usr/share/icons/Adwaita/96x96/actions/zoom-original-symbolic.symbolic.png
/usr/share/icons/Adwaita/96x96/actions/zoom-out-symbolic.symbolic.png
/usr/share/icons/Adwaita/96x96/apps
/usr/share/icons/Adwaita/96x96/apps/accessories-character-map-symbolic.symbolic.png
/usr/share/icons/Adwaita/96x96/apps/help-faq-symbolic.symbolic.png
/usr/share/icons/Adwaita/96x96/apps/multimedia-volume-control-symbolic.symbolic.png
/usr/share/icons/Adwaita/96x96/apps/preferences-desktop-font-symbolic.symbolic.png
/usr/share/icons/Adwaita/96x96/apps/preferences-system-notifications-symbolic.symbolic.png
/usr/share/icons/Adwaita/96x96/apps/preferences-system-privacy-symbolic.symbolic.png
/usr/share/icons/Adwaita/96x96/apps/preferences-system-search-symbolic.symbolic.png
/usr/share/icons/Adwaita/96x96/apps/preferences-system-sharing-symbolic.symbolic.png
/usr/share/icons/Adwaita/96x96/apps/system-file-manager-symbolic.symbolic.png
/usr/share/icons/Adwaita/96x96/devices
/usr/share/icons/Adwaita/96x96/devices/ac-adapter-symbolic.symbolic.png
/usr/share/icons/Adwaita/96x96/devices/audio-headphones-symbolic.symbolic.png
/usr/share/icons/Adwaita/96x96/devices/audio-headset-symbolic.symbolic.png
/usr/share/icons/Adwaita/96x96/devices/audio-speakers-symbolic.symbolic.png
/usr/share/icons/Adwaita/96x96/devices/computer-symbolic.symbolic.png
/usr/share/icons/Adwaita/96x96/devices/drive-multidisk-symbolic.symbolic.png
/usr/share/icons/Adwaita/96x96/devices/input-dialpad-symbolic.symbolic.png
/usr/share/icons/Adwaita/96x96/devices/input-tablet-symbolic.symbolic.png
/usr/share/icons/Adwaita/96x96/devices/media-removable-symbolic.symbolic.png
/usr/share/icons/Adwaita/96x96/devices/modem-symbolic.symbolic.png
/usr/share/icons/Adwaita/96x96/devices/printer-network-symbolic.symbolic.png
/usr/share/icons/Adwaita/96x96/devices/scanner-symbolic.symbolic.png
/usr/share/icons/Adwaita/96x96/emblems
/usr/share/icons/Adwaita/96x96/emblems/emblem-default-symbolic.symbolic.png
/usr/share/icons/Adwaita/96x96/emotes
/usr/share/icons/Adwaita/96x96/emotes/face-angel-symbolic.symbolic.png
/usr/share/icons/Adwaita/96x96/emotes/face-angry-symbolic.symbolic.png
/usr/share/icons/Adwaita/96x96/emotes/face-cool-symbolic.symbolic.png
/usr/share/icons/Adwaita/96x96/emotes/face-crying-symbolic.symbolic.png
/usr/share/icons/Adwaita/96x96/emotes/face-devilish-symbolic.symbolic.png
/usr/share/icons/Adwaita/96x96/emotes/face-embarrassed-symbolic.symbolic.png
/usr/share/icons/Adwaita/96x96/emotes/face-glasses-symbolic.symbolic.png
/usr/share/icons/Adwaita/96x96/emotes/face-kiss-symbolic.symbolic.png
/usr/share/icons/Adwaita/96x96/emotes/face-laugh-symbolic.symbolic.png
/usr/share/icons/Adwaita/96x96/emotes/face-monkey-symbolic.symbolic.png
/usr/share/icons/Adwaita/96x96/emotes/face-plain-symbolic.symbolic.png
/usr/share/icons/Adwaita/96x96/emotes/face-raspberry-symbolic.symbolic.png
/usr/share/icons/Adwaita/96x96/emotes/face-sad-symbolic.symbolic.png
/usr/share/icons/Adwaita/96x96/emotes/face-sick-symbolic.symbolic.png
/usr/share/icons/Adwaita/96x96/emotes/face-smile-big-symbolic.symbolic.png
/usr/share/icons/Adwaita/96x96/emotes/face-smile-symbolic.symbolic.png
/usr/share/icons/Adwaita/96x96/emotes/face-smirk-symbolic.symbolic.png
/usr/share/icons/Adwaita/96x96/emotes/face-surprise-symbolic.symbolic.png
/usr/share/icons/Adwaita/96x96/emotes/face-tired-symbolic.symbolic.png
/usr/share/icons/Adwaita/96x96/emotes/face-uncertain-symbolic.symbolic.png
/usr/share/icons/Adwaita/96x96/emotes/face-wink-symbolic.symbolic.png
/usr/share/icons/Adwaita/96x96/emotes/face-worried-symbolic.symbolic.png
/usr/share/icons/Adwaita/96x96/legacy
/usr/share/icons/Adwaita/96x96/legacy/battery-caution-charging-symbolic.symbolic.png
/usr/share/icons/Adwaita/96x96/legacy/battery-empty-symbolic.symbolic.png
/usr/share/icons/Adwaita/96x96/legacy/battery-full-charged-symbolic.symbolic.png
/usr/share/icons/Adwaita/96x96/legacy/battery-full-charging-symbolic.symbolic.png
/usr/share/icons/Adwaita/96x96/legacy/battery-full-symbolic.symbolic.png
/usr/share/icons/Adwaita/96x96/legacy/battery-good-charging-symbolic.symbolic.png
/usr/share/icons/Adwaita/96x96/legacy/battery-good-symbolic.symbolic.png
/usr/share/icons/Adwaita/96x96/legacy/battery-low-charging-symbolic.symbolic.png
/usr/share/icons/Adwaita/96x96/mimetypes
/usr/share/icons/Adwaita/96x96/mimetypes/application-certificate-symbolic.symbolic.png
/usr/share/icons/Adwaita/96x96/mimetypes/application-x-executable-symbolic.symbolic.png
/usr/share/icons/Adwaita/96x96/mimetypes/x-office-presentation-symbolic.symbolic.png
/usr/share/icons/Adwaita/96x96/status
/usr/share/icons/Adwaita/96x96/status/appointment-missed-symbolic.symbolic.png
/usr/share/icons/Adwaita/96x96/status/appointment-soon-symbolic.symbolic.png
/usr/share/icons/Adwaita/96x96/status/avatar-default-symbolic.symbolic.png
/usr/share/icons/Adwaita/96x96/status/battery-missing-symbolic.symbolic.png
/usr/share/icons/Adwaita/96x96/status/changes-allow-symbolic.symbolic.png
/usr/share/icons/Adwaita/96x96/status/changes-prevent-symbolic.symbolic.png
/usr/share/icons/Adwaita/96x96/status/computer-fail-symbolic.symbolic.png
/usr/share/icons/Adwaita/96x96/status/mail-attachment-symbolic.symbolic.png
/usr/share/icons/Adwaita/96x96/status/network-vpn-symbolic.symbolic.png
/usr/share/icons/Adwaita/96x96/status/network-wired-disconnected-symbolic.symbolic.png
/usr/share/icons/Adwaita/96x96/status/non-starred-symbolic.symbolic.png
/usr/share/icons/Adwaita/96x96/status/security-high-symbolic.symbolic.png
/usr/share/icons/Adwaita/96x96/status/security-low-symbolic.symbolic.png
/usr/share/icons/Adwaita/96x96/status/security-medium-symbolic.symbolic.png
/usr/share/icons/Adwaita/96x96/status/software-update-available-symbolic.symbolic.png
/usr/share/icons/Adwaita/96x96/status/software-update-urgent-symbolic.symbolic.png
/usr/share/icons/Adwaita/96x96/status/starred-symbolic.symbolic.png
/usr/share/icons/Adwaita/96x96/ui
/usr/share/icons/Adwaita/96x96/ui/pan-down-symbolic.symbolic.png
/usr/share/icons/Adwaita/96x96/ui/pan-end-symbolic.symbolic.png
/usr/share/icons/Adwaita/96x96/ui/pan-start-symbolic.symbolic.png
/usr/share/icons/Adwaita/96x96/ui/pan-up-symbolic.symbolic.png
/usr/share/icons/Adwaita/96x96/ui/window-close-symbolic.symbolic.png
/usr/share/icons/Adwaita/96x96/ui/window-maximize-symbolic.symbolic.png
/usr/share/icons/Adwaita/96x96/ui/window-minimize-symbolic.symbolic.png
/usr/share/icons/Adwaita/96x96/ui/window-new-symbolic.symbolic.png
/usr/share/icons/Adwaita/96x96/ui/window-restore-symbolic.symbolic.png
/usr/share/icons/Adwaita/cursor.theme
/usr/share/icons/Adwaita/index.theme
/usr/share/icons/Adwaita/scalable
/usr/share/icons/Adwaita/scalable/actions
/usr/share/icons/Adwaita/scalable/actions/action-unavailable-symbolic.svg
/usr/share/icons/Adwaita/scalable/actions/address-book-new-symbolic.svg
/usr/share/icons/Adwaita/scalable/actions/application-exit-symbolic.svg
/usr/share/icons/Adwaita/scalable/actions/appointment-new-symbolic.svg
/usr/share/icons/Adwaita/scalable/actions/bookmark-new-symbolic.svg
/usr/share/icons/Adwaita/scalable/actions/call-start-symbolic.svg
/usr/share/icons/Adwaita/scalable/actions/call-stop-symbolic.svg
/usr/share/icons/Adwaita/scalable/actions/camera-switch-symbolic.svg
/usr/share/icons/Adwaita/scalable/actions/chat-message-new-symbolic.svg
/usr/share/icons/Adwaita/scalable/actions/color-select-symbolic.svg
/usr/share/icons/Adwaita/scalable/actions/contact-new-symbolic.svg
/usr/share/icons/Adwaita/scalable/actions/document-edit-symbolic.svg
/usr/share/icons/Adwaita/scalable/actions/document-new-symbolic.svg
/usr/share/icons/Adwaita/scalable/actions/document-open-recent-symbolic.svg
/usr/share/icons/Adwaita/scalable/actions/document-open-symbolic.svg
/usr/share/icons/Adwaita/scalable/actions/document-page-setup-symbolic.svg
/usr/share/icons/Adwaita/scalable/actions/document-print-preview-symbolic.svg
/usr/share/icons/Adwaita/scalable/actions/document-print-symbolic.svg
/usr/share/icons/Adwaita/scalable/actions/document-properties-symbolic.svg
/usr/share/icons/Adwaita/scalable/actions/document-revert-symbolic-rtl.svg
/usr/share/icons/Adwaita/scalable/actions/document-revert-symbolic.svg
/usr/share/icons/Adwaita/scalable/actions/document-save-as-symbolic.svg
/usr/share/icons/Adwaita/scalable/actions/document-save-symbolic.svg
/usr/share/icons/Adwaita/scalable/actions/document-send-symbolic.svg
/usr/share/icons/Adwaita/scalable/actions/edit-clear-all-symbolic.svg
/usr/share/icons/Adwaita/scalable/actions/edit-clear-rtl-symbolic.svg
/usr/share/icons/Adwaita/scalable/actions/edit-clear-symbolic-rtl.svg
/usr/share/icons/Adwaita/scalable/actions/edit-clear-symbolic.svg
/usr/share/icons/Adwaita/scalable/actions/edit-copy-symbolic.svg
/usr/share/icons/Adwaita/scalable/actions/edit-cut-symbolic.svg
/usr/share/icons/Adwaita/scalable/actions/edit-delete-symbolic.svg
/usr/share/icons/Adwaita/scalable/actions/edit-find-replace-symbolic.svg
/usr/share/icons/Adwaita/scalable/actions/edit-find-symbolic.svg
/usr/share/icons/Adwaita/scalable/actions/edit-paste-symbolic.svg
/usr/share/icons/Adwaita/scalable/actions/edit-redo-symbolic-rtl.svg
/usr/share/icons/Adwaita/scalable/actions/edit-redo-symbolic.svg
/usr/share/icons/Adwaita/scalable/actions/edit-select-all-symbolic.svg
/usr/share/icons/Adwaita/scalable/actions/edit-select-symbolic.svg
/usr/share/icons/Adwaita/scalable/actions/edit-undo-symbolic-rtl.svg
/usr/share/icons/Adwaita/scalable/actions/edit-undo-symbolic.svg
/usr/share/icons/Adwaita/scalable/actions/error-correct-symbolic.svg
/usr/share/icons/Adwaita/scalable/actions/find-location-symbolic.svg
/usr/share/icons/Adwaita/scalable/actions/folder-new-symbolic.svg
/usr/share/icons/Adwaita/scalable/actions/font-select-symbolic.svg
/usr/share/icons/Adwaita/scalable/actions/format-indent-less-symbolic-rtl.svg
/usr/share/icons/Adwaita/scalable/actions/format-indent-less-symbolic.svg
/usr/share/icons/Adwaita/scalable/actions/format-indent-more-symbolic-rtl.svg
/usr/share/icons/Adwaita/scalable/actions/format-indent-more-symbolic.svg
/usr/share/icons/Adwaita/scalable/actions/format-justify-center-symbolic.svg
/usr/share/icons/Adwaita/scalable/actions/format-justify-fill-symbolic.svg
/usr/share/icons/Adwaita/scalable/actions/format-justify-left-symbolic.svg
/usr/share/icons/Adwaita/scalable/actions/format-justify-right-symbolic.svg
/usr/share/icons/Adwaita/scalable/actions/format-text-bold-symbolic.svg
/usr/share/icons/Adwaita/scalable/actions/format-text-direction-symbolic-rtl.svg
/usr/share/icons/Adwaita/scalable/actions/format-text-direction-symbolic.svg
/usr/share/icons/Adwaita/scalable/actions/format-text-italic-symbolic.svg
/usr/share/icons/Adwaita/scalable/actions/format-text-strikethrough-symbolic.svg
/usr/share/icons/Adwaita/scalable/actions/format-text-underline-symbolic.svg
/usr/share/icons/Adwaita/scalable/actions/go-bottom-symbolic.svg
/usr/share/icons/Adwaita/scalable/actions/go-down-symbolic.svg
/usr/share/icons/Adwaita/scalable/actions/go-first-symbolic-rtl.svg
/usr/share/icons/Adwaita/scalable/actions/go-first-symbolic.svg
/usr/share/icons/Adwaita/scalable/actions/go-home-symbolic.svg
/usr/share/icons/Adwaita/scalable/actions/go-jump-symbolic-rtl.svg
/usr/share/icons/Adwaita/scalable/actions/go-jump-symbolic.svg
/usr/share/icons/Adwaita/scalable/actions/go-last-symbolic-rtl.svg
/usr/share/icons/Adwaita/scalable/actions/go-last-symbolic.svg
/usr/share/icons/Adwaita/scalable/actions/go-next-symbolic-rtl.svg
/usr/share/icons/Adwaita/scalable/actions/go-next-symbolic.svg
/usr/share/icons/Adwaita/scalable/actions/go-previous-symbolic-rtl.svg
/usr/share/icons/Adwaita/scalable/actions/go-previous-symbolic.svg
/usr/share/icons/Adwaita/scalable/actions/go-top-symbolic.svg
/usr/share/icons/Adwaita/scalable/actions/go-up-symbolic.svg
/usr/share/icons/Adwaita/scalable/actions/help-about-symbolic.svg
/usr/share/icons/Adwaita/scalable/actions/insert-image-symbolic.svg
/usr/share/icons/Adwaita/scalable/actions/insert-link-symbolic.svg
/usr/share/icons/Adwaita/scalable/actions/insert-object-symbolic.svg
/usr/share/icons/Adwaita/scalable/actions/insert-text-symbolic.svg
/usr/share/icons/Adwaita/scalable/actions/list-add-symbolic.svg
/usr/share/icons/Adwaita/scalable/actions/list-remove-all-symbolic.svg
/usr/share/icons/Adwaita/scalable/actions/list-remove-symbolic.svg
/usr/share/icons/Adwaita/scalable/actions/mail-forward-symbolic.svg
/usr/share/icons/Adwaita/scalable/actions/mail-mark-important-symbolic.svg
/usr/share/icons/Adwaita/scalable/actions/mail-mark-junk-symbolic.svg
/usr/share/icons/Adwaita/scalable/actions/mail-mark-notjunk-symbolic.svg
/usr/share/icons/Adwaita/scalable/actions/mail-message-new-symbolic.svg
/usr/share/icons/Adwaita/scalable/actions/mail-reply-all-symbolic.svg
/usr/share/icons/Adwaita/scalable/actions/mail-reply-sender-symbolic.svg
/usr/share/icons/Adwaita/scalable/actions/mail-send-receive-symbolic.svg
/usr/share/icons/Adwaita/scalable/actions/mail-send-symbolic.svg
/usr/share/icons/Adwaita/scalable/actions/mark-location-symbolic.svg
/usr/share/icons/Adwaita/scalable/actions/media-eject-symbolic.svg
/usr/share/icons/Adwaita/scalable/actions/media-playback-pause-symbolic.svg
/usr/share/icons/Adwaita/scalable/actions/media-playback-start-symbolic.svg
/usr/share/icons/Adwaita/scalable/actions/media-playback-stop-symbolic.svg
/usr/share/icons/Adwaita/scalable/actions/media-record-symbolic.svg
/usr/share/icons/Adwaita/scalable/actions/media-seek-backward-symbolic.svg
/usr/share/icons/Adwaita/scalable/actions/media-seek-forward-symbolic.svg
/usr/share/icons/Adwaita/scalable/actions/media-skip-backward-symbolic.svg
/usr/share/icons/Adwaita/scalable/actions/media-skip-forward-symbolic.svg
/usr/share/icons/Adwaita/scalable/actions/media-view-subtitles-symbolic.svg
/usr/share/icons/Adwaita/scalable/actions/object-flip-horizontal-symbolic.svg
/usr/share/icons/Adwaita/scalable/actions/object-flip-vertical-symbolic.svg
/usr/share/icons/Adwaita/scalable/actions/object-rotate-left-symbolic.svg
/usr/share/icons/Adwaita/scalable/actions/object-rotate-right-symbolic.svg
/usr/share/icons/Adwaita/scalable/actions/object-select-symbolic.svg
/usr/share/icons/Adwaita/scalable/actions/open-menu-symbolic.svg
/usr/share/icons/Adwaita/scalable/actions/process-stop-symbolic.svg
/usr/share/icons/Adwaita/scalable/actions/send-to-symbolic.svg
/usr/share/icons/Adwaita/scalable/actions/sidebar-show-right-rtl-symbolic.svg
/usr/share/icons/Adwaita/scalable/actions/sidebar-show-right-symbolic.svg
/usr/share/icons/Adwaita/scalable/actions/sidebar-show-rtl-symbolic.svg
/usr/share/icons/Adwaita/scalable/actions/sidebar-show-symbolic.svg
/usr/share/icons/Adwaita/scalable/actions/star-new-symbolic.svg
/usr/share/icons/Adwaita/scalable/actions/system-log-out-symbolic.svg
/usr/share/icons/Adwaita/scalable/actions/system-reboot-symbolic.svg
/usr/share/icons/Adwaita/scalable/actions/system-run-symbolic.svg
/usr/share/icons/Adwaita/scalable/actions/system-search-symbolic.svg
/usr/share/icons/Adwaita/scalable/actions/system-shutdown-symbolic.svg
/usr/share/icons/Adwaita/scalable/actions/system-switch-user-symbolic.svg
/usr/share/icons/Adwaita/scalable/actions/tab-new-symbolic.svg
/usr/share/icons/Adwaita/scalable/actions/tools-check-spelling-symbolic.svg
/usr/share/icons/Adwaita/scalable/actions/value-decrease-symbolic.svg
/usr/share/icons/Adwaita/scalable/actions/value-increase-symbolic.svg
/usr/share/icons/Adwaita/scalable/actions/view-app-grid-symbolic.svg
/usr/share/icons/Adwaita/scalable/actions/view-conceal-symbolic.svg
/usr/share/icons/Adwaita/scalable/actions/view-continuous-symbolic.svg
/usr/share/icons/Adwaita/scalable/actions/view-dual-symbolic.svg
/usr/share/icons/Adwaita/scalable/actions/view-fullscreen-symbolic.svg
/usr/share/icons/Adwaita/scalable/actions/view-grid-symbolic.svg
/usr/share/icons/Adwaita/scalable/actions/view-list-bullet-symbolic.svg
/usr/share/icons/Adwaita/scalable/actions/view-list-ordered-symbolic.svg
/usr/share/icons/Adwaita/scalable/actions/view-list-symbolic.svg
/usr/share/icons/Adwaita/scalable/actions/view-mirror-symbolic.svg
/usr/share/icons/Adwaita/scalable/actions/view-more-horizontal-symbolic.svg
/usr/share/icons/Adwaita/scalable/actions/view-more-symbolic.svg
/usr/share/icons/Adwaita/scalable/actions/view-paged-symbolic.svg
/usr/share/icons/Adwaita/scalable/actions/view-pin-symbolic.svg
/usr/share/icons/Adwaita/scalable/actions/view-refresh-symbolic.svg
/usr/share/icons/Adwaita/scalable/actions/view-restore-symbolic.svg
/usr/share/icons/Adwaita/scalable/actions/view-reveal-symbolic.svg
/usr/share/icons/Adwaita/scalable/actions/view-sort-ascending-symbolic.svg
/usr/share/icons/Adwaita/scalable/actions/view-sort-descending-symbolic.svg
/usr/share/icons/Adwaita/scalable/actions/zoom-fit-best-symbolic.svg
/usr/share/icons/Adwaita/scalable/actions/zoom-in-symbolic.svg
/usr/share/icons/Adwaita/scalable/actions/zoom-original-symbolic.svg
/usr/share/icons/Adwaita/scalable/actions/zoom-out-symbolic.svg
/usr/share/icons/Adwaita/scalable/apps
/usr/share/icons/Adwaita/scalable/apps/accessories-calculator-symbolic.svg
/usr/share/icons/Adwaita/scalable/apps/accessories-character-map-symbolic.svg
/usr/share/icons/Adwaita/scalable/apps/accessories-dictionary-symbolic.svg
/usr/share/icons/Adwaita/scalable/apps/accessories-text-editor-symbolic.svg
/usr/share/icons/Adwaita/scalable/apps/applets-screenshooter-symbolic.svg
/usr/share/icons/Adwaita/scalable/apps/gnome-power-manager-symbolic.svg
/usr/share/icons/Adwaita/scalable/apps/goa-panel-symbolic.svg
/usr/share/icons/Adwaita/scalable/apps/help-browser-symbolic.svg
/usr/share/icons/Adwaita/scalable/apps/help-contents-symbolic.svg
/usr/share/icons/Adwaita/scalable/apps/help-faq-symbolic.svg
/usr/share/icons/Adwaita/scalable/apps/multimedia-volume-control-symbolic.svg
/usr/share/icons/Adwaita/scalable/apps/preferences-color-symbolic.svg
/usr/share/icons/Adwaita/scalable/apps/preferences-desktop-accessibility-symbolic.svg
/usr/share/icons/Adwaita/scalable/apps/preferences-desktop-apps-symbolic.svg
/usr/share/icons/Adwaita/scalable/apps/preferences-desktop-display-symbolic.svg
/usr/share/icons/Adwaita/scalable/apps/preferences-desktop-font-symbolic.svg
/usr/share/icons/Adwaita/scalable/apps/preferences-desktop-keyboard-shortcuts-symbolic.svg
/usr/share/icons/Adwaita/scalable/apps/preferences-desktop-keyboard-symbolic.svg
/usr/share/icons/Adwaita/scalable/apps/preferences-desktop-locale-symbolic.svg
/usr/share/icons/Adwaita/scalable/apps/preferences-desktop-remote-desktop-symbolic.svg
/usr/share/icons/Adwaita/scalable/apps/preferences-desktop-screensaver-symbolic.svg
/usr/share/icons/Adwaita/scalable/apps/preferences-desktop-wallpaper-symbolic.svg
/usr/share/icons/Adwaita/scalable/apps/preferences-system-details-symbolic.svg
/usr/share/icons/Adwaita/scalable/apps/preferences-system-devices-symbolic.svg
/usr/share/icons/Adwaita/scalable/apps/preferences-system-network-proxy-symbolic.svg
/usr/share/icons/Adwaita/scalable/apps/preferences-system-network-symbolic.svg
/usr/share/icons/Adwaita/scalable/apps/preferences-system-notifications-symbolic.svg
/usr/share/icons/Adwaita/scalable/apps/preferences-system-parental-controls-symbolic.svg
/usr/share/icons/Adwaita/scalable/apps/preferences-system-privacy-symbolic.svg
/usr/share/icons/Adwaita/scalable/apps/preferences-system-search-symbolic.svg
/usr/share/icons/Adwaita/scalable/apps/preferences-system-sharing-symbolic.svg
/usr/share/icons/Adwaita/scalable/apps/preferences-system-time-symbolic.svg
/usr/share/icons/Adwaita/scalable/apps/system-file-manager-symbolic.svg
/usr/share/icons/Adwaita/scalable/apps/system-software-install-symbolic.svg
/usr/share/icons/Adwaita/scalable/apps/system-users-symbolic.svg
/usr/share/icons/Adwaita/scalable/apps/text-editor-symbolic.svg
/usr/share/icons/Adwaita/scalable/apps/user-info-symbolic.svg
/usr/share/icons/Adwaita/scalable/apps/utilities-terminal-symbolic.svg
/usr/share/icons/Adwaita/scalable/apps/web-browser-symbolic.svg
/usr/share/icons/Adwaita/scalable/categories
/usr/share/icons/Adwaita/scalable/categories/applications-engineering-symbolic.svg
/usr/share/icons/Adwaita/scalable/categories/applications-games-symbolic.svg
/usr/share/icons/Adwaita/scalable/categories/applications-graphics-symbolic.svg
/usr/share/icons/Adwaita/scalable/categories/applications-multimedia-symbolic.svg
/usr/share/icons/Adwaita/scalable/categories/applications-science-symbolic.svg
/usr/share/icons/Adwaita/scalable/categories/applications-system-symbolic.svg
/usr/share/icons/Adwaita/scalable/categories/applications-utilities-symbolic.svg
/usr/share/icons/Adwaita/scalable/categories/emoji-activities-symbolic.svg
/usr/share/icons/Adwaita/scalable/categories/emoji-body-symbolic.svg
/usr/share/icons/Adwaita/scalable/categories/emoji-flags-symbolic.svg
/usr/share/icons/Adwaita/scalable/categories/emoji-food-symbolic.svg
/usr/share/icons/Adwaita/scalable/categories/emoji-nature-symbolic.svg
/usr/share/icons/Adwaita/scalable/categories/emoji-objects-symbolic.svg
/usr/share/icons/Adwaita/scalable/categories/emoji-people-symbolic.svg
/usr/share/icons/Adwaita/scalable/categories/emoji-recent-symbolic.svg
/usr/share/icons/Adwaita/scalable/categories/emoji-symbols-symbolic.svg
/usr/share/icons/Adwaita/scalable/categories/emoji-travel-symbolic.svg
/usr/share/icons/Adwaita/scalable/categories/preferences-other-symbolic.svg
/usr/share/icons/Adwaita/scalable/categories/preferences-system-symbolic.svg
/usr/share/icons/Adwaita/scalable/categories/system-help-symbolic.svg
/usr/share/icons/Adwaita/scalable/devices
/usr/share/icons/Adwaita/scalable/devices/ac-adapter-symbolic.svg
/usr/share/icons/Adwaita/scalable/devices/audio-card-symbolic.svg
/usr/share/icons/Adwaita/scalable/devices/audio-headphones-symbolic.svg
/usr/share/icons/Adwaita/scalable/devices/audio-headset-symbolic.svg
/usr/share/icons/Adwaita/scalable/devices/audio-input-microphone-symbolic.svg
/usr/share/icons/Adwaita/scalable/devices/audio-speakers-symbolic.svg
/usr/share/icons/Adwaita/scalable/devices/auth-fingerprint-symbolic.svg
/usr/share/icons/Adwaita/scalable/devices/auth-sim-symbolic.svg
/usr/share/icons/Adwaita/scalable/devices/auth-smartcard-symbolic.svg
/usr/share/icons/Adwaita/scalable/devices/battery-symbolic.svg
/usr/share/icons/Adwaita/scalable/devices/bluetooth-symbolic.svg
/usr/share/icons/Adwaita/scalable/devices/camera-photo-symbolic.svg
/usr/share/icons/Adwaita/scalable/devices/camera-video-symbolic.svg
/usr/share/icons/Adwaita/scalable/devices/camera-web-symbolic.svg
/usr/share/icons/Adwaita/scalable/devices/colorimeter-colorhug-symbolic.svg
/usr/share/icons/Adwaita/scalable/devices/computer-apple-ipad-symbolic.svg
/usr/share/icons/Adwaita/scalable/devices/computer-symbolic.svg
/usr/share/icons/Adwaita/scalable/devices/display-projector-symbolic.svg
/usr/share/icons/Adwaita/scalable/devices/drive-harddisk-ieee1394-symbolic.svg
/usr/share/icons/Adwaita/scalable/devices/drive-harddisk-solidstate-symbolic.svg
/usr/share/icons/Adwaita/scalable/devices/drive-harddisk-symbolic.svg
/usr/share/icons/Adwaita/scalable/devices/drive-harddisk-system-symbolic.svg
/usr/share/icons/Adwaita/scalable/devices/drive-harddisk-usb-symbolic.svg
/usr/share/icons/Adwaita/scalable/devices/drive-multidisk-symbolic.svg
/usr/share/icons/Adwaita/scalable/devices/drive-optical-symbolic.svg
/usr/share/icons/Adwaita/scalable/devices/drive-removable-media-symbolic.svg
/usr/share/icons/Adwaita/scalable/devices/input-dialpad-symbolic.svg
/usr/share/icons/Adwaita/scalable/devices/input-gaming-symbolic.svg
/usr/share/icons/Adwaita/scalable/devices/input-keyboard-symbolic.svg
/usr/share/icons/Adwaita/scalable/devices/input-mouse-symbolic.svg
/usr/share/icons/Adwaita/scalable/devices/input-tablet-symbolic.svg
/usr/share/icons/Adwaita/scalable/devices/input-touchpad-symbolic.svg
/usr/share/icons/Adwaita/scalable/devices/media-flash-symbolic.svg
/usr/share/icons/Adwaita/scalable/devices/media-floppy-symbolic.svg
/usr/share/icons/Adwaita/scalable/devices/media-optical-bd-symbolic.svg
/usr/share/icons/Adwaita/scalable/devices/media-optical-cd-audio-symbolic.svg
/usr/share/icons/Adwaita/scalable/devices/media-optical-dvd-symbolic.svg
/usr/share/icons/Adwaita/scalable/devices/media-optical-symbolic.svg
/usr/share/icons/Adwaita/scalable/devices/media-removable-symbolic.svg
/usr/share/icons/Adwaita/scalable/devices/media-tape-symbolic.svg
/usr/share/icons/Adwaita/scalable/devices/media-zip-symbolic.svg
/usr/share/icons/Adwaita/scalable/devices/modem-symbolic.svg
/usr/share/icons/Adwaita/scalable/devices/multimedia-player-apple-ipod-touch-symbolic.svg
/usr/share/icons/Adwaita/scalable/devices/multimedia-player-symbolic.svg
/usr/share/icons/Adwaita/scalable/devices/network-cellular-symbolic.svg
/usr/share/icons/Adwaita/scalable/devices/network-wired-symbolic.svg
/usr/share/icons/Adwaita/scalable/devices/network-wireless-symbolic.svg
/usr/share/icons/Adwaita/scalable/devices/pda-symbolic.svg
/usr/share/icons/Adwaita/scalable/devices/phone-apple-iphone-symbolic.svg
/usr/share/icons/Adwaita/scalable/devices/phone-old-symbolic.svg
/usr/share/icons/Adwaita/scalable/devices/phone-symbolic.svg
/usr/share/icons/Adwaita/scalable/devices/printer-network-symbolic.svg
/usr/share/icons/Adwaita/scalable/devices/printer-symbolic.svg
/usr/share/icons/Adwaita/scalable/devices/scanner-symbolic.svg
/usr/share/icons/Adwaita/scalable/devices/thunderbolt-symbolic.svg
/usr/share/icons/Adwaita/scalable/devices/tv-symbolic.svg
/usr/share/icons/Adwaita/scalable/devices/uninterruptible-power-supply-symbolic.svg
/usr/share/icons/Adwaita/scalable/devices/video-display-symbolic.svg
/usr/share/icons/Adwaita/scalable/devices/video-joined-displays-symbolic.svg
/usr/share/icons/Adwaita/scalable/devices/video-single-display-symbolic.svg
/usr/share/icons/Adwaita/scalable/emblems
/usr/share/icons/Adwaita/scalable/emblems/emblem-default-symbolic.svg
/usr/share/icons/Adwaita/scalable/emblems/emblem-documents-symbolic.svg
/usr/share/icons/Adwaita/scalable/emblems/emblem-favorite-symbolic.svg
/usr/share/icons/Adwaita/scalable/emblems/emblem-important-symbolic.svg
/usr/share/icons/Adwaita/scalable/emblems/emblem-music-symbolic.svg
/usr/share/icons/Adwaita/scalable/emblems/emblem-ok-symbolic.svg
/usr/share/icons/Adwaita/scalable/emblems/emblem-photos-symbolic.svg
/usr/share/icons/Adwaita/scalable/emblems/emblem-shared-symbolic.svg
/usr/share/icons/Adwaita/scalable/emblems/emblem-synchronizing-symbolic.svg
/usr/share/icons/Adwaita/scalable/emblems/emblem-system-symbolic.svg
/usr/share/icons/Adwaita/scalable/emblems/emblem-videos-symbolic.svg
/usr/share/icons/Adwaita/scalable/emotes
/usr/share/icons/Adwaita/scalable/emotes/emote-love-symbolic.svg
/usr/share/icons/Adwaita/scalable/emotes/face-angel-symbolic.svg
/usr/share/icons/Adwaita/scalable/emotes/face-angry-symbolic.svg
/usr/share/icons/Adwaita/scalable/emotes/face-confused-symbolic.svg
/usr/share/icons/Adwaita/scalable/emotes/face-cool-symbolic.svg
/usr/share/icons/Adwaita/scalable/emotes/face-crying-symbolic.svg
/usr/share/icons/Adwaita/scalable/emotes/face-devilish-symbolic.svg
/usr/share/icons/Adwaita/scalable/emotes/face-embarrassed-symbolic.svg
/usr/share/icons/Adwaita/scalable/emotes/face-glasses-symbolic.svg
/usr/share/icons/Adwaita/scalable/emotes/face-kiss-symbolic.svg
/usr/share/icons/Adwaita/scalable/emotes/face-laugh-symbolic.svg
/usr/share/icons/Adwaita/scalable/emotes/face-monkey-symbolic.svg
/usr/share/icons/Adwaita/scalable/emotes/face-plain-symbolic.svg
/usr/share/icons/Adwaita/scalable/emotes/face-raspberry-symbolic.svg
/usr/share/icons/Adwaita/scalable/emotes/face-sad-symbolic.svg
/usr/share/icons/Adwaita/scalable/emotes/face-shutmouth-symbolic.svg
/usr/share/icons/Adwaita/scalable/emotes/face-sick-symbolic.svg
/usr/share/icons/Adwaita/scalable/emotes/face-smile-big-symbolic.svg
/usr/share/icons/Adwaita/scalable/emotes/face-smile-symbolic.svg
/usr/share/icons/Adwaita/scalable/emotes/face-smirk-symbolic.svg
/usr/share/icons/Adwaita/scalable/emotes/face-surprise-symbolic.svg
/usr/share/icons/Adwaita/scalable/emotes/face-tired-symbolic.svg
/usr/share/icons/Adwaita/scalable/emotes/face-uncertain-symbolic.svg
/usr/share/icons/Adwaita/scalable/emotes/face-wink-symbolic.svg
/usr/share/icons/Adwaita/scalable/emotes/face-worried-symbolic.svg
/usr/share/icons/Adwaita/scalable/emotes/face-yawn-symbolic.svg
/usr/share/icons/Adwaita/scalable/legacy
/usr/share/icons/Adwaita/scalable/legacy/battery-caution-charging-symbolic.svg
/usr/share/icons/Adwaita/scalable/legacy/battery-caution-symbolic.svg
/usr/share/icons/Adwaita/scalable/legacy/battery-empty-charging-symbolic.svg
/usr/share/icons/Adwaita/scalable/legacy/battery-empty-symbolic.svg
/usr/share/icons/Adwaita/scalable/legacy/battery-full-charged-symbolic.svg
/usr/share/icons/Adwaita/scalable/legacy/battery-full-charging-symbolic.svg
/usr/share/icons/Adwaita/scalable/legacy/battery-full-symbolic.svg
/usr/share/icons/Adwaita/scalable/legacy/battery-good-charging-symbolic.svg
/usr/share/icons/Adwaita/scalable/legacy/battery-good-symbolic.svg
/usr/share/icons/Adwaita/scalable/legacy/battery-low-charging-symbolic.svg
/usr/share/icons/Adwaita/scalable/legacy/battery-low-symbolic.svg
/usr/share/icons/Adwaita/scalable/mimetypes
/usr/share/icons/Adwaita/scalable/mimetypes/application-certificate-symbolic.svg
/usr/share/icons/Adwaita/scalable/mimetypes/application-rss+xml-symbolic.svg
/usr/share/icons/Adwaita/scalable/mimetypes/application-x-addon-symbolic.svg
/usr/share/icons/Adwaita/scalable/mimetypes/application-x-appliance-symbolic.svg
/usr/share/icons/Adwaita/scalable/mimetypes/application-x-executable-symbolic.svg
/usr/share/icons/Adwaita/scalable/mimetypes/application-x-firmware-symbolic.svg
/usr/share/icons/Adwaita/scalable/mimetypes/audio-x-generic-symbolic.svg
/usr/share/icons/Adwaita/scalable/mimetypes/font-x-generic-symbolic.svg
/usr/share/icons/Adwaita/scalable/mimetypes/image-x-generic-symbolic.svg
/usr/share/icons/Adwaita/scalable/mimetypes/inode-directory-symbolic.svg
/usr/share/icons/Adwaita/scalable/mimetypes/package-x-generic-symbolic.svg
/usr/share/icons/Adwaita/scalable/mimetypes/text-x-generic-symbolic.svg
/usr/share/icons/Adwaita/scalable/mimetypes/video-x-generic-symbolic.svg
/usr/share/icons/Adwaita/scalable/mimetypes/x-office-address-book-symbolic.svg
/usr/share/icons/Adwaita/scalable/mimetypes/x-office-calendar-symbolic.svg
/usr/share/icons/Adwaita/scalable/mimetypes/x-office-document-symbolic.svg
/usr/share/icons/Adwaita/scalable/mimetypes/x-office-drawing-symbolic.svg
/usr/share/icons/Adwaita/scalable/mimetypes/x-office-presentation-symbolic.svg
/usr/share/icons/Adwaita/scalable/mimetypes/x-office-spreadsheet-symbolic.svg
/usr/share/icons/Adwaita/scalable/places
/usr/share/icons/Adwaita/scalable/places/folder-documents-symbolic.svg
/usr/share/icons/Adwaita/scalable/places/folder-download-symbolic.svg
/usr/share/icons/Adwaita/scalable/places/folder-music-symbolic.svg
/usr/share/icons/Adwaita/scalable/places/folder-pictures-symbolic.svg
/usr/share/icons/Adwaita/scalable/places/folder-publicshare-symbolic.svg
/usr/share/icons/Adwaita/scalable/places/folder-remote-symbolic.svg
/usr/share/icons/Adwaita/scalable/places/folder-saved-search-symbolic.svg
/usr/share/icons/Adwaita/scalable/places/folder-symbolic.svg
/usr/share/icons/Adwaita/scalable/places/folder-templates-symbolic.svg
/usr/share/icons/Adwaita/scalable/places/folder-videos-symbolic.svg
/usr/share/icons/Adwaita/scalable/places/network-server-symbolic.svg
/usr/share/icons/Adwaita/scalable/places/network-workgroup-symbolic.svg
/usr/share/icons/Adwaita/scalable/places/start-here-symbolic.svg
/usr/share/icons/Adwaita/scalable/places/user-bookmarks-symbolic.svg
/usr/share/icons/Adwaita/scalable/places/user-desktop-symbolic.svg
/usr/share/icons/Adwaita/scalable/places/user-home-symbolic.svg
/usr/share/icons/Adwaita/scalable/places/user-trash-symbolic.svg
/usr/share/icons/Adwaita/scalable/status
/usr/share/icons/Adwaita/scalable/status/airplane-mode-symbolic.svg
/usr/share/icons/Adwaita/scalable/status/alarm-symbolic.svg
/usr/share/icons/Adwaita/scalable/status/appointment-missed-symbolic.svg
/usr/share/icons/Adwaita/scalable/status/appointment-soon-symbolic.svg
/usr/share/icons/Adwaita/scalable/status/audio-volume-high-symbolic.svg
/usr/share/icons/Adwaita/scalable/status/audio-volume-low-symbolic.svg
/usr/share/icons/Adwaita/scalable/status/audio-volume-medium-symbolic.svg
/usr/share/icons/Adwaita/scalable/status/audio-volume-muted-symbolic.svg
/usr/share/icons/Adwaita/scalable/status/audio-volume-overamplified-symbolic.svg
/usr/share/icons/Adwaita/scalable/status/auth-sim-locked-symbolic.svg
/usr/share/icons/Adwaita/scalable/status/auth-sim-missing-symbolic.svg
/usr/share/icons/Adwaita/scalable/status/avatar-default-symbolic.svg
/usr/share/icons/Adwaita/scalable/status/battery-level-0-charging-symbolic.svg
/usr/share/icons/Adwaita/scalable/status/battery-level-0-symbolic.svg
/usr/share/icons/Adwaita/scalable/status/battery-level-10-charging-symbolic.svg
/usr/share/icons/Adwaita/scalable/status/battery-level-10-symbolic.svg
/usr/share/icons/Adwaita/scalable/status/battery-level-100-charged-symbolic.svg
/usr/share/icons/Adwaita/scalable/status/battery-level-100-symbolic.svg
/usr/share/icons/Adwaita/scalable/status/battery-level-20-charging-symbolic.svg
/usr/share/icons/Adwaita/scalable/status/battery-level-20-symbolic.svg
/usr/share/icons/Adwaita/scalable/status/battery-level-30-charging-symbolic.svg
/usr/share/icons/Adwaita/scalable/status/battery-level-30-symbolic.svg
/usr/share/icons/Adwaita/scalable/status/battery-level-40-charging-symbolic.svg
/usr/share/icons/Adwaita/scalable/status/battery-level-40-symbolic.svg
/usr/share/icons/Adwaita/scalable/status/battery-level-50-charging-symbolic.svg
/usr/share/icons/Adwaita/scalable/status/battery-level-50-symbolic.svg
/usr/share/icons/Adwaita/scalable/status/battery-level-60-charging-symbolic.svg
/usr/share/icons/Adwaita/scalable/status/battery-level-60-symbolic.svg
/usr/share/icons/Adwaita/scalable/status/battery-level-70-charging-symbolic.svg
/usr/share/icons/Adwaita/scalable/status/battery-level-70-symbolic.svg
/usr/share/icons/Adwaita/scalable/status/battery-level-80-charging-symbolic.svg
/usr/share/icons/Adwaita/scalable/status/battery-level-80-symbolic.svg
/usr/share/icons/Adwaita/scalable/status/battery-level-90-charging-symbolic.svg
/usr/share/icons/Adwaita/scalable/status/battery-level-90-symbolic.svg
/usr/share/icons/Adwaita/scalable/status/battery-missing-symbolic.svg
/usr/share/icons/Adwaita/scalable/status/bluetooth-active-symbolic.svg
/usr/share/icons/Adwaita/scalable/status/bluetooth-disabled-symbolic.svg
/usr/share/icons/Adwaita/scalable/status/bluetooth-disconnected-symbolic.svg
/usr/share/icons/Adwaita/scalable/status/bluetooth-hardware-disabled-symbolic.svg
/usr/share/icons/Adwaita/scalable/status/call-incoming-symbolic.svg
/usr/share/icons/Adwaita/scalable/status/call-missed-symbolic.svg
/usr/share/icons/Adwaita/scalable/status/call-outgoing-symbolic.svg
/usr/share/icons/Adwaita/scalable/status/camera-disabled-symbolic.svg
/usr/share/icons/Adwaita/scalable/status/camera-hardware-disabled-symbolic.svg
/usr/share/icons/Adwaita/scalable/status/changes-allow-symbolic.svg
/usr/share/icons/Adwaita/scalable/status/changes-prevent-symbolic.svg
/usr/share/icons/Adwaita/scalable/status/channel-insecure-symbolic.svg
/usr/share/icons/Adwaita/scalable/status/channel-secure-symbolic.svg
/usr/share/icons/Adwaita/scalable/status/computer-fail-symbolic.svg
/usr/share/icons/Adwaita/scalable/status/content-loading-symbolic.svg
/usr/share/icons/Adwaita/scalable/status/daytime-sunrise-symbolic.svg
/usr/share/icons/Adwaita/scalable/status/daytime-sunset-symbolic.svg
/usr/share/icons/Adwaita/scalable/status/dialog-error-symbolic.svg
/usr/share/icons/Adwaita/scalable/status/dialog-information-symbolic.svg
/usr/share/icons/Adwaita/scalable/status/dialog-password-symbolic.svg
/usr/share/icons/Adwaita/scalable/status/dialog-question-symbolic.svg
/usr/share/icons/Adwaita/scalable/status/dialog-warning-symbolic.svg
/usr/share/icons/Adwaita/scalable/status/display-brightness-symbolic.svg
/usr/share/icons/Adwaita/scalable/status/folder-drag-accept-symbolic.svg
/usr/share/icons/Adwaita/scalable/status/folder-open-symbolic.svg
/usr/share/icons/Adwaita/scalable/status/folder-visiting-symbolic.svg
/usr/share/icons/Adwaita/scalable/status/image-loading-symbolic.svg
/usr/share/icons/Adwaita/scalable/status/keyboard-brightness-symbolic.svg
/usr/share/icons/Adwaita/scalable/status/location-services-active-symbolic.svg
/usr/share/icons/Adwaita/scalable/status/location-services-disabled-symbolic.svg
/usr/share/icons/Adwaita/scalable/status/mail-attachment-symbolic.svg
/usr/share/icons/Adwaita/scalable/status/mail-read-symbolic.svg
/usr/share/icons/Adwaita/scalable/status/mail-replied-symbolic.svg
/usr/share/icons/Adwaita/scalable/status/mail-unread-symbolic.svg
/usr/share/icons/Adwaita/scalable/status/media-playlist-consecutive-symbolic.svg
/usr/share/icons/Adwaita/scalable/status/media-playlist-repeat-song-symbolic.svg
/usr/share/icons/Adwaita/scalable/status/media-playlist-repeat-symbolic.svg
/usr/share/icons/Adwaita/scalable/status/media-playlist-shuffle-symbolic.svg
/usr/share/icons/Adwaita/scalable/status/microphone-disabled-symbolic.svg
/usr/share/icons/Adwaita/scalable/status/microphone-hardware-disabled-symbolic.svg
/usr/share/icons/Adwaita/scalable/status/microphone-sensitivity-high-symbolic.svg
/usr/share/icons/Adwaita/scalable/status/microphone-sensitivity-low-symbolic.svg
/usr/share/icons/Adwaita/scalable/status/microphone-sensitivity-medium-symbolic.svg
/usr/share/icons/Adwaita/scalable/status/microphone-sensitivity-muted-symbolic.svg
/usr/share/icons/Adwaita/scalable/status/network-cellular-2g-symbolic.svg
/usr/share/icons/Adwaita/scalable/status/network-cellular-3g-symbolic.svg
/usr/share/icons/Adwaita/scalable/status/network-cellular-4g-symbolic.svg
/usr/share/icons/Adwaita/scalable/status/network-cellular-5g-symbolic.svg
/usr/share/icons/Adwaita/scalable/status/network-cellular-acquiring-symbolic.svg
/usr/share/icons/Adwaita/scalable/status/network-cellular-connected-symbolic.svg
/usr/share/icons/Adwaita/scalable/status/network-cellular-disabled-symbolic.svg
/usr/share/icons/Adwaita/scalable/status/network-cellular-edge-symbolic.svg
/usr/share/icons/Adwaita/scalable/status/network-cellular-gprs-symbolic.svg
/usr/share/icons/Adwaita/scalable/status/network-cellular-hardware-disabled-symbolic.svg
/usr/share/icons/Adwaita/scalable/status/network-cellular-hspa-symbolic.svg
/usr/share/icons/Adwaita/scalable/status/network-cellular-no-route-symbolic.svg
/usr/share/icons/Adwaita/scalable/status/network-cellular-offline-symbolic.svg
/usr/share/icons/Adwaita/scalable/status/network-cellular-signal-excellent-symbolic.svg
/usr/share/icons/Adwaita/scalable/status/network-cellular-signal-good-symbolic.svg
/usr/share/icons/Adwaita/scalable/status/network-cellular-signal-none-symbolic.svg
/usr/share/icons/Adwaita/scalable/status/network-cellular-signal-ok-symbolic.svg
/usr/share/icons/Adwaita/scalable/status/network-cellular-signal-weak-symbolic.svg
/usr/share/icons/Adwaita/scalable/status/network-error-symbolic.svg
/usr/share/icons/Adwaita/scalable/status/network-idle-symbolic.svg
/usr/share/icons/Adwaita/scalable/status/network-no-route-symbolic.svg
/usr/share/icons/Adwaita/scalable/status/network-offline-symbolic.svg
/usr/share/icons/Adwaita/scalable/status/network-receive-symbolic.svg
/usr/share/icons/Adwaita/scalable/status/network-transmit-receive-symbolic.svg
/usr/share/icons/Adwaita/scalable/status/network-transmit-symbolic.svg
/usr/share/icons/Adwaita/scalable/status/network-vpn-acquiring-symbolic.svg
/usr/share/icons/Adwaita/scalable/status/network-vpn-no-route-symbolic.svg
/usr/share/icons/Adwaita/scalable/status/network-vpn-symbolic.svg
/usr/share/icons/Adwaita/scalable/status/network-wired-acquiring-symbolic.svg
/usr/share/icons/Adwaita/scalable/status/network-wired-disconnected-symbolic.svg
/usr/share/icons/Adwaita/scalable/status/network-wired-no-route-symbolic.svg
/usr/share/icons/Adwaita/scalable/status/network-wired-offline-symbolic.svg
/usr/share/icons/Adwaita/scalable/status/network-wireless-acquiring-symbolic.svg
/usr/share/icons/Adwaita/scalable/status/network-wireless-connected-symbolic.svg
/usr/share/icons/Adwaita/scalable/status/network-wireless-disabled-symbolic.svg
/usr/share/icons/Adwaita/scalable/status/network-wireless-encrypted-symbolic.svg
/usr/share/icons/Adwaita/scalable/status/network-wireless-hardware-disabled-symbolic.svg
/usr/share/icons/Adwaita/scalable/status/network-wireless-hotspot-symbolic.svg
/usr/share/icons/Adwaita/scalable/status/network-wireless-no-route-symbolic.svg
/usr/share/icons/Adwaita/scalable/status/network-wireless-offline-symbolic.svg
/usr/share/icons/Adwaita/scalable/status/network-wireless-signal-excellent-symbolic.svg
/usr/share/icons/Adwaita/scalable/status/network-wireless-signal-good-symbolic.svg
/usr/share/icons/Adwaita/scalable/status/network-wireless-signal-none-symbolic.svg
/usr/share/icons/Adwaita/scalable/status/network-wireless-signal-ok-symbolic.svg
/usr/share/icons/Adwaita/scalable/status/network-wireless-signal-weak-symbolic.svg
/usr/share/icons/Adwaita/scalable/status/night-light-disabled-symbolic.svg
/usr/share/icons/Adwaita/scalable/status/night-light-symbolic.svg
/usr/share/icons/Adwaita/scalable/status/non-starred-symbolic.svg
/usr/share/icons/Adwaita/scalable/status/notifications-disabled-symbolic.svg
/usr/share/icons/Adwaita/scalable/status/orientation-landscape-inverse-symbolic.svg
/usr/share/icons/Adwaita/scalable/status/orientation-landscape-symbolic.svg
/usr/share/icons/Adwaita/scalable/status/orientation-portrait-left-symbolic.svg
/usr/share/icons/Adwaita/scalable/status/orientation-portrait-right-symbolic.svg
/usr/share/icons/Adwaita/scalable/status/power-profile-balanced-symbolic.svg
/usr/share/icons/Adwaita/scalable/status/power-profile-performance-symbolic.svg
/usr/share/icons/Adwaita/scalable/status/power-profile-power-saver-symbolic.svg
/usr/share/icons/Adwaita/scalable/status/printer-error-symbolic.svg
/usr/share/icons/Adwaita/scalable/status/printer-printing-symbolic.svg
/usr/share/icons/Adwaita/scalable/status/printer-warning-symbolic.svg
/usr/share/icons/Adwaita/scalable/status/rotation-allowed-symbolic.svg
/usr/share/icons/Adwaita/scalable/status/rotation-locked-symbolic.svg
/usr/share/icons/Adwaita/scalable/status/screen-shared-symbolic.svg
/usr/share/icons/Adwaita/scalable/status/security-high-symbolic.svg
/usr/share/icons/Adwaita/scalable/status/security-low-symbolic.svg
/usr/share/icons/Adwaita/scalable/status/security-medium-symbolic.svg
/usr/share/icons/Adwaita/scalable/status/semi-starred-symbolic-rtl.svg
/usr/share/icons/Adwaita/scalable/status/semi-starred-symbolic.svg
/usr/share/icons/Adwaita/scalable/status/software-update-available-symbolic.svg
/usr/share/icons/Adwaita/scalable/status/software-update-urgent-symbolic.svg
/usr/share/icons/Adwaita/scalable/status/starred-symbolic.svg
/usr/share/icons/Adwaita/scalable/status/system-lock-screen-symbolic.svg
/usr/share/icons/Adwaita/scalable/status/task-due-symbolic.svg
/usr/share/icons/Adwaita/scalable/status/task-past-due-symbolic.svg
/usr/share/icons/Adwaita/scalable/status/thunderbolt-acquiring-symbolic.svg
/usr/share/icons/Adwaita/scalable/status/touch-disabled-symbolic.svg
/usr/share/icons/Adwaita/scalable/status/touchpad-disabled-symbolic.svg
/usr/share/icons/Adwaita/scalable/status/user-available-symbolic.svg
/usr/share/icons/Adwaita/scalable/status/user-away-symbolic.svg
/usr/share/icons/Adwaita/scalable/status/user-busy-symbolic.svg
/usr/share/icons/Adwaita/scalable/status/user-idle-symbolic.svg
/usr/share/icons/Adwaita/scalable/status/user-invisible-symbolic.svg
/usr/share/icons/Adwaita/scalable/status/user-not-tracked-symbolic.svg
/usr/share/icons/Adwaita/scalable/status/user-offline-symbolic.svg
/usr/share/icons/Adwaita/scalable/status/user-status-pending-symbolic.svg
/usr/share/icons/Adwaita/scalable/status/user-trash-full-symbolic.svg
/usr/share/icons/Adwaita/scalable/status/view-wrapped-symbolic-rtl.svg
/usr/share/icons/Adwaita/scalable/status/view-wrapped-symbolic.svg
/usr/share/icons/Adwaita/scalable/status/weather-clear-night-symbolic.svg
/usr/share/icons/Adwaita/scalable/status/weather-clear-symbolic.svg
/usr/share/icons/Adwaita/scalable/status/weather-few-clouds-night-symbolic.svg
/usr/share/icons/Adwaita/scalable/status/weather-few-clouds-symbolic.svg
/usr/share/icons/Adwaita/scalable/status/weather-fog-symbolic.svg
/usr/share/icons/Adwaita/scalable/status/weather-overcast-symbolic.svg
/usr/share/icons/Adwaita/scalable/status/weather-severe-alert-symbolic.svg
/usr/share/icons/Adwaita/scalable/status/weather-showers-scattered-symbolic.svg
/usr/share/icons/Adwaita/scalable/status/weather-showers-symbolic.svg
/usr/share/icons/Adwaita/scalable/status/weather-snow-symbolic.svg
/usr/share/icons/Adwaita/scalable/status/weather-storm-symbolic.svg
/usr/share/icons/Adwaita/scalable/status/weather-tornado-symbolic.svg
/usr/share/icons/Adwaita/scalable/status/weather-windy-symbolic.svg
/usr/share/icons/Adwaita/scalable/ui
/usr/share/icons/Adwaita/scalable/ui/checkbox-checked-symbolic.svg
/usr/share/icons/Adwaita/scalable/ui/checkbox-mixed-symbolic.svg
/usr/share/icons/Adwaita/scalable/ui/checkbox-symbolic.svg
/usr/share/icons/Adwaita/scalable/ui/focus-legacy-systray-symbolic.svg
/usr/share/icons/Adwaita/scalable/ui/focus-top-bar-symbolic.svg
/usr/share/icons/Adwaita/scalable/ui/focus-windows-symbolic.svg
/usr/share/icons/Adwaita/scalable/ui/list-drag-handle-symbolic.svg
/usr/share/icons/Adwaita/scalable/ui/pan-down-symbolic.svg
/usr/share/icons/Adwaita/scalable/ui/pan-end-symbolic-rtl.svg
/usr/share/icons/Adwaita/scalable/ui/pan-end-symbolic.svg
/usr/share/icons/Adwaita/scalable/ui/pan-start-symbolic-rtl.svg
/usr/share/icons/Adwaita/scalable/ui/pan-start-symbolic.svg
/usr/share/icons/Adwaita/scalable/ui/pan-up-symbolic.svg
/usr/share/icons/Adwaita/scalable/ui/radio-checked-symbolic.svg
/usr/share/icons/Adwaita/scalable/ui/radio-mixed-symbolic.svg
/usr/share/icons/Adwaita/scalable/ui/radio-symbolic.svg
/usr/share/icons/Adwaita/scalable/ui/selection-end-symbolic-rtl.svg
/usr/share/icons/Adwaita/scalable/ui/selection-end-symbolic.svg
/usr/share/icons/Adwaita/scalable/ui/selection-start-symbolic-rtl.svg
/usr/share/icons/Adwaita/scalable/ui/selection-start-symbolic.svg
/usr/share/icons/Adwaita/scalable/ui/window-close-symbolic.svg
/usr/share/icons/Adwaita/scalable/ui/window-maximize-symbolic.svg
/usr/share/icons/Adwaita/scalable/ui/window-minimize-symbolic.svg
/usr/share/icons/Adwaita/scalable/ui/window-new-symbolic.svg
/usr/share/icons/Adwaita/scalable/ui/window-restore-symbolic.svg
/usr/share/icons/Adwaita/scalable-up-to-32
/usr/share/icons/Adwaita/scalable-up-to-32/status
/usr/share/icons/Adwaita/scalable-up-to-32/status/process-working-symbolic.svg
/usr/share/icons/default
/usr/share/pkgconfig
/usr/share/pkgconfig/adwaita-icon-theme.pc

dpkg -L at-spi2-core
/.
/etc
/etc/X11
/etc/X11/Xsession.d
/etc/X11/Xsession.d/90qt-a11y
/etc/environment.d
/etc/environment.d/90qt-a11y.conf
/etc/xdg
/etc/xdg/Xwayland-session.d
/etc/xdg/Xwayland-session.d/00-at-spi
/etc/xdg/autostart
/etc/xdg/autostart/at-spi-dbus-bus.desktop
/usr
/usr/lib
/usr/lib/systemd
/usr/lib/systemd/user
/usr/lib/systemd/user/at-spi-dbus-bus.service
/usr/libexec
/usr/libexec/at-spi-bus-launcher
/usr/libexec/at-spi2-registryd
/usr/share
/usr/share/dbus-1
/usr/share/dbus-1/accessibility-services
/usr/share/dbus-1/accessibility-services/org.a11y.atspi.Registry.service
/usr/share/dbus-1/services
/usr/share/dbus-1/services/org.a11y.Bus.service
/usr/share/defaults
/usr/share/defaults/at-spi2
/usr/share/defaults/at-spi2/accessibility.conf
/usr/share/doc
/usr/share/doc/at-spi2-core
/usr/share/doc/at-spi2-core/NEWS.gz
/usr/share/doc/at-spi2-core/README.md
/usr/share/doc/at-spi2-core/copyright
/usr/share/doc/at-spi2-core/changelog.Debian.gz

dpkg -L dconf-gsettings-backend
/.
/usr
/usr/lib
/usr/lib/x86_64-linux-gnu
/usr/lib/x86_64-linux-gnu/gio
/usr/lib/x86_64-linux-gnu/gio/modules
/usr/lib/x86_64-linux-gnu/gio/modules/libdconfsettings.so
/usr/share
/usr/share/doc
/usr/share/doc/dconf-gsettings-backend
/usr/share/doc/dconf-gsettings-backend/copyright
/usr/share/doc/dconf-gsettings-backend/changelog.Debian.gz

dpkg -L dconf-service
/.
/usr
/usr/lib
/usr/lib/systemd
/usr/lib/systemd/user
/usr/lib/systemd/user/dconf.service
/usr/libexec
/usr/libexec/dconf-service
/usr/share
/usr/share/dbus-1
/usr/share/dbus-1/services
/usr/share/dbus-1/services/ca.desrt.dconf.service
/usr/share/doc
/usr/share/doc/dconf-service
/usr/share/doc/dconf-service/copyright
/usr/share/man
/usr/share/man/man1
/usr/share/man/man1/dconf-service.1.gz
/usr/share/doc/dconf-service/changelog.Debian.gz

dpkg -L gsettings-desktop-schemas
/.
/usr
/usr/share
/usr/share/GConf
/usr/share/GConf/gsettings
/usr/share/GConf/gsettings/gsettings-desktop-schemas.convert
/usr/share/GConf/gsettings/wm-schemas.convert
/usr/share/doc
/usr/share/doc/gsettings-desktop-schemas
/usr/share/doc/gsettings-desktop-schemas/AUTHORS
/usr/share/doc/gsettings-desktop-schemas/NEWS.gz
/usr/share/doc/gsettings-desktop-schemas/README
/usr/share/doc/gsettings-desktop-schemas/changelog.Debian.gz
/usr/share/doc/gsettings-desktop-schemas/copyright
/usr/share/glib-2.0
/usr/share/glib-2.0/schemas
/usr/share/glib-2.0/schemas/10_gsettings-desktop-schemas.gschema.override
/usr/share/glib-2.0/schemas/org.gnome.desktop.a11y.applications.gschema.xml
/usr/share/glib-2.0/schemas/org.gnome.desktop.a11y.gschema.xml
/usr/share/glib-2.0/schemas/org.gnome.desktop.a11y.interface.gschema.xml
/usr/share/glib-2.0/schemas/org.gnome.desktop.a11y.keyboard.gschema.xml
/usr/share/glib-2.0/schemas/org.gnome.desktop.a11y.magnifier.gschema.xml
/usr/share/glib-2.0/schemas/org.gnome.desktop.a11y.mouse.gschema.xml
/usr/share/glib-2.0/schemas/org.gnome.desktop.app-folders.gschema.xml
/usr/share/glib-2.0/schemas/org.gnome.desktop.background.gschema.xml
/usr/share/glib-2.0/schemas/org.gnome.desktop.calendar.gschema.xml
/usr/share/glib-2.0/schemas/org.gnome.desktop.datetime.gschema.xml
/usr/share/glib-2.0/schemas/org.gnome.desktop.default-applications.gschema.xml
/usr/share/glib-2.0/schemas/org.gnome.desktop.enums.xml
/usr/share/glib-2.0/schemas/org.gnome.desktop.input-sources.gschema.xml
/usr/share/glib-2.0/schemas/org.gnome.desktop.interface.gschema.xml
/usr/share/glib-2.0/schemas/org.gnome.desktop.lockdown.gschema.xml
/usr/share/glib-2.0/schemas/org.gnome.desktop.media-handling.gschema.xml
/usr/share/glib-2.0/schemas/org.gnome.desktop.notifications.gschema.xml
/usr/share/glib-2.0/schemas/org.gnome.desktop.peripherals.gschema.xml
/usr/share/glib-2.0/schemas/org.gnome.desktop.privacy.gschema.xml
/usr/share/glib-2.0/schemas/org.gnome.desktop.screensaver.gschema.xml
/usr/share/glib-2.0/schemas/org.gnome.desktop.search-providers.gschema.xml
/usr/share/glib-2.0/schemas/org.gnome.desktop.session.gschema.xml
/usr/share/glib-2.0/schemas/org.gnome.desktop.sound.gschema.xml
/usr/share/glib-2.0/schemas/org.gnome.desktop.thumbnail-cache.gschema.xml
/usr/share/glib-2.0/schemas/org.gnome.desktop.thumbnailers.gschema.xml
/usr/share/glib-2.0/schemas/org.gnome.desktop.wm.keybindings.gschema.xml
/usr/share/glib-2.0/schemas/org.gnome.desktop.wm.preferences.gschema.xml
/usr/share/glib-2.0/schemas/org.gnome.system.locale.gschema.xml
/usr/share/glib-2.0/schemas/org.gnome.system.location.gschema.xml
/usr/share/glib-2.0/schemas/org.gnome.system.proxy.gschema.xml
/usr/share/session-migration
/usr/share/session-migration/scripts
/usr/share/session-migration/scripts/dark-theme-migration.sh

dpkg -L gtk-update-icon-cache
/.
/usr
/usr/bin
/usr/bin/gtk-update-icon-cache
/usr/sbin
/usr/sbin/update-icon-caches
/usr/share
/usr/share/doc
/usr/share/doc/gtk-update-icon-cache
/usr/share/doc/gtk-update-icon-cache/AUTHORS
/usr/share/doc/gtk-update-icon-cache/changelog.Debian.gz
/usr/share/doc/gtk-update-icon-cache/copyright
/usr/share/man
/usr/share/man/man1
/usr/share/man/man1/gtk-update-icon-cache.1.gz
/usr/share/man/man8
/usr/share/man/man8/update-icon-caches.8.gz

dpkg -L hicolor-icon-theme
/.
/usr
/usr/share
/usr/share/doc
/usr/share/doc/hicolor-icon-theme
/usr/share/doc/hicolor-icon-theme/NEWS.gz
/usr/share/doc/hicolor-icon-theme/README
/usr/share/doc/hicolor-icon-theme/changelog.Debian.gz
/usr/share/doc/hicolor-icon-theme/copyright
/usr/share/icons
/usr/share/icons/hicolor
/usr/share/icons/hicolor/128x128
/usr/share/icons/hicolor/128x128/actions
/usr/share/icons/hicolor/128x128/animations
/usr/share/icons/hicolor/128x128/apps
/usr/share/icons/hicolor/128x128/categories
/usr/share/icons/hicolor/128x128/devices
/usr/share/icons/hicolor/128x128/emblems
/usr/share/icons/hicolor/128x128/emotes
/usr/share/icons/hicolor/128x128/filesystems
/usr/share/icons/hicolor/128x128/intl
/usr/share/icons/hicolor/128x128/mimetypes
/usr/share/icons/hicolor/128x128/places
/usr/share/icons/hicolor/128x128/status
/usr/share/icons/hicolor/128x128/stock
/usr/share/icons/hicolor/128x128/stock/chart
/usr/share/icons/hicolor/128x128/stock/code
/usr/share/icons/hicolor/128x128/stock/data
/usr/share/icons/hicolor/128x128/stock/form
/usr/share/icons/hicolor/128x128/stock/image
/usr/share/icons/hicolor/128x128/stock/io
/usr/share/icons/hicolor/128x128/stock/media
/usr/share/icons/hicolor/128x128/stock/navigation
/usr/share/icons/hicolor/128x128/stock/net
/usr/share/icons/hicolor/128x128/stock/object
/usr/share/icons/hicolor/128x128/stock/table
/usr/share/icons/hicolor/128x128/stock/text
/usr/share/icons/hicolor/16x16
/usr/share/icons/hicolor/16x16/actions
/usr/share/icons/hicolor/16x16/animations
/usr/share/icons/hicolor/16x16/apps
/usr/share/icons/hicolor/16x16/categories
/usr/share/icons/hicolor/16x16/devices
/usr/share/icons/hicolor/16x16/emblems
/usr/share/icons/hicolor/16x16/emotes
/usr/share/icons/hicolor/16x16/filesystems
/usr/share/icons/hicolor/16x16/intl
/usr/share/icons/hicolor/16x16/mimetypes
/usr/share/icons/hicolor/16x16/places
/usr/share/icons/hicolor/16x16/status
/usr/share/icons/hicolor/16x16/stock
/usr/share/icons/hicolor/16x16/stock/chart
/usr/share/icons/hicolor/16x16/stock/code
/usr/share/icons/hicolor/16x16/stock/data
/usr/share/icons/hicolor/16x16/stock/form
/usr/share/icons/hicolor/16x16/stock/image
/usr/share/icons/hicolor/16x16/stock/io
/usr/share/icons/hicolor/16x16/stock/media
/usr/share/icons/hicolor/16x16/stock/navigation
/usr/share/icons/hicolor/16x16/stock/net
/usr/share/icons/hicolor/16x16/stock/object
/usr/share/icons/hicolor/16x16/stock/table
/usr/share/icons/hicolor/16x16/stock/text
/usr/share/icons/hicolor/192x192
/usr/share/icons/hicolor/192x192/actions
/usr/share/icons/hicolor/192x192/animations
/usr/share/icons/hicolor/192x192/apps
/usr/share/icons/hicolor/192x192/categories
/usr/share/icons/hicolor/192x192/devices
/usr/share/icons/hicolor/192x192/emblems
/usr/share/icons/hicolor/192x192/emotes
/usr/share/icons/hicolor/192x192/filesystems
/usr/share/icons/hicolor/192x192/intl
/usr/share/icons/hicolor/192x192/mimetypes
/usr/share/icons/hicolor/192x192/places
/usr/share/icons/hicolor/192x192/status
/usr/share/icons/hicolor/192x192/stock
/usr/share/icons/hicolor/192x192/stock/chart
/usr/share/icons/hicolor/192x192/stock/code
/usr/share/icons/hicolor/192x192/stock/data
/usr/share/icons/hicolor/192x192/stock/form
/usr/share/icons/hicolor/192x192/stock/image
/usr/share/icons/hicolor/192x192/stock/io
/usr/share/icons/hicolor/192x192/stock/media
/usr/share/icons/hicolor/192x192/stock/navigation
/usr/share/icons/hicolor/192x192/stock/net
/usr/share/icons/hicolor/192x192/stock/object
/usr/share/icons/hicolor/192x192/stock/table
/usr/share/icons/hicolor/192x192/stock/text
/usr/share/icons/hicolor/22x22
/usr/share/icons/hicolor/22x22/actions
/usr/share/icons/hicolor/22x22/animations
/usr/share/icons/hicolor/22x22/apps
/usr/share/icons/hicolor/22x22/categories
/usr/share/icons/hicolor/22x22/devices
/usr/share/icons/hicolor/22x22/emblems
/usr/share/icons/hicolor/22x22/emotes
/usr/share/icons/hicolor/22x22/filesystems
/usr/share/icons/hicolor/22x22/intl
/usr/share/icons/hicolor/22x22/mimetypes
/usr/share/icons/hicolor/22x22/places
/usr/share/icons/hicolor/22x22/status
/usr/share/icons/hicolor/22x22/stock
/usr/share/icons/hicolor/22x22/stock/chart
/usr/share/icons/hicolor/22x22/stock/code
/usr/share/icons/hicolor/22x22/stock/data
/usr/share/icons/hicolor/22x22/stock/form
/usr/share/icons/hicolor/22x22/stock/image
/usr/share/icons/hicolor/22x22/stock/io
/usr/share/icons/hicolor/22x22/stock/media
/usr/share/icons/hicolor/22x22/stock/navigation
/usr/share/icons/hicolor/22x22/stock/net
/usr/share/icons/hicolor/22x22/stock/object
/usr/share/icons/hicolor/22x22/stock/table
/usr/share/icons/hicolor/22x22/stock/text
/usr/share/icons/hicolor/24x24
/usr/share/icons/hicolor/24x24/actions
/usr/share/icons/hicolor/24x24/animations
/usr/share/icons/hicolor/24x24/apps
/usr/share/icons/hicolor/24x24/categories
/usr/share/icons/hicolor/24x24/devices
/usr/share/icons/hicolor/24x24/emblems
/usr/share/icons/hicolor/24x24/emotes
/usr/share/icons/hicolor/24x24/filesystems
/usr/share/icons/hicolor/24x24/intl
/usr/share/icons/hicolor/24x24/mimetypes
/usr/share/icons/hicolor/24x24/places
/usr/share/icons/hicolor/24x24/status
/usr/share/icons/hicolor/24x24/stock
/usr/share/icons/hicolor/24x24/stock/chart
/usr/share/icons/hicolor/24x24/stock/code
/usr/share/icons/hicolor/24x24/stock/data
/usr/share/icons/hicolor/24x24/stock/form
/usr/share/icons/hicolor/24x24/stock/image
/usr/share/icons/hicolor/24x24/stock/io
/usr/share/icons/hicolor/24x24/stock/media
/usr/share/icons/hicolor/24x24/stock/navigation
/usr/share/icons/hicolor/24x24/stock/net
/usr/share/icons/hicolor/24x24/stock/object
/usr/share/icons/hicolor/24x24/stock/table
/usr/share/icons/hicolor/24x24/stock/text
/usr/share/icons/hicolor/256x256
/usr/share/icons/hicolor/256x256/actions
/usr/share/icons/hicolor/256x256/animations
/usr/share/icons/hicolor/256x256/apps
/usr/share/icons/hicolor/256x256/categories
/usr/share/icons/hicolor/256x256/devices
/usr/share/icons/hicolor/256x256/emblems
/usr/share/icons/hicolor/256x256/emotes
/usr/share/icons/hicolor/256x256/filesystems
/usr/share/icons/hicolor/256x256/intl
/usr/share/icons/hicolor/256x256/mimetypes
/usr/share/icons/hicolor/256x256/places
/usr/share/icons/hicolor/256x256/status
/usr/share/icons/hicolor/256x256/stock
/usr/share/icons/hicolor/256x256/stock/chart
/usr/share/icons/hicolor/256x256/stock/code
/usr/share/icons/hicolor/256x256/stock/data
/usr/share/icons/hicolor/256x256/stock/form
/usr/share/icons/hicolor/256x256/stock/image
/usr/share/icons/hicolor/256x256/stock/io
/usr/share/icons/hicolor/256x256/stock/media
/usr/share/icons/hicolor/256x256/stock/navigation
/usr/share/icons/hicolor/256x256/stock/net
/usr/share/icons/hicolor/256x256/stock/object
/usr/share/icons/hicolor/256x256/stock/table
/usr/share/icons/hicolor/256x256/stock/text
/usr/share/icons/hicolor/32x32
/usr/share/icons/hicolor/32x32/actions
/usr/share/icons/hicolor/32x32/animations
/usr/share/icons/hicolor/32x32/apps
/usr/share/icons/hicolor/32x32/categories
/usr/share/icons/hicolor/32x32/devices
/usr/share/icons/hicolor/32x32/emblems
/usr/share/icons/hicolor/32x32/emotes
/usr/share/icons/hicolor/32x32/filesystems
/usr/share/icons/hicolor/32x32/intl
/usr/share/icons/hicolor/32x32/mimetypes
/usr/share/icons/hicolor/32x32/places
/usr/share/icons/hicolor/32x32/status
/usr/share/icons/hicolor/32x32/stock
/usr/share/icons/hicolor/32x32/stock/chart
/usr/share/icons/hicolor/32x32/stock/code
/usr/share/icons/hicolor/32x32/stock/data
/usr/share/icons/hicolor/32x32/stock/form
/usr/share/icons/hicolor/32x32/stock/image
/usr/share/icons/hicolor/32x32/stock/io
/usr/share/icons/hicolor/32x32/stock/media
/usr/share/icons/hicolor/32x32/stock/navigation
/usr/share/icons/hicolor/32x32/stock/net
/usr/share/icons/hicolor/32x32/stock/object
/usr/share/icons/hicolor/32x32/stock/table
/usr/share/icons/hicolor/32x32/stock/text
/usr/share/icons/hicolor/36x36
/usr/share/icons/hicolor/36x36/actions
/usr/share/icons/hicolor/36x36/animations
/usr/share/icons/hicolor/36x36/apps
/usr/share/icons/hicolor/36x36/categories
/usr/share/icons/hicolor/36x36/devices
/usr/share/icons/hicolor/36x36/emblems
/usr/share/icons/hicolor/36x36/emotes
/usr/share/icons/hicolor/36x36/filesystems
/usr/share/icons/hicolor/36x36/intl
/usr/share/icons/hicolor/36x36/mimetypes
/usr/share/icons/hicolor/36x36/places
/usr/share/icons/hicolor/36x36/status
/usr/share/icons/hicolor/36x36/stock
/usr/share/icons/hicolor/36x36/stock/chart
/usr/share/icons/hicolor/36x36/stock/code
/usr/share/icons/hicolor/36x36/stock/data
/usr/share/icons/hicolor/36x36/stock/form
/usr/share/icons/hicolor/36x36/stock/image
/usr/share/icons/hicolor/36x36/stock/io
/usr/share/icons/hicolor/36x36/stock/media
/usr/share/icons/hicolor/36x36/stock/navigation
/usr/share/icons/hicolor/36x36/stock/net
/usr/share/icons/hicolor/36x36/stock/object
/usr/share/icons/hicolor/36x36/stock/table
/usr/share/icons/hicolor/36x36/stock/text
/usr/share/icons/hicolor/48x48
/usr/share/icons/hicolor/48x48/actions
/usr/share/icons/hicolor/48x48/animations
/usr/share/icons/hicolor/48x48/apps
/usr/share/icons/hicolor/48x48/categories
/usr/share/icons/hicolor/48x48/devices
/usr/share/icons/hicolor/48x48/emblems
/usr/share/icons/hicolor/48x48/emotes
/usr/share/icons/hicolor/48x48/filesystems
/usr/share/icons/hicolor/48x48/intl
/usr/share/icons/hicolor/48x48/mimetypes
/usr/share/icons/hicolor/48x48/places
/usr/share/icons/hicolor/48x48/status
/usr/share/icons/hicolor/48x48/stock
/usr/share/icons/hicolor/48x48/stock/chart
/usr/share/icons/hicolor/48x48/stock/code
/usr/share/icons/hicolor/48x48/stock/data
/usr/share/icons/hicolor/48x48/stock/form
/usr/share/icons/hicolor/48x48/stock/image
/usr/share/icons/hicolor/48x48/stock/io
/usr/share/icons/hicolor/48x48/stock/media
/usr/share/icons/hicolor/48x48/stock/navigation
/usr/share/icons/hicolor/48x48/stock/net
/usr/share/icons/hicolor/48x48/stock/object
/usr/share/icons/hicolor/48x48/stock/table
/usr/share/icons/hicolor/48x48/stock/text
/usr/share/icons/hicolor/512x512
/usr/share/icons/hicolor/512x512/actions
/usr/share/icons/hicolor/512x512/animations
/usr/share/icons/hicolor/512x512/apps
/usr/share/icons/hicolor/512x512/categories
/usr/share/icons/hicolor/512x512/devices
/usr/share/icons/hicolor/512x512/emblems
/usr/share/icons/hicolor/512x512/emotes
/usr/share/icons/hicolor/512x512/filesystems
/usr/share/icons/hicolor/512x512/intl
/usr/share/icons/hicolor/512x512/mimetypes
/usr/share/icons/hicolor/512x512/places
/usr/share/icons/hicolor/512x512/status
/usr/share/icons/hicolor/512x512/stock
/usr/share/icons/hicolor/512x512/stock/chart
/usr/share/icons/hicolor/512x512/stock/code
/usr/share/icons/hicolor/512x512/stock/data
/usr/share/icons/hicolor/512x512/stock/form
/usr/share/icons/hicolor/512x512/stock/image
/usr/share/icons/hicolor/512x512/stock/io
/usr/share/icons/hicolor/512x512/stock/media
/usr/share/icons/hicolor/512x512/stock/navigation
/usr/share/icons/hicolor/512x512/stock/net
/usr/share/icons/hicolor/512x512/stock/object
/usr/share/icons/hicolor/512x512/stock/table
/usr/share/icons/hicolor/512x512/stock/text
/usr/share/icons/hicolor/64x64
/usr/share/icons/hicolor/64x64/actions
/usr/share/icons/hicolor/64x64/animations
/usr/share/icons/hicolor/64x64/apps
/usr/share/icons/hicolor/64x64/categories
/usr/share/icons/hicolor/64x64/devices
/usr/share/icons/hicolor/64x64/emblems
/usr/share/icons/hicolor/64x64/emotes
/usr/share/icons/hicolor/64x64/filesystems
/usr/share/icons/hicolor/64x64/intl
/usr/share/icons/hicolor/64x64/mimetypes
/usr/share/icons/hicolor/64x64/places
/usr/share/icons/hicolor/64x64/status
/usr/share/icons/hicolor/64x64/stock
/usr/share/icons/hicolor/64x64/stock/chart
/usr/share/icons/hicolor/64x64/stock/code
/usr/share/icons/hicolor/64x64/stock/data
/usr/share/icons/hicolor/64x64/stock/form
/usr/share/icons/hicolor/64x64/stock/image
/usr/share/icons/hicolor/64x64/stock/io
/usr/share/icons/hicolor/64x64/stock/media
/usr/share/icons/hicolor/64x64/stock/navigation
/usr/share/icons/hicolor/64x64/stock/net
/usr/share/icons/hicolor/64x64/stock/object
/usr/share/icons/hicolor/64x64/stock/table
/usr/share/icons/hicolor/64x64/stock/text
/usr/share/icons/hicolor/72x72
/usr/share/icons/hicolor/72x72/actions
/usr/share/icons/hicolor/72x72/animations
/usr/share/icons/hicolor/72x72/apps
/usr/share/icons/hicolor/72x72/categories
/usr/share/icons/hicolor/72x72/devices
/usr/share/icons/hicolor/72x72/emblems
/usr/share/icons/hicolor/72x72/emotes
/usr/share/icons/hicolor/72x72/filesystems
/usr/share/icons/hicolor/72x72/intl
/usr/share/icons/hicolor/72x72/mimetypes
/usr/share/icons/hicolor/72x72/places
/usr/share/icons/hicolor/72x72/status
/usr/share/icons/hicolor/72x72/stock
/usr/share/icons/hicolor/72x72/stock/chart
/usr/share/icons/hicolor/72x72/stock/code
/usr/share/icons/hicolor/72x72/stock/data
/usr/share/icons/hicolor/72x72/stock/form
/usr/share/icons/hicolor/72x72/stock/image
/usr/share/icons/hicolor/72x72/stock/io
/usr/share/icons/hicolor/72x72/stock/media
/usr/share/icons/hicolor/72x72/stock/navigation
/usr/share/icons/hicolor/72x72/stock/net
/usr/share/icons/hicolor/72x72/stock/object
/usr/share/icons/hicolor/72x72/stock/table
/usr/share/icons/hicolor/72x72/stock/text
/usr/share/icons/hicolor/96x96
/usr/share/icons/hicolor/96x96/actions
/usr/share/icons/hicolor/96x96/animations
/usr/share/icons/hicolor/96x96/apps
/usr/share/icons/hicolor/96x96/categories
/usr/share/icons/hicolor/96x96/devices
/usr/share/icons/hicolor/96x96/emblems
/usr/share/icons/hicolor/96x96/emotes
/usr/share/icons/hicolor/96x96/filesystems
/usr/share/icons/hicolor/96x96/intl
/usr/share/icons/hicolor/96x96/mimetypes
/usr/share/icons/hicolor/96x96/places
/usr/share/icons/hicolor/96x96/status
/usr/share/icons/hicolor/96x96/stock
/usr/share/icons/hicolor/96x96/stock/chart
/usr/share/icons/hicolor/96x96/stock/code
/usr/share/icons/hicolor/96x96/stock/data
/usr/share/icons/hicolor/96x96/stock/form
/usr/share/icons/hicolor/96x96/stock/image
/usr/share/icons/hicolor/96x96/stock/io
/usr/share/icons/hicolor/96x96/stock/media
/usr/share/icons/hicolor/96x96/stock/navigation
/usr/share/icons/hicolor/96x96/stock/net
/usr/share/icons/hicolor/96x96/stock/object
/usr/share/icons/hicolor/96x96/stock/table
/usr/share/icons/hicolor/96x96/stock/text
/usr/share/icons/hicolor/index.theme
/usr/share/icons/hicolor/scalable
/usr/share/icons/hicolor/scalable/actions
/usr/share/icons/hicolor/scalable/animations
/usr/share/icons/hicolor/scalable/apps
/usr/share/icons/hicolor/scalable/categories
/usr/share/icons/hicolor/scalable/devices
/usr/share/icons/hicolor/scalable/emblems
/usr/share/icons/hicolor/scalable/emotes
/usr/share/icons/hicolor/scalable/filesystems
/usr/share/icons/hicolor/scalable/intl
/usr/share/icons/hicolor/scalable/mimetypes
/usr/share/icons/hicolor/scalable/places
/usr/share/icons/hicolor/scalable/status
/usr/share/icons/hicolor/scalable/stock
/usr/share/icons/hicolor/scalable/stock/chart
/usr/share/icons/hicolor/scalable/stock/code
/usr/share/icons/hicolor/scalable/stock/data
/usr/share/icons/hicolor/scalable/stock/form
/usr/share/icons/hicolor/scalable/stock/image
/usr/share/icons/hicolor/scalable/stock/io
/usr/share/icons/hicolor/scalable/stock/media
/usr/share/icons/hicolor/scalable/stock/navigation
/usr/share/icons/hicolor/scalable/stock/net
/usr/share/icons/hicolor/scalable/stock/object
/usr/share/icons/hicolor/scalable/stock/table
/usr/share/icons/hicolor/scalable/stock/text
/usr/share/icons/hicolor/symbolic
/usr/share/icons/hicolor/symbolic/apps
/usr/share/lintian
/usr/share/lintian/overrides
/usr/share/lintian/overrides/hicolor-icon-theme

dpkg -L humanity-icon-theme
/.
/usr
/usr/share
/usr/share/doc
/usr/share/doc/humanity-icon-theme
/usr/share/doc/humanity-icon-theme/changelog.gz
/usr/share/doc/humanity-icon-theme/copyright
/usr/share/icons
/usr/share/icons/Humanity
/usr/share/icons/Humanity/AUTHORS
/usr/share/icons/Humanity/CONTRIBUTORS
/usr/share/icons/Humanity/COPYING
/usr/share/icons/Humanity/actions
/usr/share/icons/Humanity/actions/128
/usr/share/icons/Humanity/actions/128/address-book-new.svg
/usr/share/icons/Humanity/actions/128/bookmark-new.svg
/usr/share/icons/Humanity/actions/128/document-new.svg
/usr/share/icons/Humanity/actions/128/edit-delete.svg
/usr/share/icons/Humanity/actions/128/gtk-info.svg
/usr/share/icons/Humanity/actions/128/help-about.svg
/usr/share/icons/Humanity/actions/128/help-contents.svg
/usr/share/icons/Humanity/actions/128/help-hint.svg
/usr/share/icons/Humanity/actions/128/media-import-audio-cd.svg
/usr/share/icons/Humanity/actions/128/media-playback-stop.svg
/usr/share/icons/Humanity/actions/128/media-record.svg
/usr/share/icons/Humanity/actions/128/object-inverse.svg
/usr/share/icons/Humanity/actions/128/process-stop.svg
/usr/share/icons/Humanity/actions/128/tag-new.svg
/usr/share/icons/Humanity/actions/16
/usr/share/icons/Humanity/actions/16/address-book-new.svg
/usr/share/icons/Humanity/actions/16/appointment-new.svg
/usr/share/icons/Humanity/actions/16/bookmark-new.svg
/usr/share/icons/Humanity/actions/16/dialog-apply.svg
/usr/share/icons/Humanity/actions/16/document-new.svg
/usr/share/icons/Humanity/actions/16/document-open.svg
/usr/share/icons/Humanity/actions/16/document-print-preview.svg
/usr/share/icons/Humanity/actions/16/document-print.svg
/usr/share/icons/Humanity/actions/16/document-properties.svg
/usr/share/icons/Humanity/actions/16/document-revert.svg
/usr/share/icons/Humanity/actions/16/document-save-as.svg
/usr/share/icons/Humanity/actions/16/document-save.svg
/usr/share/icons/Humanity/actions/16/edit-clear.svg
/usr/share/icons/Humanity/actions/16/edit-copy.svg
/usr/share/icons/Humanity/actions/16/edit-cut.svg
/usr/share/icons/Humanity/actions/16/edit-delete.svg
/usr/share/icons/Humanity/actions/16/edit-paste.svg
/usr/share/icons/Humanity/actions/16/edit-select-all.svg
/usr/share/icons/Humanity/actions/16/folder-new.svg
/usr/share/icons/Humanity/actions/16/go-bottom.svg
/usr/share/icons/Humanity/actions/16/go-down.svg
/usr/share/icons/Humanity/actions/16/go-first.svg
/usr/share/icons/Humanity/actions/16/go-home.svg
/usr/share/icons/Humanity/actions/16/go-last.svg
/usr/share/icons/Humanity/actions/16/go-next.svg
/usr/share/icons/Humanity/actions/16/go-previous.svg
/usr/share/icons/Humanity/actions/16/go-top.svg
/usr/share/icons/Humanity/actions/16/go-up.svg
/usr/share/icons/Humanity/actions/16/gtk-edit.svg
/usr/share/icons/Humanity/actions/16/gtk-info.svg
/usr/share/icons/Humanity/actions/16/help-about.svg
/usr/share/icons/Humanity/actions/16/help-contents.svg
/usr/share/icons/Humanity/actions/16/help-hint.svg
/usr/share/icons/Humanity/actions/16/im-message-new.svg
/usr/share/icons/Humanity/actions/16/list-add.svg
/usr/share/icons/Humanity/actions/16/list-remove.svg
/usr/share/icons/Humanity/actions/16/mail-forward.svg
/usr/share/icons/Humanity/actions/16/mail-mark-important.svg
/usr/share/icons/Humanity/actions/16/mail-mark-read.svg
/usr/share/icons/Humanity/actions/16/mail-mark-unread.svg
/usr/share/icons/Humanity/actions/16/mail-message-new.svg
/usr/share/icons/Humanity/actions/16/mail-read.svg
/usr/share/icons/Humanity/actions/16/mail-replied.svg
/usr/share/icons/Humanity/actions/16/mail-reply-all.svg
/usr/share/icons/Humanity/actions/16/mail-reply-sender.svg
/usr/share/icons/Humanity/actions/16/mail-send-receive.svg
/usr/share/icons/Humanity/actions/16/mail-send.svg
/usr/share/icons/Humanity/actions/16/media-eject.svg
/usr/share/icons/Humanity/actions/16/media-import-audio-cd.svg
/usr/share/icons/Humanity/actions/16/media-playback-pause.svg
/usr/share/icons/Humanity/actions/16/media-playback-start.svg
/usr/share/icons/Humanity/actions/16/media-playback-stop.svg
/usr/share/icons/Humanity/actions/16/media-record.svg
/usr/share/icons/Humanity/actions/16/media-seek-backward.svg
/usr/share/icons/Humanity/actions/16/media-seek-forward.svg
/usr/share/icons/Humanity/actions/16/media-skip-backward.svg
/usr/share/icons/Humanity/actions/16/media-skip-forward.svg
/usr/share/icons/Humanity/actions/16/object-flip-horizontal.svg
/usr/share/icons/Humanity/actions/16/object-flip-vertical.svg
/usr/share/icons/Humanity/actions/16/object-inverse.svg
/usr/share/icons/Humanity/actions/16/object-rotate-left.svg
/usr/share/icons/Humanity/actions/16/object-rotate-right.svg
/usr/share/icons/Humanity/actions/16/package-available-locked.svg
/usr/share/icons/Humanity/actions/16/package-available.svg
/usr/share/icons/Humanity/actions/16/package-broken.svg
/usr/share/icons/Humanity/actions/16/package-downgrade.svg
/usr/share/icons/Humanity/actions/16/package-install.svg
/usr/share/icons/Humanity/actions/16/package-installed-locked.svg
/usr/share/icons/Humanity/actions/16/package-installed-outdated.svg
/usr/share/icons/Humanity/actions/16/package-installed-updated.svg
/usr/share/icons/Humanity/actions/16/package-new.svg
/usr/share/icons/Humanity/actions/16/package-purge.svg
/usr/share/icons/Humanity/actions/16/package-reinstall.svg
/usr/share/icons/Humanity/actions/16/package-remove.svg
/usr/share/icons/Humanity/actions/16/package-upgrade.svg
/usr/share/icons/Humanity/actions/16/process-stop.svg
/usr/share/icons/Humanity/actions/16/stock_folder_properties.svg
/usr/share/icons/Humanity/actions/16/system-lock-screen.svg
/usr/share/icons/Humanity/actions/16/system-log-out.svg
/usr/share/icons/Humanity/actions/16/system-restart-panel.svg
/usr/share/icons/Humanity/actions/16/system-shutdown-panel.svg
/usr/share/icons/Humanity/actions/16/system-shutdown-restart-panel.svg
/usr/share/icons/Humanity/actions/16/system-shutdown.svg
/usr/share/icons/Humanity/actions/16/tab-new.svg
/usr/share/icons/Humanity/actions/16/tag-new.svg
/usr/share/icons/Humanity/actions/16/view-fullscreen.svg
/usr/share/icons/Humanity/actions/16/view-refresh.svg
/usr/share/icons/Humanity/actions/16/view-restore.svg
/usr/share/icons/Humanity/actions/16/window-close.svg
/usr/share/icons/Humanity/actions/16/window-new.svg
/usr/share/icons/Humanity/actions/16/zoom-best-fit.svg
/usr/share/icons/Humanity/actions/22
/usr/share/icons/Humanity/actions/22/address-book-new.svg
/usr/share/icons/Humanity/actions/22/appointment-new.svg
/usr/share/icons/Humanity/actions/22/bookmark-new.svg
/usr/share/icons/Humanity/actions/22/contact-new.svg
/usr/share/icons/Humanity/actions/22/dialog-apply.svg
/usr/share/icons/Humanity/actions/22/document-export.svg
/usr/share/icons/Humanity/actions/22/document-import.svg
/usr/share/icons/Humanity/actions/22/document-new.svg
/usr/share/icons/Humanity/actions/22/document-open-recent.svg
/usr/share/icons/Humanity/actions/22/document-page-setup.svg
/usr/share/icons/Humanity/actions/22/document-print-preview.svg
/usr/share/icons/Humanity/actions/22/document-print.svg
/usr/share/icons/Humanity/actions/22/document-properties.svg
/usr/share/icons/Humanity/actions/22/document-revert.svg
/usr/share/icons/Humanity/actions/22/document-save-as.svg
/usr/share/icons/Humanity/actions/22/document-save.svg
/usr/share/icons/Humanity/actions/22/edit-copy.svg
/usr/share/icons/Humanity/actions/22/edit-cut.svg
/usr/share/icons/Humanity/actions/22/edit-delete.svg
/usr/share/icons/Humanity/actions/22/edit-paste.svg
/usr/share/icons/Humanity/actions/22/edit-redo.svg
/usr/share/icons/Humanity/actions/22/edit-select-all.svg
/usr/share/icons/Humanity/actions/22/edit-undo.svg
/usr/share/icons/Humanity/actions/22/extract-archive.svg
/usr/share/icons/Humanity/actions/22/folder-copy.svg
/usr/share/icons/Humanity/actions/22/folder-move.svg
/usr/share/icons/Humanity/actions/22/folder-new.svg
/usr/share/icons/Humanity/actions/22/go-bottom.svg
/usr/share/icons/Humanity/actions/22/go-down.svg
/usr/share/icons/Humanity/actions/22/go-first.svg
/usr/share/icons/Humanity/actions/22/go-home.svg
/usr/share/icons/Humanity/actions/22/go-jump.svg
/usr/share/icons/Humanity/actions/22/go-last.svg
/usr/share/icons/Humanity/actions/22/go-next.svg
/usr/share/icons/Humanity/actions/22/go-previous.svg
/usr/share/icons/Humanity/actions/22/go-top.svg
/usr/share/icons/Humanity/actions/22/go-up.svg
/usr/share/icons/Humanity/actions/22/gtk-edit.svg
/usr/share/icons/Humanity/actions/22/gtk-info.svg
/usr/share/icons/Humanity/actions/22/help-about.svg
/usr/share/icons/Humanity/actions/22/help-contents.svg
/usr/share/icons/Humanity/actions/22/help-hint.svg
/usr/share/icons/Humanity/actions/22/im-message-new.svg
/usr/share/icons/Humanity/actions/22/list-add.svg
/usr/share/icons/Humanity/actions/22/list-remove.svg
/usr/share/icons/Humanity/actions/22/mail-forward.svg
/usr/share/icons/Humanity/actions/22/mail-mark-important.svg
/usr/share/icons/Humanity/actions/22/mail-mark-junk.svg
/usr/share/icons/Humanity/actions/22/mail-mark-notjunk.svg
/usr/share/icons/Humanity/actions/22/mail-mark-read.svg
/usr/share/icons/Humanity/actions/22/mail-mark-unread.svg
/usr/share/icons/Humanity/actions/22/mail-message-new.svg
/usr/share/icons/Humanity/actions/22/mail-read.svg
/usr/share/icons/Humanity/actions/22/mail-replied.svg
/usr/share/icons/Humanity/actions/22/mail-reply-all.svg
/usr/share/icons/Humanity/actions/22/mail-reply-sender.svg
/usr/share/icons/Humanity/actions/22/mail-send-receive.svg
/usr/share/icons/Humanity/actions/22/mail-send.svg
/usr/share/icons/Humanity/actions/22/media-eject.svg
/usr/share/icons/Humanity/actions/22/media-import-audio-cd.svg
/usr/share/icons/Humanity/actions/22/media-playback-pause.svg
/usr/share/icons/Humanity/actions/22/media-playback-start.svg
/usr/share/icons/Humanity/actions/22/media-playback-stop.svg
/usr/share/icons/Humanity/actions/22/media-record.svg
/usr/share/icons/Humanity/actions/22/media-seek-backward.svg
/usr/share/icons/Humanity/actions/22/media-seek-forward.svg
/usr/share/icons/Humanity/actions/22/media-skip-backward.svg
/usr/share/icons/Humanity/actions/22/media-skip-forward.svg
/usr/share/icons/Humanity/actions/22/object-inverse.svg
/usr/share/icons/Humanity/actions/22/preview-file.svg
/usr/share/icons/Humanity/actions/22/process-stop.svg
/usr/share/icons/Humanity/actions/22/sleep.svg
/usr/share/icons/Humanity/actions/22/system-shutdown.svg
/usr/share/icons/Humanity/actions/22/tab-new.svg
/usr/share/icons/Humanity/actions/22/tag-new.svg
/usr/share/icons/Humanity/actions/22/view-fullscreen.svg
/usr/share/icons/Humanity/actions/22/view-refresh.svg
/usr/share/icons/Humanity/actions/22/view-restore.svg
/usr/share/icons/Humanity/actions/22/window-close.svg
/usr/share/icons/Humanity/actions/22/window-new.svg
/usr/share/icons/Humanity/actions/24
/usr/share/icons/Humanity/actions/24/address-book-new.svg
/usr/share/icons/Humanity/actions/24/appointment-new.svg
/usr/share/icons/Humanity/actions/24/archive-insert-directory.svg
/usr/share/icons/Humanity/actions/24/archive-insert.svg
/usr/share/icons/Humanity/actions/24/bookmark-new.svg
/usr/share/icons/Humanity/actions/24/contact-new.svg
/usr/share/icons/Humanity/actions/24/dialog-apply.svg
/usr/share/icons/Humanity/actions/24/document-export.svg
/usr/share/icons/Humanity/actions/24/document-import.svg
/usr/share/icons/Humanity/actions/24/document-new.svg
/usr/share/icons/Humanity/actions/24/document-open-recent.svg
/usr/share/icons/Humanity/actions/24/document-open.svg
/usr/share/icons/Humanity/actions/24/document-page-setup.svg
/usr/share/icons/Humanity/actions/24/document-print-preview.svg
/usr/share/icons/Humanity/actions/24/document-print.svg
/usr/share/icons/Humanity/actions/24/document-properties.svg
/usr/share/icons/Humanity/actions/24/document-revert.svg
/usr/share/icons/Humanity/actions/24/document-save-as.svg
/usr/share/icons/Humanity/actions/24/document-save.svg
/usr/share/icons/Humanity/actions/24/edit-clear.svg
/usr/share/icons/Humanity/actions/24/edit-copy.svg
/usr/share/icons/Humanity/actions/24/edit-cut.svg
/usr/share/icons/Humanity/actions/24/edit-delete-mail.svg
/usr/share/icons/Humanity/actions/24/edit-delete.svg
/usr/share/icons/Humanity/actions/24/edit-paste.svg
/usr/share/icons/Humanity/actions/24/edit-redo.svg
/usr/share/icons/Humanity/actions/24/edit-select-all.svg
/usr/share/icons/Humanity/actions/24/edit-undo.svg
/usr/share/icons/Humanity/actions/24/extract-archive.svg
/usr/share/icons/Humanity/actions/24/folder-copy.svg
/usr/share/icons/Humanity/actions/24/folder-move.svg
/usr/share/icons/Humanity/actions/24/folder-new.svg
/usr/share/icons/Humanity/actions/24/go-bottom.svg
/usr/share/icons/Humanity/actions/24/go-down.svg
/usr/share/icons/Humanity/actions/24/go-first.svg
/usr/share/icons/Humanity/actions/24/go-home.svg
/usr/share/icons/Humanity/actions/24/go-jump.svg
/usr/share/icons/Humanity/actions/24/go-last.svg
/usr/share/icons/Humanity/actions/24/go-next.svg
/usr/share/icons/Humanity/actions/24/go-previous.svg
/usr/share/icons/Humanity/actions/24/go-top.svg
/usr/share/icons/Humanity/actions/24/go-up.svg
/usr/share/icons/Humanity/actions/24/gtk-edit.svg
/usr/share/icons/Humanity/actions/24/gtk-info.svg
/usr/share/icons/Humanity/actions/24/help-about.svg
/usr/share/icons/Humanity/actions/24/help-contents.svg
/usr/share/icons/Humanity/actions/24/help-hint.svg
/usr/share/icons/Humanity/actions/24/im-message-new.svg
/usr/share/icons/Humanity/actions/24/list-add.svg
/usr/share/icons/Humanity/actions/24/list-remove.svg
/usr/share/icons/Humanity/actions/24/mail-forward.svg
/usr/share/icons/Humanity/actions/24/mail-mark-important.svg
/usr/share/icons/Humanity/actions/24/mail-mark-junk.svg
/usr/share/icons/Humanity/actions/24/mail-mark-notjunk.svg
/usr/share/icons/Humanity/actions/24/mail-mark-read.svg
/usr/share/icons/Humanity/actions/24/mail-mark-unread.svg
/usr/share/icons/Humanity/actions/24/mail-message-new.svg
/usr/share/icons/Humanity/actions/24/mail-read.svg
/usr/share/icons/Humanity/actions/24/mail-replied.svg
/usr/share/icons/Humanity/actions/24/mail-reply-all.svg
/usr/share/icons/Humanity/actions/24/mail-reply-sender.svg
/usr/share/icons/Humanity/actions/24/mail-send-receive.svg
/usr/share/icons/Humanity/actions/24/mail-send.svg
/usr/share/icons/Humanity/actions/24/media-eject.svg
/usr/share/icons/Humanity/actions/24/media-import-audio-cd.svg
/usr/share/icons/Humanity/actions/24/media-playback-pause.svg
/usr/share/icons/Humanity/actions/24/media-playback-start.svg
/usr/share/icons/Humanity/actions/24/media-playback-stop.svg
/usr/share/icons/Humanity/actions/24/media-record.svg
/usr/share/icons/Humanity/actions/24/media-seek-backward.svg
/usr/share/icons/Humanity/actions/24/media-seek-forward.svg
/usr/share/icons/Humanity/actions/24/media-skip-backward.svg
/usr/share/icons/Humanity/actions/24/media-skip-forward.svg
/usr/share/icons/Humanity/actions/24/object-flip-horizontal.svg
/usr/share/icons/Humanity/actions/24/object-flip-vertical.svg
/usr/share/icons/Humanity/actions/24/object-inverse.svg
/usr/share/icons/Humanity/actions/24/object-rotate-left.svg
/usr/share/icons/Humanity/actions/24/object-rotate-right.svg
/usr/share/icons/Humanity/actions/24/preview-file.svg
/usr/share/icons/Humanity/actions/24/process-stop.svg
/usr/share/icons/Humanity/actions/24/rotate.svg
/usr/share/icons/Humanity/actions/24/sleep.svg
/usr/share/icons/Humanity/actions/24/system-lock-screen.svg
/usr/share/icons/Humanity/actions/24/system-log-out.svg
/usr/share/icons/Humanity/actions/24/system-run.svg
/usr/share/icons/Humanity/actions/24/system-shutdown.svg
/usr/share/icons/Humanity/actions/24/tab-new.svg
/usr/share/icons/Humanity/actions/24/tag-new.svg
/usr/share/icons/Humanity/actions/24/view-fullscreen.svg
/usr/share/icons/Humanity/actions/24/view-refresh.svg
/usr/share/icons/Humanity/actions/24/view-restore.svg
/usr/share/icons/Humanity/actions/24/window-close.svg
/usr/share/icons/Humanity/actions/24/window-new.svg
/usr/share/icons/Humanity/actions/32
/usr/share/icons/Humanity/actions/32/address-book-new.svg
/usr/share/icons/Humanity/actions/32/bookmark-new.svg
/usr/share/icons/Humanity/actions/32/document-new.svg
/usr/share/icons/Humanity/actions/32/document-properties.svg
/usr/share/icons/Humanity/actions/32/edit-delete.svg
/usr/share/icons/Humanity/actions/32/gtk-info.svg
/usr/share/icons/Humanity/actions/32/help-about.svg
/usr/share/icons/Humanity/actions/32/help-contents.svg
/usr/share/icons/Humanity/actions/32/help-hint.svg
/usr/share/icons/Humanity/actions/32/list-add.svg
/usr/share/icons/Humanity/actions/32/list-remove.svg
/usr/share/icons/Humanity/actions/32/media-import-audio-cd.svg
/usr/share/icons/Humanity/actions/32/media-playback-stop.svg
/usr/share/icons/Humanity/actions/32/media-record.svg
/usr/share/icons/Humanity/actions/32/object-inverse.svg
/usr/share/icons/Humanity/actions/32/process-stop.svg
/usr/share/icons/Humanity/actions/32/system-lock-screen.svg
/usr/share/icons/Humanity/actions/32/system-log-out.svg
/usr/share/icons/Humanity/actions/32/system-shutdown.svg
/usr/share/icons/Humanity/actions/32/tag-new.svg
/usr/share/icons/Humanity/actions/32/view-fullscreen.svg
/usr/share/icons/Humanity/actions/32/view-restore.svg
/usr/share/icons/Humanity/actions/48
/usr/share/icons/Humanity/actions/48/address-book-new.svg
/usr/share/icons/Humanity/actions/48/appointment-new.svg
/usr/share/icons/Humanity/actions/48/archive-insert-directory.svg
/usr/share/icons/Humanity/actions/48/archive-insert.svg
/usr/share/icons/Humanity/actions/48/bookmark-new.svg
/usr/share/icons/Humanity/actions/48/contact-new.svg
/usr/share/icons/Humanity/actions/48/dialog-apply.svg
/usr/share/icons/Humanity/actions/48/document-export.svg
/usr/share/icons/Humanity/actions/48/document-import.svg
/usr/share/icons/Humanity/actions/48/document-new.svg
/usr/share/icons/Humanity/actions/48/document-open-recent.svg
/usr/share/icons/Humanity/actions/48/document-open.svg
/usr/share/icons/Humanity/actions/48/document-page-setup.svg
/usr/share/icons/Humanity/actions/48/document-print-preview.svg
/usr/share/icons/Humanity/actions/48/document-print.svg
/usr/share/icons/Humanity/actions/48/document-properties.svg
/usr/share/icons/Humanity/actions/48/document-revert.svg
/usr/share/icons/Humanity/actions/48/document-save-as.svg
/usr/share/icons/Humanity/actions/48/document-save.svg
/usr/share/icons/Humanity/actions/48/edit-clear.svg
/usr/share/icons/Humanity/actions/48/edit-copy.svg
/usr/share/icons/Humanity/actions/48/edit-cut.svg
/usr/share/icons/Humanity/actions/48/edit-delete-mail.svg
/usr/share/icons/Humanity/actions/48/edit-delete.svg
/usr/share/icons/Humanity/actions/48/edit-paste.svg
/usr/share/icons/Humanity/actions/48/edit-redo.svg
/usr/share/icons/Humanity/actions/48/edit-select-all.svg
/usr/share/icons/Humanity/actions/48/edit-undo.svg
/usr/share/icons/Humanity/actions/48/extract-archive.svg
/usr/share/icons/Humanity/actions/48/folder-copy.svg
/usr/share/icons/Humanity/actions/48/folder-move.svg
/usr/share/icons/Humanity/actions/48/folder-new.svg
/usr/share/icons/Humanity/actions/48/go-bottom.svg
/usr/share/icons/Humanity/actions/48/go-down.svg
/usr/share/icons/Humanity/actions/48/go-first.svg
/usr/share/icons/Humanity/actions/48/go-home.svg
/usr/share/icons/Humanity/actions/48/go-jump.svg
/usr/share/icons/Humanity/actions/48/go-last.svg
/usr/share/icons/Humanity/actions/48/go-next.svg
/usr/share/icons/Humanity/actions/48/go-previous.svg
/usr/share/icons/Humanity/actions/48/go-top.svg
/usr/share/icons/Humanity/actions/48/go-up.svg
/usr/share/icons/Humanity/actions/48/gtk-edit.svg
/usr/share/icons/Humanity/actions/48/gtk-info.svg
/usr/share/icons/Humanity/actions/48/help-about.svg
/usr/share/icons/Humanity/actions/48/help-contents.svg
/usr/share/icons/Humanity/actions/48/help-hint.svg
/usr/share/icons/Humanity/actions/48/list-add.svg
/usr/share/icons/Humanity/actions/48/list-remove.svg
/usr/share/icons/Humanity/actions/48/media-eject.svg
/usr/share/icons/Humanity/actions/48/media-import-audio-cd.svg
/usr/share/icons/Humanity/actions/48/media-playback-pause.svg
/usr/share/icons/Humanity/actions/48/media-playback-start.svg
/usr/share/icons/Humanity/actions/48/media-playback-stop.svg
/usr/share/icons/Humanity/actions/48/media-record.svg
/usr/share/icons/Humanity/actions/48/media-seek-backward.svg
/usr/share/icons/Humanity/actions/48/media-seek-forward.svg
/usr/share/icons/Humanity/actions/48/media-skip-backward.svg
/usr/share/icons/Humanity/actions/48/media-skip-forward.svg
/usr/share/icons/Humanity/actions/48/object-inverse.svg
/usr/share/icons/Humanity/actions/48/object-rotate-left.svg
/usr/share/icons/Humanity/actions/48/object-rotate-right.svg
/usr/share/icons/Humanity/actions/48/preview-file.svg
/usr/share/icons/Humanity/actions/48/process-stop.svg
/usr/share/icons/Humanity/actions/48/rotate.svg
/usr/share/icons/Humanity/actions/48/sleep.svg
/usr/share/icons/Humanity/actions/48/system-lock-screen.svg
/usr/share/icons/Humanity/actions/48/system-log-out.svg
/usr/share/icons/Humanity/actions/48/system-run.svg
/usr/share/icons/Humanity/actions/48/system-shutdown.svg
/usr/share/icons/Humanity/actions/48/tab-new.svg
/usr/share/icons/Humanity/actions/48/tag-new.svg
/usr/share/icons/Humanity/actions/48/view-fullscreen.svg
/usr/share/icons/Humanity/actions/48/view-refresh.svg
/usr/share/icons/Humanity/actions/48/view-restore.svg
/usr/share/icons/Humanity/actions/48/window-close.svg
/usr/share/icons/Humanity/actions/48/window-new.svg
/usr/share/icons/Humanity/actions/64
/usr/share/icons/Humanity/actions/64/address-book-new.svg
/usr/share/icons/Humanity/actions/64/bookmark-new.svg
/usr/share/icons/Humanity/actions/64/document-new.svg
/usr/share/icons/Humanity/actions/64/edit-delete.svg
/usr/share/icons/Humanity/actions/64/gtk-info.svg
/usr/share/icons/Humanity/actions/64/help-about.svg
/usr/share/icons/Humanity/actions/64/help-contents.svg
/usr/share/icons/Humanity/actions/64/help-hint.svg
/usr/share/icons/Humanity/actions/64/media-import-audio-cd.svg
/usr/share/icons/Humanity/actions/64/media-playback-stop.svg
/usr/share/icons/Humanity/actions/64/media-record.svg
/usr/share/icons/Humanity/actions/64/object-inverse.svg
/usr/share/icons/Humanity/actions/64/process-stop.svg
/usr/share/icons/Humanity/actions/64/tag-new.svg
/usr/share/icons/Humanity/actions/symbolic
/usr/share/icons/Humanity/actions/symbolic/list-add-symbolic.svg
/usr/share/icons/Humanity/actions/symbolic/list-remove-symbolic.svg
/usr/share/icons/Humanity/animations
/usr/share/icons/Humanity/animations/16
/usr/share/icons/Humanity/animations/16/process-idle.svg
/usr/share/icons/Humanity/animations/16/process-working.png
/usr/share/icons/Humanity/animations/22
/usr/share/icons/Humanity/animations/22/brasero-disc-00.svg
/usr/share/icons/Humanity/animations/22/brasero-disc-05.svg
/usr/share/icons/Humanity/animations/22/brasero-disc-10.svg
/usr/share/icons/Humanity/animations/22/brasero-disc-100.svg
/usr/share/icons/Humanity/animations/22/brasero-disc-15.svg
/usr/share/icons/Humanity/animations/22/brasero-disc-20.svg
/usr/share/icons/Humanity/animations/22/brasero-disc-25.svg
/usr/share/icons/Humanity/animations/22/brasero-disc-30.svg
/usr/share/icons/Humanity/animations/22/brasero-disc-35.svg
/usr/share/icons/Humanity/animations/22/brasero-disc-40.svg
/usr/share/icons/Humanity/animations/22/brasero-disc-45.svg
/usr/share/icons/Humanity/animations/22/brasero-disc-50.svg
/usr/share/icons/Humanity/animations/22/brasero-disc-55.svg
/usr/share/icons/Humanity/animations/22/brasero-disc-60.svg
/usr/share/icons/Humanity/animations/22/brasero-disc-65.svg
/usr/share/icons/Humanity/animations/22/brasero-disc-70.svg
/usr/share/icons/Humanity/animations/22/brasero-disc-75.svg
/usr/share/icons/Humanity/animations/22/brasero-disc-80.svg
/usr/share/icons/Humanity/animations/22/brasero-disc-85.svg
/usr/share/icons/Humanity/animations/22/brasero-disc-90.svg
/usr/share/icons/Humanity/animations/22/brasero-disc-95.svg
/usr/share/icons/Humanity/animations/22/process-idle.svg
/usr/share/icons/Humanity/animations/22/process-working.png
/usr/share/icons/Humanity/animations/24
/usr/share/icons/Humanity/animations/24/brasero-disc-00.svg
/usr/share/icons/Humanity/animations/24/brasero-disc-05.svg
/usr/share/icons/Humanity/animations/24/brasero-disc-10.svg
/usr/share/icons/Humanity/animations/24/brasero-disc-100.svg
/usr/share/icons/Humanity/animations/24/brasero-disc-15.svg
/usr/share/icons/Humanity/animations/24/brasero-disc-20.svg
/usr/share/icons/Humanity/animations/24/brasero-disc-25.svg
/usr/share/icons/Humanity/animations/24/brasero-disc-30.svg
/usr/share/icons/Humanity/animations/24/brasero-disc-35.svg
/usr/share/icons/Humanity/animations/24/brasero-disc-40.svg
/usr/share/icons/Humanity/animations/24/brasero-disc-45.svg
/usr/share/icons/Humanity/animations/24/brasero-disc-50.svg
/usr/share/icons/Humanity/animations/24/brasero-disc-55.svg
/usr/share/icons/Humanity/animations/24/brasero-disc-60.svg
/usr/share/icons/Humanity/animations/24/brasero-disc-65.svg
/usr/share/icons/Humanity/animations/24/brasero-disc-70.svg
/usr/share/icons/Humanity/animations/24/brasero-disc-75.svg
/usr/share/icons/Humanity/animations/24/brasero-disc-80.svg
/usr/share/icons/Humanity/animations/24/brasero-disc-85.svg
/usr/share/icons/Humanity/animations/24/brasero-disc-90.svg
/usr/share/icons/Humanity/animations/24/brasero-disc-95.svg
/usr/share/icons/Humanity/animations/24/process-idle.svg
/usr/share/icons/Humanity/animations/24/process-working.png
/usr/share/icons/Humanity/animations/32
/usr/share/icons/Humanity/animations/32/process-idle.svg
/usr/share/icons/Humanity/animations/32/process-working.png
/usr/share/icons/Humanity/animations/48
/usr/share/icons/Humanity/animations/48/brasero-disc-05.svg
/usr/share/icons/Humanity/animations/48/brasero-disc-10.svg
/usr/share/icons/Humanity/animations/48/brasero-disc-100.svg
/usr/share/icons/Humanity/animations/48/brasero-disc-15.svg
/usr/share/icons/Humanity/animations/48/brasero-disc-20.svg
/usr/share/icons/Humanity/animations/48/brasero-disc-25.svg
/usr/share/icons/Humanity/animations/48/brasero-disc-30.svg
/usr/share/icons/Humanity/animations/48/brasero-disc-35.svg
/usr/share/icons/Humanity/animations/48/brasero-disc-40.svg
/usr/share/icons/Humanity/animations/48/brasero-disc-45.svg
/usr/share/icons/Humanity/animations/48/brasero-disc-50.svg
/usr/share/icons/Humanity/animations/48/brasero-disc-55.svg
/usr/share/icons/Humanity/animations/48/brasero-disc-60.svg
/usr/share/icons/Humanity/animations/48/brasero-disc-65.svg
/usr/share/icons/Humanity/animations/48/brasero-disc-70.svg
/usr/share/icons/Humanity/animations/48/brasero-disc-75.svg
/usr/share/icons/Humanity/animations/48/brasero-disc-80.svg
/usr/share/icons/Humanity/animations/48/brasero-disc-85.svg
/usr/share/icons/Humanity/animations/48/brasero-disc-90.svg
/usr/share/icons/Humanity/animations/48/brasero-disc-95.svg
/usr/share/icons/Humanity/apps
/usr/share/icons/Humanity/apps/128
/usr/share/icons/Humanity/apps/128/accessories-dictionary.svg
/usr/share/icons/Humanity/apps/128/addressbook.svg
/usr/share/icons/Humanity/apps/128/gksu-root-terminal.svg
/usr/share/icons/Humanity/apps/128/internet-feed-reader.svg
/usr/share/icons/Humanity/apps/128/preferences-desktop-accessibility.svg
/usr/share/icons/Humanity/apps/128/preferences-desktop-wallpaper.svg
/usr/share/icons/Humanity/apps/128/system-file-manager.svg
/usr/share/icons/Humanity/apps/128/system-software-install.svg
/usr/share/icons/Humanity/apps/128/system-software-update.svg
/usr/share/icons/Humanity/apps/128/user-info.svg
/usr/share/icons/Humanity/apps/128/utilities-terminal.svg
/usr/share/icons/Humanity/apps/16
/usr/share/icons/Humanity/apps/16/accessories-calculator.svg
/usr/share/icons/Humanity/apps/16/accessories-dictionary.svg
/usr/share/icons/Humanity/apps/16/accessories-text-editor.svg
/usr/share/icons/Humanity/apps/16/addressbook.svg
/usr/share/icons/Humanity/apps/16/application-community.svg
/usr/share/icons/Humanity/apps/16/clock.svg
/usr/share/icons/Humanity/apps/16/evolution-calendar.svg
/usr/share/icons/Humanity/apps/16/evolution-mail.svg
/usr/share/icons/Humanity/apps/16/evolution-memos.svg
/usr/share/icons/Humanity/apps/16/evolution-tasks.svg
/usr/share/icons/Humanity/apps/16/gconf-editor.svg
/usr/share/icons/Humanity/apps/16/gksu-root-terminal.svg
/usr/share/icons/Humanity/apps/16/gnome-do-panel.svg
/usr/share/icons/Humanity/apps/16/gnome-panel-force-quit.svg
/usr/share/icons/Humanity/apps/16/gnome-session-hibernate.svg
/usr/share/icons/Humanity/apps/16/internet-feed-reader.svg
/usr/share/icons/Humanity/apps/16/invest-applet.svg
/usr/share/icons/Humanity/apps/16/lpi-bug.svg
/usr/share/icons/Humanity/apps/16/lpi-help.svg
/usr/share/icons/Humanity/apps/16/nm-vpn-lock.svg
/usr/share/icons/Humanity/apps/16/preferences-desktop-accessibility.svg
/usr/share/icons/Humanity/apps/16/preferences-desktop-locale.svg
/usr/share/icons/Humanity/apps/16/preferences-desktop-sound.svg
/usr/share/icons/Humanity/apps/16/preferences-desktop-theme.svg
/usr/share/icons/Humanity/apps/16/preferences-system-windows.svg
/usr/share/icons/Humanity/apps/16/session-properties.svg
/usr/share/icons/Humanity/apps/16/stock_keyring.png
/usr/share/icons/Humanity/apps/16/system-file-manager.svg
/usr/share/icons/Humanity/apps/16/system-software-install.svg
/usr/share/icons/Humanity/apps/16/system-software-update.svg
/usr/share/icons/Humanity/apps/16/system-upgrade.svg
/usr/share/icons/Humanity/apps/16/system-users.svg
/usr/share/icons/Humanity/apps/16/tomboy-panel.svg
/usr/share/icons/Humanity/apps/16/ubiquity.svg
/usr/share/icons/Humanity/apps/16/user-info.svg
/usr/share/icons/Humanity/apps/16/utilities-terminal.svg
/usr/share/icons/Humanity/apps/16/wmtweaks.svg
/usr/share/icons/Humanity/apps/192
/usr/share/icons/Humanity/apps/192/yelp-icon-big.svg
/usr/share/icons/Humanity/apps/22
/usr/share/icons/Humanity/apps/22/accessories-calculator.svg
/usr/share/icons/Humanity/apps/22/accessories-dictionary.svg
/usr/share/icons/Humanity/apps/22/accessories-text-editor.svg
/usr/share/icons/Humanity/apps/22/addressbook.svg
/usr/share/icons/Humanity/apps/22/application-community.svg
/usr/share/icons/Humanity/apps/22/bluetooth.svg
/usr/share/icons/Humanity/apps/22/clock.svg
/usr/share/icons/Humanity/apps/22/evolution-calendar.svg
/usr/share/icons/Humanity/apps/22/evolution-mail.svg
/usr/share/icons/Humanity/apps/22/evolution-memos.svg
/usr/share/icons/Humanity/apps/22/evolution-tasks.svg
/usr/share/icons/Humanity/apps/22/fusion-icon-panel.svg
/usr/share/icons/Humanity/apps/22/gdm-setup.svg
/usr/share/icons/Humanity/apps/22/gksu-root-terminal.svg
/usr/share/icons/Humanity/apps/22/gnome-do-panel.svg
/usr/share/icons/Humanity/apps/22/gnome-inhibit-applet.svg
/usr/share/icons/Humanity/apps/22/gnome-network-properties.svg
/usr/share/icons/Humanity/apps/22/gnome-panel-force-quit.svg
/usr/share/icons/Humanity/apps/22/gnome-session-hibernate.svg
/usr/share/icons/Humanity/apps/22/gsd-xrandr.svg
/usr/share/icons/Humanity/apps/22/gstreamer-properties.svg
/usr/share/icons/Humanity/apps/22/gtg-panel.svg
/usr/share/icons/Humanity/apps/22/internet-feed-reader.svg
/usr/share/icons/Humanity/apps/22/invest-applet.svg
/usr/share/icons/Humanity/apps/22/menu-editor.svg
/usr/share/icons/Humanity/apps/22/nm-mb-roam.svg
/usr/share/icons/Humanity/apps/22/nm-stage01-connecting01.svg
/usr/share/icons/Humanity/apps/22/nm-stage01-connecting02.svg
/usr/share/icons/Humanity/apps/22/nm-stage01-connecting03.svg
/usr/share/icons/Humanity/apps/22/nm-stage01-connecting04.svg
/usr/share/icons/Humanity/apps/22/nm-stage01-connecting05.svg
/usr/share/icons/Humanity/apps/22/nm-stage01-connecting06.svg
/usr/share/icons/Humanity/apps/22/nm-stage01-connecting07.svg
/usr/share/icons/Humanity/apps/22/nm-stage01-connecting08.svg
/usr/share/icons/Humanity/apps/22/nm-stage01-connecting09.svg
/usr/share/icons/Humanity/apps/22/nm-stage01-connecting10.svg
/usr/share/icons/Humanity/apps/22/nm-stage01-connecting11.svg
/usr/share/icons/Humanity/apps/22/nm-stage02-connecting01.svg
/usr/share/icons/Humanity/apps/22/nm-stage02-connecting02.svg
/usr/share/icons/Humanity/apps/22/nm-stage02-connecting03.svg
/usr/share/icons/Humanity/apps/22/nm-stage02-connecting04.svg
/usr/share/icons/Humanity/apps/22/nm-stage02-connecting05.svg
/usr/share/icons/Humanity/apps/22/nm-stage02-connecting06.svg
/usr/share/icons/Humanity/apps/22/nm-stage02-connecting11.svg
/usr/share/icons/Humanity/apps/22/nm-stage03-connecting01.svg
/usr/share/icons/Humanity/apps/22/nm-stage03-connecting02.svg
/usr/share/icons/Humanity/apps/22/nm-stage03-connecting03.svg
/usr/share/icons/Humanity/apps/22/nm-stage03-connecting04.svg
/usr/share/icons/Humanity/apps/22/nm-stage03-connecting05.svg
/usr/share/icons/Humanity/apps/22/nm-stage03-connecting06.svg
/usr/share/icons/Humanity/apps/22/nm-stage03-connecting07.svg
/usr/share/icons/Humanity/apps/22/nm-stage03-connecting08.svg
/usr/share/icons/Humanity/apps/22/nm-stage03-connecting09.svg
/usr/share/icons/Humanity/apps/22/nm-stage03-connecting10.svg
/usr/share/icons/Humanity/apps/22/nm-stage03-connecting11.svg
/usr/share/icons/Humanity/apps/22/nm-tech-3g.svg
/usr/share/icons/Humanity/apps/22/nm-tech-cdma-1x.svg
/usr/share/icons/Humanity/apps/22/nm-tech-edge.svg
/usr/share/icons/Humanity/apps/22/nm-tech-evdo.svg
/usr/share/icons/Humanity/apps/22/nm-tech-gprs.svg
/usr/share/icons/Humanity/apps/22/nm-tech-hspa.svg
/usr/share/icons/Humanity/apps/22/nm-tech-umts.svg
/usr/share/icons/Humanity/apps/22/nm-vpn-connecting01.svg
/usr/share/icons/Humanity/apps/22/nm-vpn-connecting02.svg
/usr/share/icons/Humanity/apps/22/nm-vpn-connecting03.svg
/usr/share/icons/Humanity/apps/22/nm-vpn-connecting04.svg
/usr/share/icons/Humanity/apps/22/nm-vpn-lock.svg
/usr/share/icons/Humanity/apps/22/nm-wwan-tower.svg
/usr/share/icons/Humanity/apps/22/ooo-gulls.svg
/usr/share/icons/Humanity/apps/22/preferences-desktop-accessibility.svg
/usr/share/icons/Humanity/apps/22/preferences-desktop-sound.svg
/usr/share/icons/Humanity/apps/22/preferences-desktop-theme.svg
/usr/share/icons/Humanity/apps/22/preferences-system-windows.svg
/usr/share/icons/Humanity/apps/22/rhythmbox-panel.svg
/usr/share/icons/Humanity/apps/22/system-software-install.svg
/usr/share/icons/Humanity/apps/22/system-upgrade.svg
/usr/share/icons/Humanity/apps/22/system-users.svg
/usr/share/icons/Humanity/apps/22/time-admin.svg
/usr/share/icons/Humanity/apps/22/tomboy-panel.svg
/usr/share/icons/Humanity/apps/22/tsclient.svg
/usr/share/icons/Humanity/apps/22/ubiquity.svg
/usr/share/icons/Humanity/apps/22/user-info.svg
/usr/share/icons/Humanity/apps/22/utilities-terminal.svg
/usr/share/icons/Humanity/apps/22/wmtweaks.svg
/usr/share/icons/Humanity/apps/22/xchat-panel.svg
/usr/share/icons/Humanity/apps/24
/usr/share/icons/Humanity/apps/24/accessories-calculator.svg
/usr/share/icons/Humanity/apps/24/accessories-dictionary.svg
/usr/share/icons/Humanity/apps/24/accessories-text-editor.svg
/usr/share/icons/Humanity/apps/24/addressbook.svg
/usr/share/icons/Humanity/apps/24/application-community.svg
/usr/share/icons/Humanity/apps/24/application-default-icon.svg
/usr/share/icons/Humanity/apps/24/audio-player.svg
/usr/share/icons/Humanity/apps/24/baobab.svg
/usr/share/icons/Humanity/apps/24/bluetooth.svg
/usr/share/icons/Humanity/apps/24/checkbox.svg
/usr/share/icons/Humanity/apps/24/clock.svg
/usr/share/icons/Humanity/apps/24/evolution-calendar.svg
/usr/share/icons/Humanity/apps/24/evolution-mail.svg
/usr/share/icons/Humanity/apps/24/evolution-memos.svg
/usr/share/icons/Humanity/apps/24/evolution-tasks.svg
/usr/share/icons/Humanity/apps/24/evolution.svg
/usr/share/icons/Humanity/apps/24/fusion-icon-panel.svg
/usr/share/icons/Humanity/apps/24/gconf-editor.svg
/usr/share/icons/Humanity/apps/24/gdm-setup.svg
/usr/share/icons/Humanity/apps/24/gksu-root-terminal.svg
/usr/share/icons/Humanity/apps/24/gnome-display-properties.svg
/usr/share/icons/Humanity/apps/24/gnome-do-panel.svg
/usr/share/icons/Humanity/apps/24/gnome-fs-bookmark-missing.svg
/usr/share/icons/Humanity/apps/24/gnome-inhibit-applet.svg
/usr/share/icons/Humanity/apps/24/gnome-nettool.svg
/usr/share/icons/Humanity/apps/24/gnome-network-properties.svg
/usr/share/icons/Humanity/apps/24/gnome-panel-force-quit.svg
/usr/share/icons/Humanity/apps/24/gnome-panel-window-menu.svg
/usr/share/icons/Humanity/apps/24/gnome-power-manager.svg
/usr/share/icons/Humanity/apps/24/gnome-session-hibernate.svg
/usr/share/icons/Humanity/apps/24/gnome-session-switch.svg
/usr/share/icons/Humanity/apps/24/gnome-settings-default-applications.svg
/usr/share/icons/Humanity/apps/24/gnome-sound-recorder.svg
/usr/share/icons/Humanity/apps/24/gsd-xrandr.svg
/usr/share/icons/Humanity/apps/24/gstreamer-properties.svg
/usr/share/icons/Humanity/apps/24/gtg-panel.svg
/usr/share/icons/Humanity/apps/24/hwbrowser.svg
/usr/share/icons/Humanity/apps/24/ibus.svg
/usr/share/icons/Humanity/apps/24/internet-feed-reader.svg
/usr/share/icons/Humanity/apps/24/invest-applet.svg
/usr/share/icons/Humanity/apps/24/jockey.svg
/usr/share/icons/Humanity/apps/24/logviewer.svg
/usr/share/icons/Humanity/apps/24/menu-editor.svg
/usr/share/icons/Humanity/apps/24/nm-stage01-connecting01.svg
/usr/share/icons/Humanity/apps/24/nm-stage01-connecting02.svg
/usr/share/icons/Humanity/apps/24/nm-stage01-connecting03.svg
/usr/share/icons/Humanity/apps/24/nm-stage01-connecting04.svg
/usr/share/icons/Humanity/apps/24/nm-stage01-connecting05.svg
/usr/share/icons/Humanity/apps/24/nm-stage01-connecting06.svg
/usr/share/icons/Humanity/apps/24/nm-stage01-connecting07.svg
/usr/share/icons/Humanity/apps/24/nm-stage01-connecting08.svg
/usr/share/icons/Humanity/apps/24/nm-stage01-connecting09.svg
/usr/share/icons/Humanity/apps/24/nm-stage01-connecting10.svg
/usr/share/icons/Humanity/apps/24/nm-stage01-connecting11.svg
/usr/share/icons/Humanity/apps/24/nm-stage02-connecting01.svg
/usr/share/icons/Humanity/apps/24/nm-stage02-connecting02.svg
/usr/share/icons/Humanity/apps/24/nm-stage02-connecting03.svg
/usr/share/icons/Humanity/apps/24/nm-stage02-connecting04.svg
/usr/share/icons/Humanity/apps/24/nm-stage02-connecting05.svg
/usr/share/icons/Humanity/apps/24/nm-stage02-connecting06.svg
/usr/share/icons/Humanity/apps/24/nm-stage02-connecting11.svg
/usr/share/icons/Humanity/apps/24/nm-stage03-connecting01.svg
/usr/share/icons/Humanity/apps/24/nm-stage03-connecting02.svg
/usr/share/icons/Humanity/apps/24/nm-stage03-connecting03.svg
/usr/share/icons/Humanity/apps/24/nm-stage03-connecting04.svg
/usr/share/icons/Humanity/apps/24/nm-stage03-connecting05.svg
/usr/share/icons/Humanity/apps/24/nm-stage03-connecting06.svg
/usr/share/icons/Humanity/apps/24/nm-stage03-connecting07.svg
/usr/share/icons/Humanity/apps/24/nm-stage03-connecting08.svg
/usr/share/icons/Humanity/apps/24/nm-stage03-connecting09.svg
/usr/share/icons/Humanity/apps/24/nm-stage03-connecting10.svg
/usr/share/icons/Humanity/apps/24/nm-stage03-connecting11.svg
/usr/share/icons/Humanity/apps/24/nm-vpn-connecting01.svg
/usr/share/icons/Humanity/apps/24/nm-vpn-connecting02.svg
/usr/share/icons/Humanity/apps/24/nm-vpn-connecting03.svg
/usr/share/icons/Humanity/apps/24/nm-vpn-connecting04.svg
/usr/share/icons/Humanity/apps/24/nm-vpn-lock.svg
/usr/share/icons/Humanity/apps/24/ooo-base.svg
/usr/share/icons/Humanity/apps/24/ooo-calc.svg
/usr/share/icons/Humanity/apps/24/ooo-draw.svg
/usr/share/icons/Humanity/apps/24/ooo-impress.svg
/usr/share/icons/Humanity/apps/24/ooo-math.svg
/usr/share/icons/Humanity/apps/24/ooo-printeradmin.svg
/usr/share/icons/Humanity/apps/24/ooo-template.svg
/usr/share/icons/Humanity/apps/24/ooo-web.svg
/usr/share/icons/Humanity/apps/24/ooo-writer.svg
/usr/share/icons/Humanity/apps/24/org.gnome.Totem.svg
/usr/share/icons/Humanity/apps/24/preferences-desktop-accessibility.svg
/usr/share/icons/Humanity/apps/24/preferences-desktop-keyboard-shortcuts.svg
/usr/share/icons/Humanity/apps/24/preferences-desktop-locale.svg
/usr/share/icons/Humanity/apps/24/preferences-desktop-remote-desktop.svg
/usr/share/icons/Humanity/apps/24/preferences-desktop-screensaver.svg
/usr/share/icons/Humanity/apps/24/preferences-desktop-sound.svg
/usr/share/icons/Humanity/apps/24/preferences-desktop-theme.svg
/usr/share/icons/Humanity/apps/24/preferences-desktop-wallpaper.svg
/usr/share/icons/Humanity/apps/24/preferences-system-windows.svg
/usr/share/icons/Humanity/apps/24/rhythmbox-panel.svg
/usr/share/icons/Humanity/apps/24/scim-setup.svg
/usr/share/icons/Humanity/apps/24/session-properties.svg
/usr/share/icons/Humanity/apps/24/stock_keyring.png
/usr/share/icons/Humanity/apps/24/system-file-manager.svg
/usr/share/icons/Humanity/apps/24/system-software-install.svg
/usr/share/icons/Humanity/apps/24/system-software-update.svg
/usr/share/icons/Humanity/apps/24/system-upgrade.svg
/usr/share/icons/Humanity/apps/24/system-users.svg
/usr/share/icons/Humanity/apps/24/time-admin.svg
/usr/share/icons/Humanity/apps/24/tomboy-panel.svg
/usr/share/icons/Humanity/apps/24/tsclient.svg
/usr/share/icons/Humanity/apps/24/ubiquity.svg
/usr/share/icons/Humanity/apps/24/user-info.svg
/usr/share/icons/Humanity/apps/24/utilities-system-monitor.svg
/usr/share/icons/Humanity/apps/24/utilities-terminal.svg
/usr/share/icons/Humanity/apps/24/vinagre.svg
/usr/share/icons/Humanity/apps/24/web-browser.svg
/usr/share/icons/Humanity/apps/24/wmtweaks.svg
/usr/share/icons/Humanity/apps/24/xchat-panel.svg
/usr/share/icons/Humanity/apps/32
/usr/share/icons/Humanity/apps/32/accessories-dictionary.svg
/usr/share/icons/Humanity/apps/32/accessories-text-editor.svg
/usr/share/icons/Humanity/apps/32/addressbook.svg
/usr/share/icons/Humanity/apps/32/application-community.svg
/usr/share/icons/Humanity/apps/32/application-default-icon.svg
/usr/share/icons/Humanity/apps/32/clock.svg
/usr/share/icons/Humanity/apps/32/gksu-root-terminal.svg
/usr/share/icons/Humanity/apps/32/gnome-inhibit-applet.svg
/usr/share/icons/Humanity/apps/32/gnome-panel-force-quit.svg
/usr/share/icons/Humanity/apps/32/gnome-panel-notification-area.svg
/usr/share/icons/Humanity/apps/32/gnome-panel-window-list.svg
/usr/share/icons/Humanity/apps/32/gnome-panel-window-menu.svg
/usr/share/icons/Humanity/apps/32/gnome-panel-workspace-switcher.svg
/usr/share/icons/Humanity/apps/32/gnome-panel.svg
/usr/share/icons/Humanity/apps/32/gnome-session-hibernate.svg
/usr/share/icons/Humanity/apps/32/internet-feed-reader.svg
/usr/share/icons/Humanity/apps/32/invest-applet.svg
/usr/share/icons/Humanity/apps/32/ooo-base.svg
/usr/share/icons/Humanity/apps/32/preferences-desktop-accessibility.svg
/usr/share/icons/Humanity/apps/32/preferences-desktop-sound.svg
/usr/share/icons/Humanity/apps/32/preferences-desktop-theme.svg
/usr/share/icons/Humanity/apps/32/preferences-system-windows.svg
/usr/share/icons/Humanity/apps/32/system-file-manager.svg
/usr/share/icons/Humanity/apps/32/system-software-install.svg
/usr/share/icons/Humanity/apps/32/system-software-update.svg
/usr/share/icons/Humanity/apps/32/system-upgrade.svg
/usr/share/icons/Humanity/apps/32/system-users.svg
/usr/share/icons/Humanity/apps/32/ubiquity.svg
/usr/share/icons/Humanity/apps/32/user-info.svg
/usr/share/icons/Humanity/apps/32/utilities-system-monitor.svg
/usr/share/icons/Humanity/apps/32/utilities-terminal.svg
/usr/share/icons/Humanity/apps/32/vinagre.svg
/usr/share/icons/Humanity/apps/32/wmtweaks.svg
/usr/share/icons/Humanity/apps/32/xfce4-weather.png
/usr/share/icons/Humanity/apps/48
/usr/share/icons/Humanity/apps/48/accessories-calculator.svg
/usr/share/icons/Humanity/apps/48/accessories-dictionary.svg
/usr/share/icons/Humanity/apps/48/accessories-text-editor.svg
/usr/share/icons/Humanity/apps/48/addressbook.svg
/usr/share/icons/Humanity/apps/48/application-community.svg
/usr/share/icons/Humanity/apps/48/application-default-icon.svg
/usr/share/icons/Humanity/apps/48/audio-player.svg
/usr/share/icons/Humanity/apps/48/baobab.svg
/usr/share/icons/Humanity/apps/48/bluetooth.svg
/usr/share/icons/Humanity/apps/48/checkbox.svg
/usr/share/icons/Humanity/apps/48/clock.svg
/usr/share/icons/Humanity/apps/48/evolution-calendar.svg
/usr/share/icons/Humanity/apps/48/evolution.svg
/usr/share/icons/Humanity/apps/48/gconf-editor.svg
/usr/share/icons/Humanity/apps/48/gdm-setup.svg
/usr/share/icons/Humanity/apps/48/gksu-root-terminal.svg
/usr/share/icons/Humanity/apps/48/gnome-display-properties.svg
/usr/share/icons/Humanity/apps/48/gnome-fs-bookmark-missing.svg
/usr/share/icons/Humanity/apps/48/gnome-inhibit-applet.svg
/usr/share/icons/Humanity/apps/48/gnome-nettool.svg
/usr/share/icons/Humanity/apps/48/gnome-network-properties.svg
/usr/share/icons/Humanity/apps/48/gnome-panel-force-quit.svg
/usr/share/icons/Humanity/apps/48/gnome-panel-notification-area.svg
/usr/share/icons/Humanity/apps/48/gnome-panel-window-list.svg
/usr/share/icons/Humanity/apps/48/gnome-panel-window-menu.svg
/usr/share/icons/Humanity/apps/48/gnome-panel-workspace-switcher.svg
/usr/share/icons/Humanity/apps/48/gnome-panel.svg
/usr/share/icons/Humanity/apps/48/gnome-power-manager.svg
/usr/share/icons/Humanity/apps/48/gnome-session-hibernate.svg
/usr/share/icons/Humanity/apps/48/gnome-session-switch.svg
/usr/share/icons/Humanity/apps/48/gnome-settings-default-applications.svg
/usr/share/icons/Humanity/apps/48/gnome-sound-recorder.svg
/usr/share/icons/Humanity/apps/48/gstreamer-properties.svg
/usr/share/icons/Humanity/apps/48/hwbrowser.svg
/usr/share/icons/Humanity/apps/48/ibus.svg
/usr/share/icons/Humanity/apps/48/internet-feed-reader.svg
/usr/share/icons/Humanity/apps/48/invest-applet.svg
/usr/share/icons/Humanity/apps/48/jockey.svg
/usr/share/icons/Humanity/apps/48/logviewer.svg
/usr/share/icons/Humanity/apps/48/menu-editor.svg
/usr/share/icons/Humanity/apps/48/ooo-base.svg
/usr/share/icons/Humanity/apps/48/ooo-calc.svg
/usr/share/icons/Humanity/apps/48/ooo-draw.svg
/usr/share/icons/Humanity/apps/48/ooo-impress.svg
/usr/share/icons/Humanity/apps/48/ooo-math.svg
/usr/share/icons/Humanity/apps/48/ooo-printeradmin.svg
/usr/share/icons/Humanity/apps/48/ooo-template.svg
/usr/share/icons/Humanity/apps/48/ooo-web.svg
/usr/share/icons/Humanity/apps/48/ooo-writer.svg
/usr/share/icons/Humanity/apps/48/org.gnome.Totem.svg
/usr/share/icons/Humanity/apps/48/preferences-desktop-accessibility.svg
/usr/share/icons/Humanity/apps/48/preferences-desktop-keyboard-shortcuts.svg
/usr/share/icons/Humanity/apps/48/preferences-desktop-locale.svg
/usr/share/icons/Humanity/apps/48/preferences-desktop-remote-desktop.svg
/usr/share/icons/Humanity/apps/48/preferences-desktop-screensaver.svg
/usr/share/icons/Humanity/apps/48/preferences-desktop-sound.svg
/usr/share/icons/Humanity/apps/48/preferences-desktop-theme.svg
/usr/share/icons/Humanity/apps/48/preferences-desktop-wallpaper.svg
/usr/share/icons/Humanity/apps/48/preferences-system-windows.svg
/usr/share/icons/Humanity/apps/48/scim-setup.svg
/usr/share/icons/Humanity/apps/48/session-properties.svg
/usr/share/icons/Humanity/apps/48/stock_keyring.svg
/usr/share/icons/Humanity/apps/48/system-file-manager.svg
/usr/share/icons/Humanity/apps/48/system-software-install.svg
/usr/share/icons/Humanity/apps/48/system-software-update.svg
/usr/share/icons/Humanity/apps/48/system-upgrade.svg
/usr/share/icons/Humanity/apps/48/system-users.svg
/usr/share/icons/Humanity/apps/48/time-admin.svg
/usr/share/icons/Humanity/apps/48/tsclient.svg
/usr/share/icons/Humanity/apps/48/ubiquity.svg
/usr/share/icons/Humanity/apps/48/user-info.svg
/usr/share/icons/Humanity/apps/48/utilities-system-monitor.svg
/usr/share/icons/Humanity/apps/48/utilities-terminal.svg
/usr/share/icons/Humanity/apps/48/vinagre.svg
/usr/share/icons/Humanity/apps/48/web-browser.svg
/usr/share/icons/Humanity/apps/48/wmtweaks.svg
/usr/share/icons/Humanity/apps/64
/usr/share/icons/Humanity/apps/64/accessories-dictionary.svg
/usr/share/icons/Humanity/apps/64/addressbook.svg
/usr/share/icons/Humanity/apps/64/application-default-icon.svg
/usr/share/icons/Humanity/apps/64/gconf-editor.svg
/usr/share/icons/Humanity/apps/64/gksu-root-terminal.svg
/usr/share/icons/Humanity/apps/64/gnome-network-properties.svg
/usr/share/icons/Humanity/apps/64/internet-feed-reader.svg
/usr/share/icons/Humanity/apps/64/preferences-desktop-accessibility.svg
/usr/share/icons/Humanity/apps/64/system-software-install.svg
/usr/share/icons/Humanity/apps/64/ubiquity.svg
/usr/share/icons/Humanity/apps/64/user-info.svg
/usr/share/icons/Humanity/apps/64/utilities-terminal.svg
/usr/share/icons/Humanity/categories
/usr/share/icons/Humanity/categories/128
/usr/share/icons/Humanity/categories/128/application-community.svg
/usr/share/icons/Humanity/categories/128/applications-development.svg
/usr/share/icons/Humanity/categories/16
/usr/share/icons/Humanity/categories/16/application-community.svg
/usr/share/icons/Humanity/categories/16/applications-accessories.svg
/usr/share/icons/Humanity/categories/16/applications-development.svg
/usr/share/icons/Humanity/categories/16/applications-games.svg
/usr/share/icons/Humanity/categories/16/applications-graphics.svg
/usr/share/icons/Humanity/categories/16/applications-internet.svg
/usr/share/icons/Humanity/categories/16/applications-office.svg
/usr/share/icons/Humanity/categories/16/preferences-desktop.svg
/usr/share/icons/Humanity/categories/22
/usr/share/icons/Humanity/categories/22/application-community.svg
/usr/share/icons/Humanity/categories/22/applications-accessories.svg
/usr/share/icons/Humanity/categories/22/applications-development.svg
/usr/share/icons/Humanity/categories/22/applications-electronics.svg
/usr/share/icons/Humanity/categories/22/applications-games.svg
/usr/share/icons/Humanity/categories/22/applications-graphics.svg
/usr/share/icons/Humanity/categories/22/applications-internet.svg
/usr/share/icons/Humanity/categories/22/applications-office.svg
/usr/share/icons/Humanity/categories/24
/usr/share/icons/Humanity/categories/24/application-community.svg
/usr/share/icons/Humanity/categories/24/applications-accessories.svg
/usr/share/icons/Humanity/categories/24/applications-development.svg
/usr/share/icons/Humanity/categories/24/applications-electronics.svg
/usr/share/icons/Humanity/categories/24/applications-engineering.svg
/usr/share/icons/Humanity/categories/24/applications-games.svg
/usr/share/icons/Humanity/categories/24/applications-graphics.svg
/usr/share/icons/Humanity/categories/24/applications-internet.svg
/usr/share/icons/Humanity/categories/24/applications-multimedia.svg
/usr/share/icons/Humanity/categories/24/applications-office.svg
/usr/share/icons/Humanity/categories/24/applications-other.svg
/usr/share/icons/Humanity/categories/24/applications-science.svg
/usr/share/icons/Humanity/categories/24/applications-utilities.svg
/usr/share/icons/Humanity/categories/24/preferences-desktop-personal.svg
/usr/share/icons/Humanity/categories/24/preferences-desktop.svg
/usr/share/icons/Humanity/categories/24/preferences-other.svg
/usr/share/icons/Humanity/categories/24/preferences-system-network.svg
/usr/share/icons/Humanity/categories/24/preferences-system.svg
/usr/share/icons/Humanity/categories/32
/usr/share/icons/Humanity/categories/32/application-community.svg
/usr/share/icons/Humanity/categories/32/applications-accessories.svg
/usr/share/icons/Humanity/categories/32/applications-development.svg
/usr/share/icons/Humanity/categories/32/applications-fonts.svg
/usr/share/icons/Humanity/categories/32/applications-games.svg
/usr/share/icons/Humanity/categories/32/applications-graphics.svg
/usr/share/icons/Humanity/categories/32/applications-internet.svg
/usr/share/icons/Humanity/categories/32/applications-multimedia.svg
/usr/share/icons/Humanity/categories/32/applications-office.svg
/usr/share/icons/Humanity/categories/32/applications-other.svg
/usr/share/icons/Humanity/categories/32/applications-utilities.svg
/usr/share/icons/Humanity/categories/32/preferences-desktop.svg
/usr/share/icons/Humanity/categories/32/preferences-system.svg
/usr/share/icons/Humanity/categories/48
/usr/share/icons/Humanity/categories/48/application-community.svg
/usr/share/icons/Humanity/categories/48/applications-3D.svg
/usr/share/icons/Humanity/categories/48/applications-accessories.svg
/usr/share/icons/Humanity/categories/48/applications-arcade.svg
/usr/share/icons/Humanity/categories/48/applications-astronomy.svg
/usr/share/icons/Humanity/categories/48/applications-biology.svg
/usr/share/icons/Humanity/categories/48/applications-boardgames.svg
/usr/share/icons/Humanity/categories/48/applications-cardgames.svg
/usr/share/icons/Humanity/categories/48/applications-chat.svg
/usr/share/icons/Humanity/categories/48/applications-debugging.svg
/usr/share/icons/Humanity/categories/48/applications-development.svg
/usr/share/icons/Humanity/categories/48/applications-drawing.svg
/usr/share/icons/Humanity/categories/48/applications-electronics.svg
/usr/share/icons/Humanity/categories/48/applications-engineering.svg
/usr/share/icons/Humanity/categories/48/applications-filesharing.svg
/usr/share/icons/Humanity/categories/48/applications-fonts.svg
/usr/share/icons/Humanity/categories/48/applications-games.svg
/usr/share/icons/Humanity/categories/48/applications-geography.svg
/usr/share/icons/Humanity/categories/48/applications-geology.svg
/usr/share/icons/Humanity/categories/48/applications-graphics.svg
/usr/share/icons/Humanity/categories/48/applications-haskell.svg
/usr/share/icons/Humanity/categories/48/applications-ide.svg
/usr/share/icons/Humanity/categories/48/applications-interfacedesign.svg
/usr/share/icons/Humanity/categories/48/applications-internet.svg
/usr/share/icons/Humanity/categories/48/applications-java.svg
/usr/share/icons/Humanity/categories/48/applications-libraries.svg
/usr/share/icons/Humanity/categories/48/applications-lisp.svg
/usr/share/icons/Humanity/categories/48/applications-mail.svg
/usr/share/icons/Humanity/categories/48/applications-mathematics.svg
/usr/share/icons/Humanity/categories/48/applications-monodevelopment.svg
/usr/share/icons/Humanity/categories/48/applications-multimedia.svg
/usr/share/icons/Humanity/categories/48/applications-ocaml.svg
/usr/share/icons/Humanity/categories/48/applications-office.svg
/usr/share/icons/Humanity/categories/48/applications-other.svg
/usr/share/icons/Humanity/categories/48/applications-painting.svg
/usr/share/icons/Humanity/categories/48/applications-perl.svg
/usr/share/icons/Humanity/categories/48/applications-photography.svg
/usr/share/icons/Humanity/categories/48/applications-physics.svg
/usr/share/icons/Humanity/categories/48/applications-profiling.svg
/usr/share/icons/Humanity/categories/48/applications-publishing.svg
/usr/share/icons/Humanity/categories/48/applications-puzzles.svg
/usr/share/icons/Humanity/categories/48/applications-python.svg
/usr/share/icons/Humanity/categories/48/applications-roleplaying.svg
/usr/share/icons/Humanity/categories/48/applications-ruby.svg
/usr/share/icons/Humanity/categories/48/applications-science.svg
/usr/share/icons/Humanity/categories/48/applications-simulation.svg
/usr/share/icons/Humanity/categories/48/applications-sports.svg
/usr/share/icons/Humanity/categories/48/applications-utilities.svg
/usr/share/icons/Humanity/categories/48/applications-versioncontrol.svg
/usr/share/icons/Humanity/categories/48/applications-viewers.svg
/usr/share/icons/Humanity/categories/48/preferences-desktop-personal.svg
/usr/share/icons/Humanity/categories/48/preferences-desktop.svg
/usr/share/icons/Humanity/categories/48/preferences-other.svg
/usr/share/icons/Humanity/categories/48/preferences-system-network.svg
/usr/share/icons/Humanity/categories/48/preferences-system.svg
/usr/share/icons/Humanity/categories/64
/usr/share/icons/Humanity/categories/64/application-community.svg
/usr/share/icons/Humanity/categories/64/applications-accessories.svg
/usr/share/icons/Humanity/categories/64/applications-development.svg
/usr/share/icons/Humanity/categories/64/applications-fonts.svg
/usr/share/icons/Humanity/categories/64/applications-graphics.svg
/usr/share/icons/Humanity/categories/64/applications-internet.svg
/usr/share/icons/Humanity/categories/64/applications-multimedia.svg
/usr/share/icons/Humanity/categories/64/applications-office.svg
/usr/share/icons/Humanity/categories/64/applications-other.svg
/usr/share/icons/Humanity/categories/64/applications-utilities.svg
/usr/share/icons/Humanity/categories/64/preferences-other.svg
/usr/share/icons/Humanity/categories/64/preferences-system-network.svg
/usr/share/icons/Humanity/categories/64/preferences-system.svg
/usr/share/icons/Humanity/devices
/usr/share/icons/Humanity/devices/128
/usr/share/icons/Humanity/devices/128/drive-harddisk.svg
/usr/share/icons/Humanity/devices/128/media-optical.svg
/usr/share/icons/Humanity/devices/128/multimedia-player-ipod-touch.svg
/usr/share/icons/Humanity/devices/128/phone-motorola-droid.svg
/usr/share/icons/Humanity/devices/16
/usr/share/icons/Humanity/devices/16/audio-input-microphone.svg
/usr/share/icons/Humanity/devices/16/camera-web.svg
/usr/share/icons/Humanity/devices/16/computer.svg
/usr/share/icons/Humanity/devices/16/drive-harddisk.svg
/usr/share/icons/Humanity/devices/16/drive-removable-media-usb.svg
/usr/share/icons/Humanity/devices/16/drive-removable-media.svg
/usr/share/icons/Humanity/devices/16/gnome-dev-harddisk-1394.svg
/usr/share/icons/Humanity/devices/16/gnome-dev-harddisk-usb.svg
/usr/share/icons/Humanity/devices/16/input-keyboard.svg
/usr/share/icons/Humanity/devices/16/media-optical.svg
/usr/share/icons/Humanity/devices/16/multimedia-player-ipod-touch.svg
/usr/share/icons/Humanity/devices/16/nm-device-wired.svg
/usr/share/icons/Humanity/devices/16/phone-motorola-droid.svg
/usr/share/icons/Humanity/devices/16/phone.svg
/usr/share/icons/Humanity/devices/22
/usr/share/icons/Humanity/devices/22/audio-input-microphone.svg
/usr/share/icons/Humanity/devices/22/camera-photo.svg
/usr/share/icons/Humanity/devices/22/camera-web.svg
/usr/share/icons/Humanity/devices/22/computer.svg
/usr/share/icons/Humanity/devices/22/drive-harddisk.svg
/usr/share/icons/Humanity/devices/22/drive-removable-media-usb.svg
/usr/share/icons/Humanity/devices/22/media-optical.svg
/usr/share/icons/Humanity/devices/22/multimedia-player-ipod-touch.svg
/usr/share/icons/Humanity/devices/22/pda.svg
/usr/share/icons/Humanity/devices/22/phone-motorola-droid.svg
/usr/share/icons/Humanity/devices/22/phone.svg
/usr/share/icons/Humanity/devices/24
/usr/share/icons/Humanity/devices/24/audio-input-microphone.svg
/usr/share/icons/Humanity/devices/24/battery.svg
/usr/share/icons/Humanity/devices/24/camera-photo.svg
/usr/share/icons/Humanity/devices/24/camera-web.svg
/usr/share/icons/Humanity/devices/24/computer.svg
/usr/share/icons/Humanity/devices/24/drive-harddisk.svg
/usr/share/icons/Humanity/devices/24/drive-removable-media-usb.svg
/usr/share/icons/Humanity/devices/24/drive-removable-media.svg
/usr/share/icons/Humanity/devices/24/gnome-dev-harddisk-1394.svg
/usr/share/icons/Humanity/devices/24/gnome-dev-harddisk-usb.svg
/usr/share/icons/Humanity/devices/24/input-keyboard.svg
/usr/share/icons/Humanity/devices/24/input-mouse.svg
/usr/share/icons/Humanity/devices/24/media-cdrom-audio.svg
/usr/share/icons/Humanity/devices/24/media-floppy.svg
/usr/share/icons/Humanity/devices/24/media-optical.svg
/usr/share/icons/Humanity/devices/24/multimedia-player-ipod-touch.svg
/usr/share/icons/Humanity/devices/24/multimedia-player-ipod.svg
/usr/share/icons/Humanity/devices/24/multimedia-player.svg
/usr/share/icons/Humanity/devices/24/pda.svg
/usr/share/icons/Humanity/devices/24/phone-motorola-droid.svg
/usr/share/icons/Humanity/devices/24/phone.svg
/usr/share/icons/Humanity/devices/24/printer.svg
/usr/share/icons/Humanity/devices/24/video-display.svg
/usr/share/icons/Humanity/devices/32
/usr/share/icons/Humanity/devices/32/drive-harddisk.svg
/usr/share/icons/Humanity/devices/32/input-keyboard.svg
/usr/share/icons/Humanity/devices/32/media-floppy.svg
/usr/share/icons/Humanity/devices/32/media-optical.svg
/usr/share/icons/Humanity/devices/32/multimedia-player-ipod-touch.svg
/usr/share/icons/Humanity/devices/32/phone-motorola-droid.svg
/usr/share/icons/Humanity/devices/48
/usr/share/icons/Humanity/devices/48/audio-card.svg
/usr/share/icons/Humanity/devices/48/audio-input-microphone.svg
/usr/share/icons/Humanity/devices/48/battery.svg
/usr/share/icons/Humanity/devices/48/camera-photo.svg
/usr/share/icons/Humanity/devices/48/camera-web.svg
/usr/share/icons/Humanity/devices/48/computer.svg
/usr/share/icons/Humanity/devices/48/drive-harddisk-system.svg
/usr/share/icons/Humanity/devices/48/drive-harddisk.svg
/usr/share/icons/Humanity/devices/48/drive-optical.svg
/usr/share/icons/Humanity/devices/48/drive-removable-media-usb.svg
/usr/share/icons/Humanity/devices/48/drive-removable-media.svg
/usr/share/icons/Humanity/devices/48/gnome-dev-disc-dvdr-plus.svg
/usr/share/icons/Humanity/devices/48/gnome-dev-disc-dvdr.svg
/usr/share/icons/Humanity/devices/48/gnome-dev-harddisk-1394.svg
/usr/share/icons/Humanity/devices/48/gnome-dev-harddisk-usb.svg
/usr/share/icons/Humanity/devices/48/gnome-dev-jazdisk.svg
/usr/share/icons/Humanity/devices/48/gnome-dev-media-cf.svg
/usr/share/icons/Humanity/devices/48/gnome-dev-media-ms.svg
/usr/share/icons/Humanity/devices/48/gnome-dev-media-sdmmc.svg
/usr/share/icons/Humanity/devices/48/gnome-dev-media-sm.svg
/usr/share/icons/Humanity/devices/48/gnome-dev-memory.svg
/usr/share/icons/Humanity/devices/48/gnome-dev-pcmcia.svg
/usr/share/icons/Humanity/devices/48/gnome-dev-printer-network.svg
/usr/share/icons/Humanity/devices/48/gnome-dev-printer-new.svg
/usr/share/icons/Humanity/devices/48/gnome-dev-zipdisk.svg
/usr/share/icons/Humanity/devices/48/input-keyboard.svg
/usr/share/icons/Humanity/devices/48/input-mouse.svg
/usr/share/icons/Humanity/devices/48/media-cdr.svg
/usr/share/icons/Humanity/devices/48/media-cdrom-audio.svg
/usr/share/icons/Humanity/devices/48/media-cdrw.svg
/usr/share/icons/Humanity/devices/48/media-dvd.svg
/usr/share/icons/Humanity/devices/48/media-floppy.svg
/usr/share/icons/Humanity/devices/48/media-optical.svg
/usr/share/icons/Humanity/devices/48/multimedia-player-ipod-touch.svg
/usr/share/icons/Humanity/devices/48/multimedia-player-ipod.svg
/usr/share/icons/Humanity/devices/48/multimedia-player.svg
/usr/share/icons/Humanity/devices/48/pda.svg
/usr/share/icons/Humanity/devices/48/phone-motorola-droid.svg
/usr/share/icons/Humanity/devices/48/phone.svg
/usr/share/icons/Humanity/devices/48/printer.svg
/usr/share/icons/Humanity/devices/48/video-display.svg
/usr/share/icons/Humanity/devices/64
/usr/share/icons/Humanity/devices/64/computer.svg
/usr/share/icons/Humanity/devices/64/drive-harddisk.svg
/usr/share/icons/Humanity/devices/64/media-optical.svg
/usr/share/icons/Humanity/devices/64/multimedia-player-ipod-touch.svg
/usr/share/icons/Humanity/devices/64/phone-motorola-droid.svg
/usr/share/icons/Humanity/emblems
/usr/share/icons/Humanity/emblems/16
/usr/share/icons/Humanity/emblems/16/emblem-OK.icon
/usr/share/icons/Humanity/emblems/16/emblem-OK.png
/usr/share/icons/Humanity/emblems/16/emblem-art.icon
/usr/share/icons/Humanity/emblems/16/emblem-cool.icon
/usr/share/icons/Humanity/emblems/16/emblem-cool.png
/usr/share/icons/Humanity/emblems/16/emblem-danger.icon
/usr/share/icons/Humanity/emblems/16/emblem-desktop.icon
/usr/share/icons/Humanity/emblems/16/emblem-development.icon
/usr/share/icons/Humanity/emblems/16/emblem-documents.icon
/usr/share/icons/Humanity/emblems/16/emblem-favorite.icon
/usr/share/icons/Humanity/emblems/16/emblem-important.icon
/usr/share/icons/Humanity/emblems/16/emblem-important.svg
/usr/share/icons/Humanity/emblems/16/emblem-new.icon
/usr/share/icons/Humanity/emblems/16/emblem-ohno.icon
/usr/share/icons/Humanity/emblems/16/emblem-ohno.png
/usr/share/icons/Humanity/emblems/16/emblem-package.icon
/usr/share/icons/Humanity/emblems/16/emblem-people.icon
/usr/share/icons/Humanity/emblems/16/emblem-personal.icon
/usr/share/icons/Humanity/emblems/16/emblem-pictures.icon
/usr/share/icons/Humanity/emblems/16/emblem-sound.icon
/usr/share/icons/Humanity/emblems/16/emblem-system.icon
/usr/share/icons/Humanity/emblems/16/emblem-urgent.icon
/usr/share/icons/Humanity/emblems/16/emblem-videos.icon
/usr/share/icons/Humanity/emblems/22
/usr/share/icons/Humanity/emblems/22/emblem-OK.icon
/usr/share/icons/Humanity/emblems/22/emblem-OK.png
/usr/share/icons/Humanity/emblems/22/emblem-art.icon
/usr/share/icons/Humanity/emblems/22/emblem-camera.icon
/usr/share/icons/Humanity/emblems/22/emblem-cool.icon
/usr/share/icons/Humanity/emblems/22/emblem-cool.png
/usr/share/icons/Humanity/emblems/22/emblem-danger.icon
/usr/share/icons/Humanity/emblems/22/emblem-desktop.icon
/usr/share/icons/Humanity/emblems/22/emblem-development.icon
/usr/share/icons/Humanity/emblems/22/emblem-documents.icon
/usr/share/icons/Humanity/emblems/22/emblem-important.icon
/usr/share/icons/Humanity/emblems/22/emblem-important.svg
/usr/share/icons/Humanity/emblems/22/emblem-new.icon
/usr/share/icons/Humanity/emblems/22/emblem-ohno.icon
/usr/share/icons/Humanity/emblems/22/emblem-ohno.png
/usr/share/icons/Humanity/emblems/22/emblem-people.icon
/usr/share/icons/Humanity/emblems/22/emblem-personal.icon
/usr/share/icons/Humanity/emblems/22/emblem-pictures.icon
/usr/share/icons/Humanity/emblems/22/emblem-symbolic-link.icon
/usr/share/icons/Humanity/emblems/22/emblem-symbolic-link.svg
/usr/share/icons/Humanity/emblems/22/emblem-system.icon
/usr/share/icons/Humanity/emblems/22/emblem-videos.icon
/usr/share/icons/Humanity/emblems/24
/usr/share/icons/Humanity/emblems/24/emblem-OK.icon
/usr/share/icons/Humanity/emblems/24/emblem-OK.png
/usr/share/icons/Humanity/emblems/24/emblem-art.icon
/usr/share/icons/Humanity/emblems/24/emblem-camera.icon
/usr/share/icons/Humanity/emblems/24/emblem-cool.icon
/usr/share/icons/Humanity/emblems/24/emblem-cool.png
/usr/share/icons/Humanity/emblems/24/emblem-danger.icon
/usr/share/icons/Humanity/emblems/24/emblem-desktop.icon
/usr/share/icons/Humanity/emblems/24/emblem-development.icon
/usr/share/icons/Humanity/emblems/24/emblem-documents.icon
/usr/share/icons/Humanity/emblems/24/emblem-favorite.icon
/usr/share/icons/Humanity/emblems/24/emblem-important.icon
/usr/share/icons/Humanity/emblems/24/emblem-important.svg
/usr/share/icons/Humanity/emblems/24/emblem-multimedia.icon
/usr/share/icons/Humanity/emblems/24/emblem-new.icon
/usr/share/icons/Humanity/emblems/24/emblem-ohno.icon
/usr/share/icons/Humanity/emblems/24/emblem-ohno.png
/usr/share/icons/Humanity/emblems/24/emblem-package.icon
/usr/share/icons/Humanity/emblems/24/emblem-people.icon
/usr/share/icons/Humanity/emblems/24/emblem-personal.icon
/usr/share/icons/Humanity/emblems/24/emblem-pictures.icon
/usr/share/icons/Humanity/emblems/24/emblem-shared.icon
/usr/share/icons/Humanity/emblems/24/emblem-symbolic-link.icon
/usr/share/icons/Humanity/emblems/24/emblem-symbolic-link.svg
/usr/share/icons/Humanity/emblems/24/emblem-system.icon
/usr/share/icons/Humanity/emblems/24/emblem-ubuntuone-synchronized.svg
/usr/share/icons/Humanity/emblems/24/emblem-ubuntuone-unsynchronized.svg
/usr/share/icons/Humanity/emblems/24/emblem-ubuntuone-updating.svg
/usr/share/icons/Humanity/emblems/24/emblem-urgent.icon
/usr/share/icons/Humanity/emblems/24/emblem-videos.icon
/usr/share/icons/Humanity/emblems/32
/usr/share/icons/Humanity/emblems/32/emblem-OK.icon
/usr/share/icons/Humanity/emblems/32/emblem-OK.png
/usr/share/icons/Humanity/emblems/32/emblem-art.icon
/usr/share/icons/Humanity/emblems/32/emblem-cool.icon
/usr/share/icons/Humanity/emblems/32/emblem-cool.png
/usr/share/icons/Humanity/emblems/32/emblem-danger.icon
/usr/share/icons/Humanity/emblems/32/emblem-desktop.icon
/usr/share/icons/Humanity/emblems/32/emblem-development.icon
/usr/share/icons/Humanity/emblems/32/emblem-documents.icon
/usr/share/icons/Humanity/emblems/32/emblem-draft.icon
/usr/share/icons/Humanity/emblems/32/emblem-draft.svg
/usr/share/icons/Humanity/emblems/32/emblem-important.icon
/usr/share/icons/Humanity/emblems/32/emblem-important.svg
/usr/share/icons/Humanity/emblems/32/emblem-marketing.icon
/usr/share/icons/Humanity/emblems/32/emblem-marketing.svg
/usr/share/icons/Humanity/emblems/32/emblem-money.icon
/usr/share/icons/Humanity/emblems/32/emblem-money.svg
/usr/share/icons/Humanity/emblems/32/emblem-new.icon
/usr/share/icons/Humanity/emblems/32/emblem-ohno.icon
/usr/share/icons/Humanity/emblems/32/emblem-ohno.png
/usr/share/icons/Humanity/emblems/32/emblem-package.icon
/usr/share/icons/Humanity/emblems/32/emblem-people.icon
/usr/share/icons/Humanity/emblems/32/emblem-personal.icon
/usr/share/icons/Humanity/emblems/32/emblem-photos.icon
/usr/share/icons/Humanity/emblems/32/emblem-photos.svg
/usr/share/icons/Humanity/emblems/32/emblem-pictures.icon
/usr/share/icons/Humanity/emblems/32/emblem-plan.icon
/usr/share/icons/Humanity/emblems/32/emblem-presentation.icon
/usr/share/icons/Humanity/emblems/32/emblem-presentation.svg
/usr/share/icons/Humanity/emblems/32/emblem-sales.icon
/usr/share/icons/Humanity/emblems/32/emblem-sales.svg
/usr/share/icons/Humanity/emblems/32/emblem-sound.icon
/usr/share/icons/Humanity/emblems/32/emblem-sound.svg
/usr/share/icons/Humanity/emblems/32/emblem-system.icon
/usr/share/icons/Humanity/emblems/32/emblem-videos.icon
/usr/share/icons/Humanity/emblems/48
/usr/share/icons/Humanity/emblems/48/emblem-OK.icon
/usr/share/icons/Humanity/emblems/48/emblem-OK.svg
/usr/share/icons/Humanity/emblems/48/emblem-art.icon
/usr/share/icons/Humanity/emblems/48/emblem-camera.icon
/usr/share/icons/Humanity/emblems/48/emblem-cool.icon
/usr/share/icons/Humanity/emblems/48/emblem-cool.svg
/usr/share/icons/Humanity/emblems/48/emblem-danger.icon
/usr/share/icons/Humanity/emblems/48/emblem-desktop.icon
/usr/share/icons/Humanity/emblems/48/emblem-development.icon
/usr/share/icons/Humanity/emblems/48/emblem-documents.icon
/usr/share/icons/Humanity/emblems/48/emblem-draft.icon
/usr/share/icons/Humanity/emblems/48/emblem-draft.svg
/usr/share/icons/Humanity/emblems/48/emblem-favorite.icon
/usr/share/icons/Humanity/emblems/48/emblem-important.icon
/usr/share/icons/Humanity/emblems/48/emblem-important.svg
/usr/share/icons/Humanity/emblems/48/emblem-marketing.icon
/usr/share/icons/Humanity/emblems/48/emblem-marketing.svg
/usr/share/icons/Humanity/emblems/48/emblem-money.icon
/usr/share/icons/Humanity/emblems/48/emblem-money.svg
/usr/share/icons/Humanity/emblems/48/emblem-multimedia.icon
/usr/share/icons/Humanity/emblems/48/emblem-new.icon
/usr/share/icons/Humanity/emblems/48/emblem-ohno.icon
/usr/share/icons/Humanity/emblems/48/emblem-ohno.svg
/usr/share/icons/Humanity/emblems/48/emblem-package.icon
/usr/share/icons/Humanity/emblems/48/emblem-people.icon
/usr/share/icons/Humanity/emblems/48/emblem-personal.icon
/usr/share/icons/Humanity/emblems/48/emblem-photos.icon
/usr/share/icons/Humanity/emblems/48/emblem-photos.svg
/usr/share/icons/Humanity/emblems/48/emblem-pictures.icon
/usr/share/icons/Humanity/emblems/48/emblem-plan.icon
/usr/share/icons/Humanity/emblems/48/emblem-presentation.icon
/usr/share/icons/Humanity/emblems/48/emblem-presentation.svg
/usr/share/icons/Humanity/emblems/48/emblem-sales.icon
/usr/share/icons/Humanity/emblems/48/emblem-sales.svg
/usr/share/icons/Humanity/emblems/48/emblem-shared.icon
/usr/share/icons/Humanity/emblems/48/emblem-sound.icon
/usr/share/icons/Humanity/emblems/48/emblem-sound.svg
/usr/share/icons/Humanity/emblems/48/emblem-symbolic-link.icon
/usr/share/icons/Humanity/emblems/48/emblem-symbolic-link.svg
/usr/share/icons/Humanity/emblems/48/emblem-system.icon
/usr/share/icons/Humanity/emblems/48/emblem-urgent.icon
/usr/share/icons/Humanity/emblems/48/emblem-videos.icon
/usr/share/icons/Humanity/index.theme
/usr/share/icons/Humanity/mimes
/usr/share/icons/Humanity/mimes/128
/usr/share/icons/Humanity/mimes/128/application-vnd.ms-access.svg
/usr/share/icons/Humanity/mimes/128/libreoffice-oasis-database.svg
/usr/share/icons/Humanity/mimes/128/libreoffice-oasis-drawing.svg
/usr/share/icons/Humanity/mimes/128/libreoffice-oasis-presentation.svg
/usr/share/icons/Humanity/mimes/128/libreoffice-oasis-spreadsheet.svg
/usr/share/icons/Humanity/mimes/128/libreoffice-oasis-text.svg
/usr/share/icons/Humanity/mimes/128/package-x-generic.svg
/usr/share/icons/Humanity/mimes/128/text-html.svg
/usr/share/icons/Humanity/mimes/128/text-x-install.svg
/usr/share/icons/Humanity/mimes/128/text-x-java-source.svg
/usr/share/icons/Humanity/mimes/128/text-x-preview.icon
/usr/share/icons/Humanity/mimes/128/text-x-preview.svg
/usr/share/icons/Humanity/mimes/16
/usr/share/icons/Humanity/mimes/16/application-msword.svg
/usr/share/icons/Humanity/mimes/16/application-vnd.ms-access.svg
/usr/share/icons/Humanity/mimes/16/application-vnd.ms-excel.svg
/usr/share/icons/Humanity/mimes/16/application-vnd.ms-powerpoint.svg
/usr/share/icons/Humanity/mimes/16/application-x-bittorrent.svg
/usr/share/icons/Humanity/mimes/16/application-x-cd-image.svg
/usr/share/icons/Humanity/mimes/16/application-x-flash-video.svg
/usr/share/icons/Humanity/mimes/16/application-x-sln.svg
/usr/share/icons/Humanity/mimes/16/application-x-trash.svg
/usr/share/icons/Humanity/mimes/16/audio-x-generic.svg
/usr/share/icons/Humanity/mimes/16/font-x-generic.svg
/usr/share/icons/Humanity/mimes/16/gnome-mime-application-pdf.svg
/usr/share/icons/Humanity/mimes/16/image-x-generic.svg
/usr/share/icons/Humanity/mimes/16/libreoffice-oasis-database.svg
/usr/share/icons/Humanity/mimes/16/libreoffice-oasis-drawing-template.png
/usr/share/icons/Humanity/mimes/16/libreoffice-oasis-drawing.svg
/usr/share/icons/Humanity/mimes/16/libreoffice-oasis-formula.png
/usr/share/icons/Humanity/mimes/16/libreoffice-oasis-master-document.png
/usr/share/icons/Humanity/mimes/16/libreoffice-oasis-presentation-template.png
/usr/share/icons/Humanity/mimes/16/libreoffice-oasis-presentation.svg
/usr/share/icons/Humanity/mimes/16/libreoffice-oasis-spreadsheet-template.png
/usr/share/icons/Humanity/mimes/16/libreoffice-oasis-spreadsheet.svg
/usr/share/icons/Humanity/mimes/16/libreoffice-oasis-text-template.png
/usr/share/icons/Humanity/mimes/16/libreoffice-oasis-text.svg
/usr/share/icons/Humanity/mimes/16/libreoffice-oasis-web-template.png
/usr/share/icons/Humanity/mimes/16/package-x-generic.svg
/usr/share/icons/Humanity/mimes/16/text-html.svg
/usr/share/icons/Humanity/mimes/16/text-x-generic-template.svg
/usr/share/icons/Humanity/mimes/16/text-x-generic.svg
/usr/share/icons/Humanity/mimes/16/text-x-install.svg
/usr/share/icons/Humanity/mimes/16/text-x-preview.svg
/usr/share/icons/Humanity/mimes/16/text-x-script.svg
/usr/share/icons/Humanity/mimes/16/video-x-generic.svg
/usr/share/icons/Humanity/mimes/16/x-office-document.svg
/usr/share/icons/Humanity/mimes/16/x-office-drawing.svg
/usr/share/icons/Humanity/mimes/16/x-office-spreadsheet.svg
/usr/share/icons/Humanity/mimes/22
/usr/share/icons/Humanity/mimes/22/application-install.svg
/usr/share/icons/Humanity/mimes/22/application-msword.svg
/usr/share/icons/Humanity/mimes/22/application-rss+xml.svg
/usr/share/icons/Humanity/mimes/22/application-vnd.ms-access.svg
/usr/share/icons/Humanity/mimes/22/application-vnd.ms-excel.svg
/usr/share/icons/Humanity/mimes/22/application-vnd.ms-powerpoint.svg
/usr/share/icons/Humanity/mimes/22/application-vnd.oasis.opendocument.chart.svg
/usr/share/icons/Humanity/mimes/22/application-x-bittorrent.svg
/usr/share/icons/Humanity/mimes/22/application-x-cd-image.svg
/usr/share/icons/Humanity/mimes/22/application-x-flash-video.svg
/usr/share/icons/Humanity/mimes/22/application-x-sln.svg
/usr/share/icons/Humanity/mimes/22/application-x-theme.svg
/usr/share/icons/Humanity/mimes/22/application-x-trash.svg
/usr/share/icons/Humanity/mimes/22/audio-x-generic.svg
/usr/share/icons/Humanity/mimes/22/audio-x-mp3-playlist.svg
/usr/share/icons/Humanity/mimes/22/authors.svg
/usr/share/icons/Humanity/mimes/22/font-x-generic.svg
/usr/share/icons/Humanity/mimes/22/gnome-mime-application-pdf.svg
/usr/share/icons/Humanity/mimes/22/image-x-generic.svg
/usr/share/icons/Humanity/mimes/22/image-x-psd.svg
/usr/share/icons/Humanity/mimes/22/multipart-encrypted.svg
/usr/share/icons/Humanity/mimes/22/package-x-generic.svg
/usr/share/icons/Humanity/mimes/22/text-html.svg
/usr/share/icons/Humanity/mimes/22/text-x-generic-template.svg
/usr/share/icons/Humanity/mimes/22/text-x-generic.svg
/usr/share/icons/Humanity/mimes/22/text-x-install.svg
/usr/share/icons/Humanity/mimes/22/text-x-java-source.svg
/usr/share/icons/Humanity/mimes/22/text-x-preview.icon
/usr/share/icons/Humanity/mimes/22/text-x-preview.svg
/usr/share/icons/Humanity/mimes/22/text-x-readme.svg
/usr/share/icons/Humanity/mimes/22/text-x-script.svg
/usr/share/icons/Humanity/mimes/22/unknown.svg
/usr/share/icons/Humanity/mimes/22/video-x-generic.svg
/usr/share/icons/Humanity/mimes/22/x-office-document.svg
/usr/share/icons/Humanity/mimes/22/x-office-drawing.svg
/usr/share/icons/Humanity/mimes/22/x-office-spreadsheet.svg
/usr/share/icons/Humanity/mimes/24
/usr/share/icons/Humanity/mimes/24/application-msword.svg
/usr/share/icons/Humanity/mimes/24/application-rss+xml.svg
/usr/share/icons/Humanity/mimes/24/application-vnd.ms-access.svg
/usr/share/icons/Humanity/mimes/24/application-vnd.ms-excel.svg
/usr/share/icons/Humanity/mimes/24/application-vnd.ms-powerpoint.svg
/usr/share/icons/Humanity/mimes/24/application-vnd.oasis.opendocument.chart.svg
/usr/share/icons/Humanity/mimes/24/application-x-bittorrent.svg
/usr/share/icons/Humanity/mimes/24/application-x-cd-image.svg
/usr/share/icons/Humanity/mimes/24/application-x-flash-video.svg
/usr/share/icons/Humanity/mimes/24/application-x-sln.svg
/usr/share/icons/Humanity/mimes/24/application-x-theme.svg
/usr/share/icons/Humanity/mimes/24/application-x-trash.svg
/usr/share/icons/Humanity/mimes/24/audio-x-generic.svg
/usr/share/icons/Humanity/mimes/24/audio-x-mp3-playlist.svg
/usr/share/icons/Humanity/mimes/24/authors.svg
/usr/share/icons/Humanity/mimes/24/font-x-generic.svg
/usr/share/icons/Humanity/mimes/24/gnome-mime-application-pdf.svg
/usr/share/icons/Humanity/mimes/24/image-x-generic.svg
/usr/share/icons/Humanity/mimes/24/image-x-psd.svg
/usr/share/icons/Humanity/mimes/24/multipart-encrypted.svg
/usr/share/icons/Humanity/mimes/24/package-x-generic.svg
/usr/share/icons/Humanity/mimes/24/text-html.svg
/usr/share/icons/Humanity/mimes/24/text-x-generic-template.svg
/usr/share/icons/Humanity/mimes/24/text-x-generic.svg
/usr/share/icons/Humanity/mimes/24/text-x-install.svg
/usr/share/icons/Humanity/mimes/24/text-x-java-source.svg
/usr/share/icons/Humanity/mimes/24/text-x-preview.icon
/usr/share/icons/Humanity/mimes/24/text-x-preview.svg
/usr/share/icons/Humanity/mimes/24/text-x-readme.svg
/usr/share/icons/Humanity/mimes/24/text-x-script.svg
/usr/share/icons/Humanity/mimes/24/unknown.svg
/usr/share/icons/Humanity/mimes/24/video-x-generic.svg
/usr/share/icons/Humanity/mimes/24/x-office-document.svg
/usr/share/icons/Humanity/mimes/24/x-office-drawing.svg
/usr/share/icons/Humanity/mimes/24/x-office-spreadsheet.svg
/usr/share/icons/Humanity/mimes/256
/usr/share/icons/Humanity/mimes/256/libreoffice-oasis-database.svg
/usr/share/icons/Humanity/mimes/256/libreoffice-oasis-drawing.svg
/usr/share/icons/Humanity/mimes/256/libreoffice-oasis-presentation.svg
/usr/share/icons/Humanity/mimes/256/libreoffice-oasis-spreadsheet.svg
/usr/share/icons/Humanity/mimes/256/libreoffice-oasis-text.svg
/usr/share/icons/Humanity/mimes/32
/usr/share/icons/Humanity/mimes/32/application-msword.svg
/usr/share/icons/Humanity/mimes/32/application-vnd.ms-access.svg
/usr/share/icons/Humanity/mimes/32/application-vnd.ms-excel.svg
/usr/share/icons/Humanity/mimes/32/application-vnd.ms-powerpoint.svg
/usr/share/icons/Humanity/mimes/32/image-x-generic.svg
/usr/share/icons/Humanity/mimes/32/libreoffice-oasis-database.svg
/usr/share/icons/Humanity/mimes/32/libreoffice-oasis-drawing-template.png
/usr/share/icons/Humanity/mimes/32/libreoffice-oasis-drawing.svg
/usr/share/icons/Humanity/mimes/32/libreoffice-oasis-formula.png
/usr/share/icons/Humanity/mimes/32/libreoffice-oasis-master-document.png
/usr/share/icons/Humanity/mimes/32/libreoffice-oasis-presentation-template.png
/usr/share/icons/Humanity/mimes/32/libreoffice-oasis-presentation.svg
/usr/share/icons/Humanity/mimes/32/libreoffice-oasis-spreadsheet-template.png
/usr/share/icons/Humanity/mimes/32/libreoffice-oasis-spreadsheet.svg
/usr/share/icons/Humanity/mimes/32/libreoffice-oasis-text-template.png
/usr/share/icons/Humanity/mimes/32/libreoffice-oasis-text.svg
/usr/share/icons/Humanity/mimes/32/libreoffice-oasis-web-template.png
/usr/share/icons/Humanity/mimes/32/package-x-generic.svg
/usr/share/icons/Humanity/mimes/32/text-html.svg
/usr/share/icons/Humanity/mimes/32/text-x-generic.svg
/usr/share/icons/Humanity/mimes/32/text-x-install.svg
/usr/share/icons/Humanity/mimes/32/text-x-preview.svg
/usr/share/icons/Humanity/mimes/32/video-x-generic.svg
/usr/share/icons/Humanity/mimes/32/x-office-document.svg
/usr/share/icons/Humanity/mimes/48
/usr/share/icons/Humanity/mimes/48/application-7zip.svg
/usr/share/icons/Humanity/mimes/48/application-msword.svg
/usr/share/icons/Humanity/mimes/48/application-rss+xml.svg
/usr/share/icons/Humanity/mimes/48/application-vnd.ms-access.svg
/usr/share/icons/Humanity/mimes/48/application-vnd.ms-cab-compressed.svg
/usr/share/icons/Humanity/mimes/48/application-vnd.ms-excel.svg
/usr/share/icons/Humanity/mimes/48/application-vnd.ms-powerpoint.svg
/usr/share/icons/Humanity/mimes/48/application-vnd.oasis.opendocument.chart.svg
/usr/share/icons/Humanity/mimes/48/application-x-ace.svg
/usr/share/icons/Humanity/mimes/48/application-x-arj.svg
/usr/share/icons/Humanity/mimes/48/application-x-bittorrent.svg
/usr/share/icons/Humanity/mimes/48/application-x-bzip-compressed-tar.svg
/usr/share/icons/Humanity/mimes/48/application-x-bzip.svg
/usr/share/icons/Humanity/mimes/48/application-x-cd-image.svg
/usr/share/icons/Humanity/mimes/48/application-x-compressed-tar.svg
/usr/share/icons/Humanity/mimes/48/application-x-cpio.svg
/usr/share/icons/Humanity/mimes/48/application-x-deb.svg
/usr/share/icons/Humanity/mimes/48/application-x-flash-video.svg
/usr/share/icons/Humanity/mimes/48/application-x-gzip.svg
/usr/share/icons/Humanity/mimes/48/application-x-jar.svg
/usr/share/icons/Humanity/mimes/48/application-x-lha.svg
/usr/share/icons/Humanity/mimes/48/application-x-lhz.svg
/usr/share/icons/Humanity/mimes/48/application-x-lzma-compressed-tar.svg
/usr/share/icons/Humanity/mimes/48/application-x-lzma.svg
/usr/share/icons/Humanity/mimes/48/application-x-lzop.svg
/usr/share/icons/Humanity/mimes/48/application-x-rar.svg
/usr/share/icons/Humanity/mimes/48/application-x-rpm.svg
/usr/share/icons/Humanity/mimes/48/application-x-shar.svg
/usr/share/icons/Humanity/mimes/48/application-x-sln.svg
/usr/share/icons/Humanity/mimes/48/application-x-stuffit.svg
/usr/share/icons/Humanity/mimes/48/application-x-theme.svg
/usr/share/icons/Humanity/mimes/48/application-x-trash.svg
/usr/share/icons/Humanity/mimes/48/application-x-zoo.svg
/usr/share/icons/Humanity/mimes/48/application-zip.svg
/usr/share/icons/Humanity/mimes/48/audio-x-generic.svg
/usr/share/icons/Humanity/mimes/48/audio-x-mp3-playlist.svg
/usr/share/icons/Humanity/mimes/48/audio-x-mpeg.svg
/usr/share/icons/Humanity/mimes/48/audio-x-ms-wma.svg
/usr/share/icons/Humanity/mimes/48/audio-x-vorbis+ogg.svg
/usr/share/icons/Humanity/mimes/48/audio-x-wav.svg
/usr/share/icons/Humanity/mimes/48/authors.svg
/usr/share/icons/Humanity/mimes/48/extension.svg
/usr/share/icons/Humanity/mimes/48/font-x-generic.svg
/usr/share/icons/Humanity/mimes/48/gnome-mime-application-pdf.svg
/usr/share/icons/Humanity/mimes/48/image-bmp.svg
/usr/share/icons/Humanity/mimes/48/image-gif.svg
/usr/share/icons/Humanity/mimes/48/image-jpeg.svg
/usr/share/icons/Humanity/mimes/48/image-png.svg
/usr/share/icons/Humanity/mimes/48/image-tiff.svg
/usr/share/icons/Humanity/mimes/48/image-x-generic.svg
/usr/share/icons/Humanity/mimes/48/image-x-ico.svg
/usr/share/icons/Humanity/mimes/48/image-x-psd.svg
/usr/share/icons/Humanity/mimes/48/libreoffice-oasis-database.svg
/usr/share/icons/Humanity/mimes/48/libreoffice-oasis-drawing-template.png
/usr/share/icons/Humanity/mimes/48/libreoffice-oasis-drawing.svg
/usr/share/icons/Humanity/mimes/48/libreoffice-oasis-formula.png
/usr/share/icons/Humanity/mimes/48/libreoffice-oasis-master-document.png
/usr/share/icons/Humanity/mimes/48/libreoffice-oasis-presentation-template.png
/usr/share/icons/Humanity/mimes/48/libreoffice-oasis-presentation.svg
/usr/share/icons/Humanity/mimes/48/libreoffice-oasis-spreadsheet-template.png
/usr/share/icons/Humanity/mimes/48/libreoffice-oasis-spreadsheet.svg
/usr/share/icons/Humanity/mimes/48/libreoffice-oasis-text-template.png
/usr/share/icons/Humanity/mimes/48/libreoffice-oasis-text.svg
/usr/share/icons/Humanity/mimes/48/libreoffice-oasis-web-template.png
/usr/share/icons/Humanity/mimes/48/multipart-encrypted.svg
/usr/share/icons/Humanity/mimes/48/package-x-generic.svg
/usr/share/icons/Humanity/mimes/48/tar.svg
/usr/share/icons/Humanity/mimes/48/text-css.svg
/usr/share/icons/Humanity/mimes/48/text-html.svg
/usr/share/icons/Humanity/mimes/48/text-x-c++.svg
/usr/share/icons/Humanity/mimes/48/text-x-c.svg
/usr/share/icons/Humanity/mimes/48/text-x-changelog.svg
/usr/share/icons/Humanity/mimes/48/text-x-csharp.svg
/usr/share/icons/Humanity/mimes/48/text-x-generic-template.svg
/usr/share/icons/Humanity/mimes/48/text-x-generic.svg
/usr/share/icons/Humanity/mimes/48/text-x-gtkrc.svg
/usr/share/icons/Humanity/mimes/48/text-x-install.svg
/usr/share/icons/Humanity/mimes/48/text-x-java-source.svg
/usr/share/icons/Humanity/mimes/48/text-x-lua.svg
/usr/share/icons/Humanity/mimes/48/text-x-perl.svg
/usr/share/icons/Humanity/mimes/48/text-x-preview.icon
/usr/share/icons/Humanity/mimes/48/text-x-preview.svg
/usr/share/icons/Humanity/mimes/48/text-x-python.svg
/usr/share/icons/Humanity/mimes/48/text-x-readme.svg
/usr/share/icons/Humanity/mimes/48/text-x-ruby.svg
/usr/share/icons/Humanity/mimes/48/text-x-script.svg
/usr/share/icons/Humanity/mimes/48/text-x-sql.svg
/usr/share/icons/Humanity/mimes/48/text-x-vala.svg
/usr/share/icons/Humanity/mimes/48/unknown.svg
/usr/share/icons/Humanity/mimes/48/video-x-generic.svg
/usr/share/icons/Humanity/mimes/48/x-office-document.svg
/usr/share/icons/Humanity/mimes/48/x-office-drawing.svg
/usr/share/icons/Humanity/mimes/48/x-office-spreadsheet.svg
/usr/share/icons/Humanity/mimes/64
/usr/share/icons/Humanity/mimes/64/application-vnd.ms-access.svg
/usr/share/icons/Humanity/mimes/64/package-x-generic.svg
/usr/share/icons/Humanity/mimes/64/text-html.svg
/usr/share/icons/Humanity/mimes/64/text-x-install.svg
/usr/share/icons/Humanity/mimes/64/text-x-preview.svg
/usr/share/icons/Humanity/places
/usr/share/icons/Humanity/places/128
/usr/share/icons/Humanity/places/128/bookmark-missing.svg
/usr/share/icons/Humanity/places/128/user-desktop.svg
/usr/share/icons/Humanity/places/16
/usr/share/icons/Humanity/places/16/bookmark-missing.svg
/usr/share/icons/Humanity/places/16/folder-documents.svg
/usr/share/icons/Humanity/places/16/folder-download.svg
/usr/share/icons/Humanity/places/16/folder-music.svg
/usr/share/icons/Humanity/places/16/folder-pictures.svg
/usr/share/icons/Humanity/places/16/folder-publicshare.svg
/usr/share/icons/Humanity/places/16/folder-remote.svg
/usr/share/icons/Humanity/places/16/folder-saved-search.svg
/usr/share/icons/Humanity/places/16/folder-templates.svg
/usr/share/icons/Humanity/places/16/folder-video.svg
/usr/share/icons/Humanity/places/16/folder-visiting.svg
/usr/share/icons/Humanity/places/16/folder.svg
/usr/share/icons/Humanity/places/16/mail-sent.svg
/usr/share/icons/Humanity/places/16/start-here.svg
/usr/share/icons/Humanity/places/16/user-desktop.svg
/usr/share/icons/Humanity/places/16/user-home.svg
/usr/share/icons/Humanity/places/16/user-trash-full.svg
/usr/share/icons/Humanity/places/16/user-trash.svg
/usr/share/icons/Humanity/places/22
/usr/share/icons/Humanity/places/22/bookmark-missing.svg
/usr/share/icons/Humanity/places/22/folder-documents.svg
/usr/share/icons/Humanity/places/22/folder-download.svg
/usr/share/icons/Humanity/places/22/folder-music.svg
/usr/share/icons/Humanity/places/22/folder-pictures.svg
/usr/share/icons/Humanity/places/22/folder-publicshare.svg
/usr/share/icons/Humanity/places/22/folder-remote.svg
/usr/share/icons/Humanity/places/22/folder-saved-search.svg
/usr/share/icons/Humanity/places/22/folder-system.svg
/usr/share/icons/Humanity/places/22/folder-templates.svg
/usr/share/icons/Humanity/places/22/folder-video.svg
/usr/share/icons/Humanity/places/22/folder-visiting.svg
/usr/share/icons/Humanity/places/22/folder.svg
/usr/share/icons/Humanity/places/22/mail-inbox.svg
/usr/share/icons/Humanity/places/22/mail-outbox.svg
/usr/share/icons/Humanity/places/22/mail-sent.svg
/usr/share/icons/Humanity/places/22/network-server.svg
/usr/share/icons/Humanity/places/22/start-here.svg
/usr/share/icons/Humanity/places/22/stock_music-library.svg
/usr/share/icons/Humanity/places/22/user-desktop.svg
/usr/share/icons/Humanity/places/22/user-home.svg
/usr/share/icons/Humanity/places/22/user-trash-full.svg
/usr/share/icons/Humanity/places/22/user-trash.svg
/usr/share/icons/Humanity/places/24
/usr/share/icons/Humanity/places/24/bookmark-missing.svg
/usr/share/icons/Humanity/places/24/folder-documents.svg
/usr/share/icons/Humanity/places/24/folder-download.svg
/usr/share/icons/Humanity/places/24/folder-music.svg
/usr/share/icons/Humanity/places/24/folder-pictures.svg
/usr/share/icons/Humanity/places/24/folder-publicshare.svg
/usr/share/icons/Humanity/places/24/folder-remote.svg
/usr/share/icons/Humanity/places/24/folder-saved-search.svg
/usr/share/icons/Humanity/places/24/folder-system.svg
/usr/share/icons/Humanity/places/24/folder-templates.svg
/usr/share/icons/Humanity/places/24/folder-video.svg
/usr/share/icons/Humanity/places/24/folder-visiting.svg
/usr/share/icons/Humanity/places/24/folder.svg
/usr/share/icons/Humanity/places/24/gnome-fs-directory-accept.svg
/usr/share/icons/Humanity/places/24/mail-copy.svg
/usr/share/icons/Humanity/places/24/mail-inbox.svg
/usr/share/icons/Humanity/places/24/mail-move.svg
/usr/share/icons/Humanity/places/24/mail-outbox.svg
/usr/share/icons/Humanity/places/24/mail-sent.svg
/usr/share/icons/Humanity/places/24/network-server.svg
/usr/share/icons/Humanity/places/24/start-here.svg
/usr/share/icons/Humanity/places/24/stock_music-library.svg
/usr/share/icons/Humanity/places/24/stock_smart-playlist.svg
/usr/share/icons/Humanity/places/24/user-desktop.svg
/usr/share/icons/Humanity/places/24/user-home.svg
/usr/share/icons/Humanity/places/24/user-trash-full.svg
/usr/share/icons/Humanity/places/24/user-trash.svg
/usr/share/icons/Humanity/places/32
/usr/share/icons/Humanity/places/32/bookmark-missing.svg
/usr/share/icons/Humanity/places/32/folder-documents.svg
/usr/share/icons/Humanity/places/32/folder-download.svg
/usr/share/icons/Humanity/places/32/folder-music.svg
/usr/share/icons/Humanity/places/32/folder-pictures.svg
/usr/share/icons/Humanity/places/32/folder-publicshare.svg
/usr/share/icons/Humanity/places/32/folder-remote.svg
/usr/share/icons/Humanity/places/32/folder-system.svg
/usr/share/icons/Humanity/places/32/folder-templates.svg
/usr/share/icons/Humanity/places/32/folder-video.svg
/usr/share/icons/Humanity/places/32/folder-visiting.svg
/usr/share/icons/Humanity/places/32/folder.svg
/usr/share/icons/Humanity/places/32/user-desktop.svg
/usr/share/icons/Humanity/places/32/user-home.svg
/usr/share/icons/Humanity/places/32/user-trash-full.svg
/usr/share/icons/Humanity/places/32/user-trash.svg
/usr/share/icons/Humanity/places/48
/usr/share/icons/Humanity/places/48/bookmark-missing.svg
/usr/share/icons/Humanity/places/48/folder-documents.svg
/usr/share/icons/Humanity/places/48/folder-download.svg
/usr/share/icons/Humanity/places/48/folder-music.svg
/usr/share/icons/Humanity/places/48/folder-pictures.svg
/usr/share/icons/Humanity/places/48/folder-publicshare.svg
/usr/share/icons/Humanity/places/48/folder-recent.svg
/usr/share/icons/Humanity/places/48/folder-remote.svg
/usr/share/icons/Humanity/places/48/folder-saved-search.svg
/usr/share/icons/Humanity/places/48/folder-system.svg
/usr/share/icons/Humanity/places/48/folder-templates.svg
/usr/share/icons/Humanity/places/48/folder-ubuntu.svg
/usr/share/icons/Humanity/places/48/folder-video.svg
/usr/share/icons/Humanity/places/48/folder-visiting.svg
/usr/share/icons/Humanity/places/48/folder.icon
/usr/share/icons/Humanity/places/48/folder.svg
/usr/share/icons/Humanity/places/48/gnome-fs-web.svg
/usr/share/icons/Humanity/places/48/network-server.svg
/usr/share/icons/Humanity/places/48/start-here.svg
/usr/share/icons/Humanity/places/48/stock_music-library.svg
/usr/share/icons/Humanity/places/48/stock_smart-playlist.svg
/usr/share/icons/Humanity/places/48/user-desktop.svg
/usr/share/icons/Humanity/places/48/user-home.svg
/usr/share/icons/Humanity/places/48/user-trash-full.svg
/usr/share/icons/Humanity/places/48/user-trash.svg
/usr/share/icons/Humanity/places/64
/usr/share/icons/Humanity/places/64/bookmark-missing.svg
/usr/share/icons/Humanity/places/64/folder-documents.svg
/usr/share/icons/Humanity/places/64/folder-download.svg
/usr/share/icons/Humanity/places/64/folder-music.svg
/usr/share/icons/Humanity/places/64/folder-pictures.svg
/usr/share/icons/Humanity/places/64/folder-publicshare.svg
/usr/share/icons/Humanity/places/64/folder-remote.svg
/usr/share/icons/Humanity/places/64/folder-saved-search.svg
/usr/share/icons/Humanity/places/64/folder-system.svg
/usr/share/icons/Humanity/places/64/folder-templates.svg
/usr/share/icons/Humanity/places/64/folder-video.svg
/usr/share/icons/Humanity/places/64/folder-visiting.svg
/usr/share/icons/Humanity/places/64/folder.svg
/usr/share/icons/Humanity/places/64/gnome-fs-directory-accept.svg
/usr/share/icons/Humanity/places/64/network-server.svg
/usr/share/icons/Humanity/places/64/start-here.svg
/usr/share/icons/Humanity/places/64/user-desktop.svg
/usr/share/icons/Humanity/places/64/user-home.svg
/usr/share/icons/Humanity/places/64/user-trash-full.svg
/usr/share/icons/Humanity/places/64/user-trash.svg
/usr/share/icons/Humanity/places/scalable
/usr/share/icons/Humanity/places/scalable/gnome-fs-directory-accept.svg
/usr/share/icons/Humanity/status
/usr/share/icons/Humanity/status/128
/usr/share/icons/Humanity/status/128/aptdaemon-add.svg
/usr/share/icons/Humanity/status/128/dialog-error.svg
/usr/share/icons/Humanity/status/128/dialog-warning.svg
/usr/share/icons/Humanity/status/128/image-missing.svg
/usr/share/icons/Humanity/status/16
/usr/share/icons/Humanity/status/16/aptdaemon-add.svg
/usr/share/icons/Humanity/status/16/audio-output-none-panel.svg
/usr/share/icons/Humanity/status/16/audio-volume-high-panel.svg
/usr/share/icons/Humanity/status/16/audio-volume-high.png
/usr/share/icons/Humanity/status/16/audio-volume-high.svg
/usr/share/icons/Humanity/status/16/audio-volume-low-panel.svg
/usr/share/icons/Humanity/status/16/audio-volume-low.png
/usr/share/icons/Humanity/status/16/audio-volume-low.svg
/usr/share/icons/Humanity/status/16/audio-volume-medium-panel.svg
/usr/share/icons/Humanity/status/16/audio-volume-medium.png
/usr/share/icons/Humanity/status/16/audio-volume-medium.svg
/usr/share/icons/Humanity/status/16/audio-volume-muted-blocked-panel.svg
/usr/share/icons/Humanity/status/16/audio-volume-muted-panel.svg
/usr/share/icons/Humanity/status/16/audio-volume-muted.png
/usr/share/icons/Humanity/status/16/audio-volume-muted.svg
/usr/share/icons/Humanity/status/16/audio-volume-zero-panel.svg
/usr/share/icons/Humanity/status/16/battery_third_fourth.svg
/usr/share/icons/Humanity/status/16/battery_two_thirds.svg
/usr/share/icons/Humanity/status/16/bluetooth-active.svg
/usr/share/icons/Humanity/status/16/bluetooth-disabled.svg
/usr/share/icons/Humanity/status/16/bluetooth-paired.svg
/usr/share/icons/Humanity/status/16/dialog-error.svg
/usr/share/icons/Humanity/status/16/dialog-warning.svg
/usr/share/icons/Humanity/status/16/gpm-ac-adapter.svg
/usr/share/icons/Humanity/status/16/gpm-battery-000-charging.svg
/usr/share/icons/Humanity/status/16/gpm-battery-000.svg
/usr/share/icons/Humanity/status/16/gpm-battery-020-charging.svg
/usr/share/icons/Humanity/status/16/gpm-battery-020.svg
/usr/share/icons/Humanity/status/16/gpm-battery-040-charging.svg
/usr/share/icons/Humanity/status/16/gpm-battery-040.svg
/usr/share/icons/Humanity/status/16/gpm-battery-060-charging.svg
/usr/share/icons/Humanity/status/16/gpm-battery-060.svg
/usr/share/icons/Humanity/status/16/gpm-battery-080-charging.svg
/usr/share/icons/Humanity/status/16/gpm-battery-080.svg
/usr/share/icons/Humanity/status/16/gpm-battery-100-charging.svg
/usr/share/icons/Humanity/status/16/gpm-battery-100.svg
/usr/share/icons/Humanity/status/16/gpm-battery-charged.svg
/usr/share/icons/Humanity/status/16/gpm-battery-missing.svg
/usr/share/icons/Humanity/status/16/gpm-inhibit.svg
/usr/share/icons/Humanity/status/16/gpm-mouse-000.svg
/usr/share/icons/Humanity/status/16/gpm-mouse-020.svg
/usr/share/icons/Humanity/status/16/gpm-mouse-040.svg
/usr/share/icons/Humanity/status/16/gpm-mouse-060.svg
/usr/share/icons/Humanity/status/16/gpm-mouse-080.svg
/usr/share/icons/Humanity/status/16/gpm-mouse-100.svg
/usr/share/icons/Humanity/status/16/gpm-phone-000.svg
/usr/share/icons/Humanity/status/16/gpm-phone-020.svg
/usr/share/icons/Humanity/status/16/gpm-phone-040.svg
/usr/share/icons/Humanity/status/16/gpm-phone-060.svg
/usr/share/icons/Humanity/status/16/gpm-phone-080.svg
/usr/share/icons/Humanity/status/16/gpm-phone-100.svg
/usr/share/icons/Humanity/status/16/gtk-dialog-authentication-panel.svg
/usr/share/icons/Humanity/status/16/ibus-keyboard.svg
/usr/share/icons/Humanity/status/16/image-missing.svg
/usr/share/icons/Humanity/status/16/locked.svg
/usr/share/icons/Humanity/status/16/nm-device-wireless.svg
/usr/share/icons/Humanity/status/16/nm-device-wwan.svg
/usr/share/icons/Humanity/status/16/nm-no-connection.svg
/usr/share/icons/Humanity/status/16/nm-signal-00.svg
/usr/share/icons/Humanity/status/16/nm-signal-100.svg
/usr/share/icons/Humanity/status/16/nm-signal-25.svg
/usr/share/icons/Humanity/status/16/nm-signal-50.svg
/usr/share/icons/Humanity/status/16/nm-signal-75.svg
/usr/share/icons/Humanity/status/16/rhythmbox-notplaying.svg
/usr/share/icons/Humanity/status/16/rhythmbox-panel.svg
/usr/share/icons/Humanity/status/16/system-file-manager-panel.svg
/usr/share/icons/Humanity/status/16/task-due.svg
/usr/share/icons/Humanity/status/16/task-past-due.svg
/usr/share/icons/Humanity/status/16/transmission-tray-icon.svg
/usr/share/icons/Humanity/status/16/user-available-panel.svg
/usr/share/icons/Humanity/status/16/user-available.svg
/usr/share/icons/Humanity/status/16/user-away-panel.svg
/usr/share/icons/Humanity/status/16/user-busy-panel.svg
/usr/share/icons/Humanity/status/16/user-busy.svg
/usr/share/icons/Humanity/status/16/user-idle-panel.svg
/usr/share/icons/Humanity/status/16/user-idle.svg
/usr/share/icons/Humanity/status/16/user-invisible-panel.svg
/usr/share/icons/Humanity/status/16/user-invisible.svg
/usr/share/icons/Humanity/status/16/user-offline-panel.svg
/usr/share/icons/Humanity/status/16/user-offline.svg
/usr/share/icons/Humanity/status/16/weather-clear-night.svg
/usr/share/icons/Humanity/status/16/weather-clear.svg
/usr/share/icons/Humanity/status/16/weather-clouds-night.svg
/usr/share/icons/Humanity/status/16/weather-clouds.svg
/usr/share/icons/Humanity/status/16/weather-few-clouds-night.svg
/usr/share/icons/Humanity/status/16/weather-few-clouds.svg
/usr/share/icons/Humanity/status/16/weather-fog.svg
/usr/share/icons/Humanity/status/16/weather-overcast.svg
/usr/share/icons/Humanity/status/16/weather-severe-alert.svg
/usr/share/icons/Humanity/status/16/weather-showers-scattered.svg
/usr/share/icons/Humanity/status/16/weather-showers.svg
/usr/share/icons/Humanity/status/16/weather-snow.svg
/usr/share/icons/Humanity/status/16/weather-storm.svg
/usr/share/icons/Humanity/status/22
/usr/share/icons/Humanity/status/22/aptdaemon-add.svg
/usr/share/icons/Humanity/status/22/audio-output-none-panel.svg
/usr/share/icons/Humanity/status/22/audio-volume-high-panel.svg
/usr/share/icons/Humanity/status/22/audio-volume-high.png
/usr/share/icons/Humanity/status/22/audio-volume-high.svg
/usr/share/icons/Humanity/status/22/audio-volume-low-panel.svg
/usr/share/icons/Humanity/status/22/audio-volume-low.png
/usr/share/icons/Humanity/status/22/audio-volume-low.svg
/usr/share/icons/Humanity/status/22/audio-volume-medium-panel.svg
/usr/share/icons/Humanity/status/22/audio-volume-medium.png
/usr/share/icons/Humanity/status/22/audio-volume-medium.svg
/usr/share/icons/Humanity/status/22/audio-volume-muted-blocked-panel.svg
/usr/share/icons/Humanity/status/22/audio-volume-muted-panel.svg
/usr/share/icons/Humanity/status/22/audio-volume-muted.png
/usr/share/icons/Humanity/status/22/audio-volume-muted.svg
/usr/share/icons/Humanity/status/22/audio-volume-zero-panel.svg
/usr/share/icons/Humanity/status/22/battery_third_fourth.svg
/usr/share/icons/Humanity/status/22/battery_two_thirds.svg
/usr/share/icons/Humanity/status/22/dialog-error.svg
/usr/share/icons/Humanity/status/22/dialog-warning.svg
/usr/share/icons/Humanity/status/22/gpm-ac-adapter.svg
/usr/share/icons/Humanity/status/22/gpm-battery-000-charging.svg
/usr/share/icons/Humanity/status/22/gpm-battery-000.svg
/usr/share/icons/Humanity/status/22/gpm-battery-020-charging.svg
/usr/share/icons/Humanity/status/22/gpm-battery-020.svg
/usr/share/icons/Humanity/status/22/gpm-battery-040-charging.svg
/usr/share/icons/Humanity/status/22/gpm-battery-040.svg
/usr/share/icons/Humanity/status/22/gpm-battery-060-charging.svg
/usr/share/icons/Humanity/status/22/gpm-battery-060.svg
/usr/share/icons/Humanity/status/22/gpm-battery-080-charging.svg
/usr/share/icons/Humanity/status/22/gpm-battery-080.svg
/usr/share/icons/Humanity/status/22/gpm-battery-100-charging.svg
/usr/share/icons/Humanity/status/22/gpm-battery-100.svg
/usr/share/icons/Humanity/status/22/gpm-battery-charged.svg
/usr/share/icons/Humanity/status/22/gpm-battery-missing.svg
/usr/share/icons/Humanity/status/22/gpm-inhibit.svg
/usr/share/icons/Humanity/status/22/gpm-keyboard-000.svg
/usr/share/icons/Humanity/status/22/gpm-keyboard-020.svg
/usr/share/icons/Humanity/status/22/gpm-keyboard-040.svg
/usr/share/icons/Humanity/status/22/gpm-keyboard-060.svg
/usr/share/icons/Humanity/status/22/gpm-keyboard-080.svg
/usr/share/icons/Humanity/status/22/gpm-keyboard-100.svg
/usr/share/icons/Humanity/status/22/gpm-mouse-000.svg
/usr/share/icons/Humanity/status/22/gpm-mouse-020.svg
/usr/share/icons/Humanity/status/22/gpm-mouse-040.svg
/usr/share/icons/Humanity/status/22/gpm-mouse-060.svg
/usr/share/icons/Humanity/status/22/gpm-mouse-080.svg
/usr/share/icons/Humanity/status/22/gpm-mouse-100.svg
/usr/share/icons/Humanity/status/22/gpm-phone-000.svg
/usr/share/icons/Humanity/status/22/gpm-phone-020.svg
/usr/share/icons/Humanity/status/22/gpm-phone-040.svg
/usr/share/icons/Humanity/status/22/gpm-phone-060.svg
/usr/share/icons/Humanity/status/22/gpm-phone-080.svg
/usr/share/icons/Humanity/status/22/gpm-phone-100.svg
/usr/share/icons/Humanity/status/22/gsm-3g-full-secure.svg
/usr/share/icons/Humanity/status/22/gsm-3g-full.svg
/usr/share/icons/Humanity/status/22/gsm-3g-high-secure.svg
/usr/share/icons/Humanity/status/22/gsm-3g-high.svg
/usr/share/icons/Humanity/status/22/gsm-3g-low-secure.svg
/usr/share/icons/Humanity/status/22/gsm-3g-low.svg
/usr/share/icons/Humanity/status/22/gsm-3g-medium-secure.svg
/usr/share/icons/Humanity/status/22/gsm-3g-medium.svg
/usr/share/icons/Humanity/status/22/gsm-3g-none-secure.svg
/usr/share/icons/Humanity/status/22/gsm-3g-none.svg
/usr/share/icons/Humanity/status/22/gtk-dialog-authentication-panel.svg
/usr/share/icons/Humanity/status/22/gtk-dialog-warning-panel.svg
/usr/share/icons/Humanity/status/22/ibus-keyboard.svg
/usr/share/icons/Humanity/status/22/image-missing.svg
/usr/share/icons/Humanity/status/22/indicator-messages-new.svg
/usr/share/icons/Humanity/status/22/indicator-messages.svg
/usr/share/icons/Humanity/status/22/krb-expiring-ticket.svg
/usr/share/icons/Humanity/status/22/krb-no-valid-ticket.svg
/usr/share/icons/Humanity/status/22/locked.svg
/usr/share/icons/Humanity/status/22/media-player-banshee-buffering.svg
/usr/share/icons/Humanity/status/22/media-player-banshee-panel.svg
/usr/share/icons/Humanity/status/22/media-player-banshee-stopped.svg
/usr/share/icons/Humanity/status/22/network-error.svg
/usr/share/icons/Humanity/status/22/network-offline.svg
/usr/share/icons/Humanity/status/22/network-receive.svg
/usr/share/icons/Humanity/status/22/network-transmit-receive.svg
/usr/share/icons/Humanity/status/22/network-transmit.svg
/usr/share/icons/Humanity/status/22/new-messages-red.svg
/usr/share/icons/Humanity/status/22/nm-adhoc.svg
/usr/share/icons/Humanity/status/22/nm-device-wired-autoip.svg
/usr/share/icons/Humanity/status/22/nm-device-wired-secure.svg
/usr/share/icons/Humanity/status/22/nm-device-wireless.svg
/usr/share/icons/Humanity/status/22/nm-device-wwan.svg
/usr/share/icons/Humanity/status/22/nm-no-connection.svg
/usr/share/icons/Humanity/status/22/nm-signal-00-secure.svg
/usr/share/icons/Humanity/status/22/nm-signal-00.svg
/usr/share/icons/Humanity/status/22/nm-signal-100-secure.svg
/usr/share/icons/Humanity/status/22/nm-signal-100.svg
/usr/share/icons/Humanity/status/22/nm-signal-25-secure.svg
/usr/share/icons/Humanity/status/22/nm-signal-25.svg
/usr/share/icons/Humanity/status/22/nm-signal-50-secure.svg
/usr/share/icons/Humanity/status/22/nm-signal-50.svg
/usr/share/icons/Humanity/status/22/nm-signal-75-secure.svg
/usr/share/icons/Humanity/status/22/nm-signal-75.svg
/usr/share/icons/Humanity/status/22/rhythmbox-notplaying.svg
/usr/share/icons/Humanity/status/22/system-file-manager-panel.svg
/usr/share/icons/Humanity/status/22/task-due.svg
/usr/share/icons/Humanity/status/22/task-past-due.svg
/usr/share/icons/Humanity/status/22/transmission-tray-icon.svg
/usr/share/icons/Humanity/status/22/ubuntuone-client-idle.svg
/usr/share/icons/Humanity/status/22/user-available-panel.svg
/usr/share/icons/Humanity/status/22/user-available.svg
/usr/share/icons/Humanity/status/22/user-away-panel.svg
/usr/share/icons/Humanity/status/22/user-busy-panel.svg
/usr/share/icons/Humanity/status/22/user-busy.svg
/usr/share/icons/Humanity/status/22/user-idle-panel.svg
/usr/share/icons/Humanity/status/22/user-idle.svg
/usr/share/icons/Humanity/status/22/user-invisible-panel.svg
/usr/share/icons/Humanity/status/22/user-invisible.svg
/usr/share/icons/Humanity/status/22/user-offline-panel.svg
/usr/share/icons/Humanity/status/22/user-offline.svg
/usr/share/icons/Humanity/status/24
/usr/share/icons/Humanity/status/24/aptdaemon-add.svg
/usr/share/icons/Humanity/status/24/audio-output-none-panel.svg
/usr/share/icons/Humanity/status/24/audio-volume-high-panel.svg
/usr/share/icons/Humanity/status/24/audio-volume-high.png
/usr/share/icons/Humanity/status/24/audio-volume-high.svg
/usr/share/icons/Humanity/status/24/audio-volume-low-panel.svg
/usr/share/icons/Humanity/status/24/audio-volume-low.png
/usr/share/icons/Humanity/status/24/audio-volume-low.svg
/usr/share/icons/Humanity/status/24/audio-volume-medium-panel.svg
/usr/share/icons/Humanity/status/24/audio-volume-medium.png
/usr/share/icons/Humanity/status/24/audio-volume-medium.svg
/usr/share/icons/Humanity/status/24/audio-volume-muted-blocked-panel.svg
/usr/share/icons/Humanity/status/24/audio-volume-muted-panel.svg
/usr/share/icons/Humanity/status/24/audio-volume-muted.png
/usr/share/icons/Humanity/status/24/audio-volume-muted.svg
/usr/share/icons/Humanity/status/24/audio-volume-zero-panel.svg
/usr/share/icons/Humanity/status/24/battery_third_fourth.svg
/usr/share/icons/Humanity/status/24/battery_two_thirds.svg
/usr/share/icons/Humanity/status/24/bluetooth-active.svg
/usr/share/icons/Humanity/status/24/bluetooth-disabled.svg
/usr/share/icons/Humanity/status/24/bluetooth-paired.svg
/usr/share/icons/Humanity/status/24/dialog-error.svg
/usr/share/icons/Humanity/status/24/dialog-warning.svg
/usr/share/icons/Humanity/status/24/gpm-ac-adapter.svg
/usr/share/icons/Humanity/status/24/gpm-battery-000-charging.svg
/usr/share/icons/Humanity/status/24/gpm-battery-000.svg
/usr/share/icons/Humanity/status/24/gpm-battery-020-charging.svg
/usr/share/icons/Humanity/status/24/gpm-battery-020.svg
/usr/share/icons/Humanity/status/24/gpm-battery-040-charging.svg
/usr/share/icons/Humanity/status/24/gpm-battery-040.svg
/usr/share/icons/Humanity/status/24/gpm-battery-060-charging.svg
/usr/share/icons/Humanity/status/24/gpm-battery-060.svg
/usr/share/icons/Humanity/status/24/gpm-battery-080-charging.svg
/usr/share/icons/Humanity/status/24/gpm-battery-080.svg
/usr/share/icons/Humanity/status/24/gpm-battery-100-charging.svg
/usr/share/icons/Humanity/status/24/gpm-battery-100.svg
/usr/share/icons/Humanity/status/24/gpm-battery-charged.svg
/usr/share/icons/Humanity/status/24/gpm-battery-missing.svg
/usr/share/icons/Humanity/status/24/gpm-inhibit.svg
/usr/share/icons/Humanity/status/24/gpm-keyboard-000.svg
/usr/share/icons/Humanity/status/24/gpm-keyboard-020.svg
/usr/share/icons/Humanity/status/24/gpm-keyboard-040.svg
/usr/share/icons/Humanity/status/24/gpm-keyboard-060.svg
/usr/share/icons/Humanity/status/24/gpm-keyboard-080.svg
/usr/share/icons/Humanity/status/24/gpm-keyboard-100.svg
/usr/share/icons/Humanity/status/24/gpm-mouse-000.svg
/usr/share/icons/Humanity/status/24/gpm-mouse-020.svg
/usr/share/icons/Humanity/status/24/gpm-mouse-040.svg
/usr/share/icons/Humanity/status/24/gpm-mouse-060.svg
/usr/share/icons/Humanity/status/24/gpm-mouse-080.svg
/usr/share/icons/Humanity/status/24/gpm-mouse-100.svg
/usr/share/icons/Humanity/status/24/gpm-phone-000.svg
/usr/share/icons/Humanity/status/24/gpm-phone-020.svg
/usr/share/icons/Humanity/status/24/gpm-phone-040.svg
/usr/share/icons/Humanity/status/24/gpm-phone-060.svg
/usr/share/icons/Humanity/status/24/gpm-phone-080.svg
/usr/share/icons/Humanity/status/24/gpm-phone-100.svg
/usr/share/icons/Humanity/status/24/gsm-3g-full-secure.svg
/usr/share/icons/Humanity/status/24/gsm-3g-full.svg
/usr/share/icons/Humanity/status/24/gsm-3g-high-secure.svg
/usr/share/icons/Humanity/status/24/gsm-3g-high.svg
/usr/share/icons/Humanity/status/24/gsm-3g-low-secure.svg
/usr/share/icons/Humanity/status/24/gsm-3g-low.svg
/usr/share/icons/Humanity/status/24/gsm-3g-medium-secure.svg
/usr/share/icons/Humanity/status/24/gsm-3g-medium.svg
/usr/share/icons/Humanity/status/24/gsm-3g-none-secure.svg
/usr/share/icons/Humanity/status/24/gsm-3g-none.svg
/usr/share/icons/Humanity/status/24/gtk-dialog-authentication-panel.svg
/usr/share/icons/Humanity/status/24/gtk-dialog-warning-panel.svg
/usr/share/icons/Humanity/status/24/ibus-keyboard.svg
/usr/share/icons/Humanity/status/24/image-loading.svg
/usr/share/icons/Humanity/status/24/image-missing.svg
/usr/share/icons/Humanity/status/24/krb-expiring-ticket.svg
/usr/share/icons/Humanity/status/24/krb-no-valid-ticket.svg
/usr/share/icons/Humanity/status/24/locked.svg
/usr/share/icons/Humanity/status/24/media-player-banshee-buffering.svg
/usr/share/icons/Humanity/status/24/media-player-banshee-panel.svg
/usr/share/icons/Humanity/status/24/media-player-banshee-stopped.svg
/usr/share/icons/Humanity/status/24/media-playlist-repeat.svg
/usr/share/icons/Humanity/status/24/media-playlist-shuffle.svg
/usr/share/icons/Humanity/status/24/network-error.svg
/usr/share/icons/Humanity/status/24/network-offline.svg
/usr/share/icons/Humanity/status/24/network-receive.svg
/usr/share/icons/Humanity/status/24/network-transmit-receive.svg
/usr/share/icons/Humanity/status/24/network-transmit.svg
/usr/share/icons/Humanity/status/24/nm-adhoc.svg
/usr/share/icons/Humanity/status/24/nm-device-wired-autoip.svg
/usr/share/icons/Humanity/status/24/nm-device-wired-secure.svg
/usr/share/icons/Humanity/status/24/nm-device-wireless.svg
/usr/share/icons/Humanity/status/24/nm-device-wwan.svg
/usr/share/icons/Humanity/status/24/nm-no-connection.svg
/usr/share/icons/Humanity/status/24/nm-signal-00-secure.svg
/usr/share/icons/Humanity/status/24/nm-signal-00.svg
/usr/share/icons/Humanity/status/24/nm-signal-100-secure.svg
/usr/share/icons/Humanity/status/24/nm-signal-100.svg
/usr/share/icons/Humanity/status/24/nm-signal-25-secure.svg
/usr/share/icons/Humanity/status/24/nm-signal-25.svg
/usr/share/icons/Humanity/status/24/nm-signal-50-secure.svg
/usr/share/icons/Humanity/status/24/nm-signal-50.svg
/usr/share/icons/Humanity/status/24/nm-signal-75-secure.svg
/usr/share/icons/Humanity/status/24/nm-signal-75.svg
/usr/share/icons/Humanity/status/24/rhythmbox-notplaying.svg
/usr/share/icons/Humanity/status/24/stock_volume-0.svg
/usr/share/icons/Humanity/status/24/system-file-manager-panel.svg
/usr/share/icons/Humanity/status/24/task-due.svg
/usr/share/icons/Humanity/status/24/task-past-due.svg
/usr/share/icons/Humanity/status/24/transmission-tray-icon.svg
/usr/share/icons/Humanity/status/24/ubuntuone-client-error.svg
/usr/share/icons/Humanity/status/24/ubuntuone-client-idle.svg
/usr/share/icons/Humanity/status/24/ubuntuone-client-offline.svg
/usr/share/icons/Humanity/status/24/ubuntuone-client-updating.svg
/usr/share/icons/Humanity/status/24/user-available-panel.svg
/usr/share/icons/Humanity/status/24/user-available.svg
/usr/share/icons/Humanity/status/24/user-away-panel.svg
/usr/share/icons/Humanity/status/24/user-busy-panel.svg
/usr/share/icons/Humanity/status/24/user-busy.svg
/usr/share/icons/Humanity/status/24/user-idle-panel.svg
/usr/share/icons/Humanity/status/24/user-idle.svg
/usr/share/icons/Humanity/status/24/user-invisible-panel.svg
/usr/share/icons/Humanity/status/24/user-invisible.svg
/usr/share/icons/Humanity/status/24/user-offline-panel.svg
/usr/share/icons/Humanity/status/24/user-offline.svg
/usr/share/icons/Humanity/status/32
/usr/share/icons/Humanity/status/32/aptdaemon-add.svg
/usr/share/icons/Humanity/status/32/dialog-error.svg
/usr/share/icons/Humanity/status/32/dialog-warning.svg
/usr/share/icons/Humanity/status/32/image-missing.svg
/usr/share/icons/Humanity/status/32/locked.svg
/usr/share/icons/Humanity/status/48
/usr/share/icons/Humanity/status/48/aptdaemon-add.svg
/usr/share/icons/Humanity/status/48/aptdaemon-delete.svg
/usr/share/icons/Humanity/status/48/aptdaemon-setup.svg
/usr/share/icons/Humanity/status/48/battery_charged.svg
/usr/share/icons/Humanity/status/48/battery_empty.svg
/usr/share/icons/Humanity/status/48/battery_full.svg
/usr/share/icons/Humanity/status/48/dialog-error.svg
/usr/share/icons/Humanity/status/48/dialog-warning.svg
/usr/share/icons/Humanity/status/48/gpm-primary-000-charging.svg
/usr/share/icons/Humanity/status/48/gpm-primary-020-charging.svg
/usr/share/icons/Humanity/status/48/gpm-primary-020.svg
/usr/share/icons/Humanity/status/48/gpm-primary-040-charging.svg
/usr/share/icons/Humanity/status/48/gpm-primary-040.svg
/usr/share/icons/Humanity/status/48/gpm-primary-060-charging.svg
/usr/share/icons/Humanity/status/48/gpm-primary-060.svg
/usr/share/icons/Humanity/status/48/gpm-primary-080-charging.svg
/usr/share/icons/Humanity/status/48/gpm-primary-080.svg
/usr/share/icons/Humanity/status/48/gpm-primary-100-charging.svg
/usr/share/icons/Humanity/status/48/image-loading.svg
/usr/share/icons/Humanity/status/48/image-missing.svg
/usr/share/icons/Humanity/status/48/locked.svg
/usr/share/icons/Humanity/status/48/media-playlist-repeat.svg
/usr/share/icons/Humanity/status/48/media-playlist-shuffle.svg
/usr/share/icons/Humanity/status/48/printer-error.svg
/usr/share/icons/Humanity/status/48/printer-printing.svg
/usr/share/icons/Humanity/status/48/weather-clear-night.svg
/usr/share/icons/Humanity/status/48/weather-clear.svg
/usr/share/icons/Humanity/status/48/weather-clouds-night.svg
/usr/share/icons/Humanity/status/48/weather-clouds.svg
/usr/share/icons/Humanity/status/48/weather-few-clouds-night.svg
/usr/share/icons/Humanity/status/48/weather-few-clouds.svg
/usr/share/icons/Humanity/status/48/weather-fog.svg
/usr/share/icons/Humanity/status/48/weather-overcast.svg
/usr/share/icons/Humanity/status/48/weather-severe-alert.svg
/usr/share/icons/Humanity/status/48/weather-showers-scattered.svg
/usr/share/icons/Humanity/status/48/weather-showers.svg
/usr/share/icons/Humanity/status/48/weather-snow.svg
/usr/share/icons/Humanity/status/48/weather-storm.svg
/usr/share/icons/Humanity/status/64
/usr/share/icons/Humanity/status/64/aptdaemon-add.svg
/usr/share/icons/Humanity/status/64/dialog-error.svg
/usr/share/icons/Humanity/status/64/dialog-warning.svg
/usr/share/icons/Humanity/status/64/image-missing.svg
/usr/share/icons/Humanity/status/scalable
/usr/share/icons/Humanity/stock
/usr/share/icons/Humanity/stock/16
/usr/share/icons/Humanity/stock/16/stock_insert-note.svg
/usr/share/icons/Humanity/stock/16/stock_notes.svg
/usr/share/icons/Humanity/stock/16/stock_person.svg
/usr/share/icons/Humanity/stock/16/stock_task.svg
/usr/share/icons/Humanity/stock/16/stock_todo.svg
/usr/share/icons/Humanity/stock/22
/usr/share/icons/Humanity/stock/22/stock_insert-note.svg
/usr/share/icons/Humanity/stock/22/stock_person.svg
/usr/share/icons/Humanity/stock/22/stock_task.svg
/usr/share/icons/Humanity/stock/22/stock_todo.svg
/usr/share/icons/Humanity/stock/24
/usr/share/icons/Humanity/stock/24/stock_insert-note.svg
/usr/share/icons/Humanity/stock/24/stock_person.svg
/usr/share/icons/Humanity/stock/24/stock_task.svg
/usr/share/icons/Humanity/stock/24/stock_todo.svg
/usr/share/icons/Humanity/stock/32
/usr/share/icons/Humanity/stock/32/stock_person.svg
/usr/share/icons/Humanity/stock/48
/usr/share/icons/Humanity/stock/48/stock_person.svg
/usr/share/icons/Humanity-Dark
/usr/share/icons/Humanity-Dark/AUTHORS
/usr/share/icons/Humanity-Dark/COPYING
/usr/share/icons/Humanity-Dark/actions
/usr/share/icons/Humanity-Dark/actions/16
/usr/share/icons/Humanity-Dark/actions/16/system-restart-panel.svg
/usr/share/icons/Humanity-Dark/actions/16/system-shutdown-panel.svg
/usr/share/icons/Humanity-Dark/actions/16/system-shutdown-restart-panel.svg
/usr/share/icons/Humanity-Dark/actions/22
/usr/share/icons/Humanity-Dark/actions/24
/usr/share/icons/Humanity-Dark/apps
/usr/share/icons/Humanity-Dark/apps/16
/usr/share/icons/Humanity-Dark/apps/16/gnome-do-panel.svg
/usr/share/icons/Humanity-Dark/apps/16/nm-vpn-lock.svg
/usr/share/icons/Humanity-Dark/apps/16/tomboy-panel.svg
/usr/share/icons/Humanity-Dark/apps/22
/usr/share/icons/Humanity-Dark/apps/22/gsd-xrandr.svg
/usr/share/icons/Humanity-Dark/apps/22/gtg-panel.svg
/usr/share/icons/Humanity-Dark/apps/22/nm-mb-roam.svg
/usr/share/icons/Humanity-Dark/apps/22/nm-stage01-connecting01.svg
/usr/share/icons/Humanity-Dark/apps/22/nm-stage01-connecting02.svg
/usr/share/icons/Humanity-Dark/apps/22/nm-stage01-connecting03.svg
/usr/share/icons/Humanity-Dark/apps/22/nm-stage01-connecting04.svg
/usr/share/icons/Humanity-Dark/apps/22/nm-stage01-connecting05.svg
/usr/share/icons/Humanity-Dark/apps/22/nm-stage01-connecting06.svg
/usr/share/icons/Humanity-Dark/apps/22/nm-stage01-connecting07.svg
/usr/share/icons/Humanity-Dark/apps/22/nm-stage01-connecting08.svg
/usr/share/icons/Humanity-Dark/apps/22/nm-stage01-connecting09.svg
/usr/share/icons/Humanity-Dark/apps/22/nm-stage01-connecting10.svg
/usr/share/icons/Humanity-Dark/apps/22/nm-stage01-connecting11.svg
/usr/share/icons/Humanity-Dark/apps/22/nm-stage02-connecting01.svg
/usr/share/icons/Humanity-Dark/apps/22/nm-stage02-connecting02.svg
/usr/share/icons/Humanity-Dark/apps/22/nm-stage02-connecting03.svg
/usr/share/icons/Humanity-Dark/apps/22/nm-stage02-connecting04.svg
/usr/share/icons/Humanity-Dark/apps/22/nm-stage02-connecting05.svg
/usr/share/icons/Humanity-Dark/apps/22/nm-stage02-connecting06.svg
/usr/share/icons/Humanity-Dark/apps/22/nm-stage02-connecting11.svg
/usr/share/icons/Humanity-Dark/apps/22/nm-stage03-connecting01.svg
/usr/share/icons/Humanity-Dark/apps/22/nm-stage03-connecting02.svg
/usr/share/icons/Humanity-Dark/apps/22/nm-stage03-connecting03.svg
/usr/share/icons/Humanity-Dark/apps/22/nm-stage03-connecting04.svg
/usr/share/icons/Humanity-Dark/apps/22/nm-stage03-connecting05.svg
/usr/share/icons/Humanity-Dark/apps/22/nm-stage03-connecting06.svg
/usr/share/icons/Humanity-Dark/apps/22/nm-stage03-connecting07.svg
/usr/share/icons/Humanity-Dark/apps/22/nm-stage03-connecting08.svg
/usr/share/icons/Humanity-Dark/apps/22/nm-stage03-connecting09.svg
/usr/share/icons/Humanity-Dark/apps/22/nm-stage03-connecting10.svg
/usr/share/icons/Humanity-Dark/apps/22/nm-stage03-connecting11.svg
/usr/share/icons/Humanity-Dark/apps/22/nm-tech-3g.svg
/usr/share/icons/Humanity-Dark/apps/22/nm-tech-cdma-1x.svg
/usr/share/icons/Humanity-Dark/apps/22/nm-tech-edge.svg
/usr/share/icons/Humanity-Dark/apps/22/nm-tech-evdo.svg
/usr/share/icons/Humanity-Dark/apps/22/nm-tech-gprs.svg
/usr/share/icons/Humanity-Dark/apps/22/nm-tech-hspa.svg
/usr/share/icons/Humanity-Dark/apps/22/nm-tech-umts.svg
/usr/share/icons/Humanity-Dark/apps/22/nm-vpn-connecting01.svg
/usr/share/icons/Humanity-Dark/apps/22/nm-vpn-connecting02.svg
/usr/share/icons/Humanity-Dark/apps/22/nm-vpn-connecting03.svg
/usr/share/icons/Humanity-Dark/apps/22/nm-vpn-connecting04.svg
/usr/share/icons/Humanity-Dark/apps/22/nm-vpn-lock.svg
/usr/share/icons/Humanity-Dark/apps/22/nm-wwan-tower.svg
/usr/share/icons/Humanity-Dark/apps/22/rhythmbox-panel.svg
/usr/share/icons/Humanity-Dark/apps/22/tomboy-panel.svg
/usr/share/icons/Humanity-Dark/apps/22/xchat-panel.svg
/usr/share/icons/Humanity-Dark/apps/24
/usr/share/icons/Humanity-Dark/apps/24/gsd-xrandr.svg
/usr/share/icons/Humanity-Dark/apps/24/gtg-panel.svg
/usr/share/icons/Humanity-Dark/apps/24/nm-stage01-connecting01.svg
/usr/share/icons/Humanity-Dark/apps/24/nm-stage01-connecting02.svg
/usr/share/icons/Humanity-Dark/apps/24/nm-stage01-connecting03.svg
/usr/share/icons/Humanity-Dark/apps/24/nm-stage01-connecting04.svg
/usr/share/icons/Humanity-Dark/apps/24/nm-stage01-connecting05.svg
/usr/share/icons/Humanity-Dark/apps/24/nm-stage01-connecting06.svg
/usr/share/icons/Humanity-Dark/apps/24/nm-stage01-connecting07.svg
/usr/share/icons/Humanity-Dark/apps/24/nm-stage01-connecting08.svg
/usr/share/icons/Humanity-Dark/apps/24/nm-stage01-connecting09.svg
/usr/share/icons/Humanity-Dark/apps/24/nm-stage01-connecting10.svg
/usr/share/icons/Humanity-Dark/apps/24/nm-stage01-connecting11.svg
/usr/share/icons/Humanity-Dark/apps/24/nm-stage02-connecting01.svg
/usr/share/icons/Humanity-Dark/apps/24/nm-stage02-connecting02.svg
/usr/share/icons/Humanity-Dark/apps/24/nm-stage02-connecting03.svg
/usr/share/icons/Humanity-Dark/apps/24/nm-stage02-connecting04.svg
/usr/share/icons/Humanity-Dark/apps/24/nm-stage02-connecting05.svg
/usr/share/icons/Humanity-Dark/apps/24/nm-stage02-connecting06.svg
/usr/share/icons/Humanity-Dark/apps/24/nm-stage02-connecting11.svg
/usr/share/icons/Humanity-Dark/apps/24/nm-stage03-connecting01.svg
/usr/share/icons/Humanity-Dark/apps/24/nm-stage03-connecting02.svg
/usr/share/icons/Humanity-Dark/apps/24/nm-stage03-connecting03.svg
/usr/share/icons/Humanity-Dark/apps/24/nm-stage03-connecting04.svg
/usr/share/icons/Humanity-Dark/apps/24/nm-stage03-connecting05.svg
/usr/share/icons/Humanity-Dark/apps/24/nm-stage03-connecting06.svg
/usr/share/icons/Humanity-Dark/apps/24/nm-stage03-connecting07.svg
/usr/share/icons/Humanity-Dark/apps/24/nm-stage03-connecting08.svg
/usr/share/icons/Humanity-Dark/apps/24/nm-stage03-connecting09.svg
/usr/share/icons/Humanity-Dark/apps/24/nm-stage03-connecting10.svg
/usr/share/icons/Humanity-Dark/apps/24/nm-stage03-connecting11.svg
/usr/share/icons/Humanity-Dark/apps/24/nm-vpn-connecting01.svg
/usr/share/icons/Humanity-Dark/apps/24/nm-vpn-connecting02.svg
/usr/share/icons/Humanity-Dark/apps/24/nm-vpn-connecting03.svg
/usr/share/icons/Humanity-Dark/apps/24/nm-vpn-connecting04.svg
/usr/share/icons/Humanity-Dark/apps/24/nm-vpn-lock.svg
/usr/share/icons/Humanity-Dark/apps/24/rhythmbox-panel.svg
/usr/share/icons/Humanity-Dark/apps/24/tomboy-panel.svg
/usr/share/icons/Humanity-Dark/apps/24/xchat-panel.svg
/usr/share/icons/Humanity-Dark/apps/48
/usr/share/icons/Humanity-Dark/apps/48/gsd-xrandr.svg
/usr/share/icons/Humanity-Dark/devices
/usr/share/icons/Humanity-Dark/devices/16
/usr/share/icons/Humanity-Dark/devices/16/nm-device-wired.svg
/usr/share/icons/Humanity-Dark/devices/22
/usr/share/icons/Humanity-Dark/devices/24
/usr/share/icons/Humanity-Dark/index.theme
/usr/share/icons/Humanity-Dark/places
/usr/share/icons/Humanity-Dark/places/16
/usr/share/icons/Humanity-Dark/places/16/start-here.svg
/usr/share/icons/Humanity-Dark/places/22
/usr/share/icons/Humanity-Dark/places/22/start-here.svg
/usr/share/icons/Humanity-Dark/places/24
/usr/share/icons/Humanity-Dark/places/24/start-here.svg
/usr/share/icons/Humanity-Dark/places/32
/usr/share/icons/Humanity-Dark/places/48
/usr/share/icons/Humanity-Dark/places/48/start-here.svg
/usr/share/icons/Humanity-Dark/places/64
/usr/share/icons/Humanity-Dark/places/64/start-here.svg
/usr/share/icons/Humanity-Dark/status
/usr/share/icons/Humanity-Dark/status/16
/usr/share/icons/Humanity-Dark/status/16/audio-output-none-panel.svg
/usr/share/icons/Humanity-Dark/status/16/audio-volume-high-panel.svg
/usr/share/icons/Humanity-Dark/status/16/audio-volume-high.png
/usr/share/icons/Humanity-Dark/status/16/audio-volume-high.svg
/usr/share/icons/Humanity-Dark/status/16/audio-volume-low-panel.svg
/usr/share/icons/Humanity-Dark/status/16/audio-volume-low.png
/usr/share/icons/Humanity-Dark/status/16/audio-volume-low.svg
/usr/share/icons/Humanity-Dark/status/16/audio-volume-medium-panel.svg
/usr/share/icons/Humanity-Dark/status/16/audio-volume-medium.png
/usr/share/icons/Humanity-Dark/status/16/audio-volume-medium.svg
/usr/share/icons/Humanity-Dark/status/16/audio-volume-muted-blocked-panel.svg
/usr/share/icons/Humanity-Dark/status/16/audio-volume-muted-panel.svg
/usr/share/icons/Humanity-Dark/status/16/audio-volume-muted.png
/usr/share/icons/Humanity-Dark/status/16/audio-volume-muted.svg
/usr/share/icons/Humanity-Dark/status/16/audio-volume-zero-panel.svg
/usr/share/icons/Humanity-Dark/status/16/battery_third_fourth.svg
/usr/share/icons/Humanity-Dark/status/16/battery_two_thirds.svg
/usr/share/icons/Humanity-Dark/status/16/bluetooth-active.svg
/usr/share/icons/Humanity-Dark/status/16/bluetooth-disabled.svg
/usr/share/icons/Humanity-Dark/status/16/bluetooth-paired.svg
/usr/share/icons/Humanity-Dark/status/16/gpm-ac-adapter.svg
/usr/share/icons/Humanity-Dark/status/16/gpm-battery-000-charging.svg
/usr/share/icons/Humanity-Dark/status/16/gpm-battery-000.svg
/usr/share/icons/Humanity-Dark/status/16/gpm-battery-020-charging.svg
/usr/share/icons/Humanity-Dark/status/16/gpm-battery-020.svg
/usr/share/icons/Humanity-Dark/status/16/gpm-battery-040-charging.svg
/usr/share/icons/Humanity-Dark/status/16/gpm-battery-040.svg
/usr/share/icons/Humanity-Dark/status/16/gpm-battery-060-charging.svg
/usr/share/icons/Humanity-Dark/status/16/gpm-battery-060.svg
/usr/share/icons/Humanity-Dark/status/16/gpm-battery-080-charging.svg
/usr/share/icons/Humanity-Dark/status/16/gpm-battery-080.svg
/usr/share/icons/Humanity-Dark/status/16/gpm-battery-100-charging.svg
/usr/share/icons/Humanity-Dark/status/16/gpm-battery-100.svg
/usr/share/icons/Humanity-Dark/status/16/gpm-battery-charged.svg
/usr/share/icons/Humanity-Dark/status/16/gpm-mouse-000.svg
/usr/share/icons/Humanity-Dark/status/16/gpm-mouse-020.svg
/usr/share/icons/Humanity-Dark/status/16/gpm-mouse-040.svg
/usr/share/icons/Humanity-Dark/status/16/gpm-mouse-060.svg
/usr/share/icons/Humanity-Dark/status/16/gpm-mouse-080.svg
/usr/share/icons/Humanity-Dark/status/16/gpm-mouse-100.svg
/usr/share/icons/Humanity-Dark/status/16/gpm-phone-000.svg
/usr/share/icons/Humanity-Dark/status/16/gpm-phone-020.svg
/usr/share/icons/Humanity-Dark/status/16/gpm-phone-040.svg
/usr/share/icons/Humanity-Dark/status/16/gpm-phone-060.svg
/usr/share/icons/Humanity-Dark/status/16/gpm-phone-080.svg
/usr/share/icons/Humanity-Dark/status/16/gpm-phone-100.svg
/usr/share/icons/Humanity-Dark/status/16/gtk-dialog-authentication-panel.svg
/usr/share/icons/Humanity-Dark/status/16/ibus-keyboard.svg
/usr/share/icons/Humanity-Dark/status/16/nm-no-connection.svg
/usr/share/icons/Humanity-Dark/status/16/nm-signal-00.svg
/usr/share/icons/Humanity-Dark/status/16/nm-signal-100.svg
/usr/share/icons/Humanity-Dark/status/16/nm-signal-25.svg
/usr/share/icons/Humanity-Dark/status/16/nm-signal-50.svg
/usr/share/icons/Humanity-Dark/status/16/nm-signal-75.svg
/usr/share/icons/Humanity-Dark/status/16/rhythmbox-notplaying.svg
/usr/share/icons/Humanity-Dark/status/16/rhythmbox-panel.svg
/usr/share/icons/Humanity-Dark/status/16/system-file-manager-panel.svg
/usr/share/icons/Humanity-Dark/status/16/transmission-tray-icon.svg
/usr/share/icons/Humanity-Dark/status/16/user-available-panel.svg
/usr/share/icons/Humanity-Dark/status/16/user-away-panel.svg
/usr/share/icons/Humanity-Dark/status/16/user-busy-panel.svg
/usr/share/icons/Humanity-Dark/status/16/user-idle-panel.svg
/usr/share/icons/Humanity-Dark/status/16/user-invisible-panel.svg
/usr/share/icons/Humanity-Dark/status/16/user-offline-panel.svg
/usr/share/icons/Humanity-Dark/status/16/weather-clear-night.svg
/usr/share/icons/Humanity-Dark/status/16/weather-clear.svg
/usr/share/icons/Humanity-Dark/status/16/weather-clouds-night.svg
/usr/share/icons/Humanity-Dark/status/16/weather-clouds.svg
/usr/share/icons/Humanity-Dark/status/16/weather-few-clouds-night.svg
/usr/share/icons/Humanity-Dark/status/16/weather-few-clouds.svg
/usr/share/icons/Humanity-Dark/status/16/weather-fog.svg
/usr/share/icons/Humanity-Dark/status/16/weather-overcast.svg
/usr/share/icons/Humanity-Dark/status/16/weather-severe-alert.svg
/usr/share/icons/Humanity-Dark/status/16/weather-showers-scattered.svg
/usr/share/icons/Humanity-Dark/status/16/weather-showers.svg
/usr/share/icons/Humanity-Dark/status/16/weather-snow.svg
/usr/share/icons/Humanity-Dark/status/16/weather-storm.svg
/usr/share/icons/Humanity-Dark/status/22
/usr/share/icons/Humanity-Dark/status/22/audio-output-none-panel.svg
/usr/share/icons/Humanity-Dark/status/22/audio-volume-high-panel.svg
/usr/share/icons/Humanity-Dark/status/22/audio-volume-high.png
/usr/share/icons/Humanity-Dark/status/22/audio-volume-high.svg
/usr/share/icons/Humanity-Dark/status/22/audio-volume-low-panel.svg
/usr/share/icons/Humanity-Dark/status/22/audio-volume-low.png
/usr/share/icons/Humanity-Dark/status/22/audio-volume-low.svg
/usr/share/icons/Humanity-Dark/status/22/audio-volume-medium-panel.svg
/usr/share/icons/Humanity-Dark/status/22/audio-volume-medium.png
/usr/share/icons/Humanity-Dark/status/22/audio-volume-medium.svg
/usr/share/icons/Humanity-Dark/status/22/audio-volume-muted-blocked-panel.svg
/usr/share/icons/Humanity-Dark/status/22/audio-volume-muted-panel.svg
/usr/share/icons/Humanity-Dark/status/22/audio-volume-muted.png
/usr/share/icons/Humanity-Dark/status/22/audio-volume-muted.svg
/usr/share/icons/Humanity-Dark/status/22/audio-volume-zero-panel.svg
/usr/share/icons/Humanity-Dark/status/22/battery_third_fourth.svg
/usr/share/icons/Humanity-Dark/status/22/battery_two_thirds.svg
/usr/share/icons/Humanity-Dark/status/22/gpm-ac-adapter.svg
/usr/share/icons/Humanity-Dark/status/22/gpm-battery-000-charging.svg
/usr/share/icons/Humanity-Dark/status/22/gpm-battery-000.svg
/usr/share/icons/Humanity-Dark/status/22/gpm-battery-020-charging.svg
/usr/share/icons/Humanity-Dark/status/22/gpm-battery-020.svg
/usr/share/icons/Humanity-Dark/status/22/gpm-battery-040-charging.svg
/usr/share/icons/Humanity-Dark/status/22/gpm-battery-040.svg
/usr/share/icons/Humanity-Dark/status/22/gpm-battery-060-charging.svg
/usr/share/icons/Humanity-Dark/status/22/gpm-battery-060.svg
/usr/share/icons/Humanity-Dark/status/22/gpm-battery-080-charging.svg
/usr/share/icons/Humanity-Dark/status/22/gpm-battery-080.svg
/usr/share/icons/Humanity-Dark/status/22/gpm-battery-100-charging.svg
/usr/share/icons/Humanity-Dark/status/22/gpm-battery-100.svg
/usr/share/icons/Humanity-Dark/status/22/gpm-battery-charged.svg
/usr/share/icons/Humanity-Dark/status/22/gpm-keyboard-000.svg
/usr/share/icons/Humanity-Dark/status/22/gpm-keyboard-020.svg
/usr/share/icons/Humanity-Dark/status/22/gpm-keyboard-040.svg
/usr/share/icons/Humanity-Dark/status/22/gpm-keyboard-060.svg
/usr/share/icons/Humanity-Dark/status/22/gpm-keyboard-080.svg
/usr/share/icons/Humanity-Dark/status/22/gpm-keyboard-100.svg
/usr/share/icons/Humanity-Dark/status/22/gpm-mouse-000.svg
/usr/share/icons/Humanity-Dark/status/22/gpm-mouse-020.svg
/usr/share/icons/Humanity-Dark/status/22/gpm-mouse-040.svg
/usr/share/icons/Humanity-Dark/status/22/gpm-mouse-060.svg
/usr/share/icons/Humanity-Dark/status/22/gpm-mouse-080.svg
/usr/share/icons/Humanity-Dark/status/22/gpm-mouse-100.svg
/usr/share/icons/Humanity-Dark/status/22/gpm-phone-000.svg
/usr/share/icons/Humanity-Dark/status/22/gpm-phone-020.svg
/usr/share/icons/Humanity-Dark/status/22/gpm-phone-040.svg
/usr/share/icons/Humanity-Dark/status/22/gpm-phone-060.svg
/usr/share/icons/Humanity-Dark/status/22/gpm-phone-080.svg
/usr/share/icons/Humanity-Dark/status/22/gpm-phone-100.svg
/usr/share/icons/Humanity-Dark/status/22/gsm-3g-full-secure.svg
/usr/share/icons/Humanity-Dark/status/22/gsm-3g-full.svg
/usr/share/icons/Humanity-Dark/status/22/gsm-3g-high-secure.svg
/usr/share/icons/Humanity-Dark/status/22/gsm-3g-high.svg
/usr/share/icons/Humanity-Dark/status/22/gsm-3g-low-secure.svg
/usr/share/icons/Humanity-Dark/status/22/gsm-3g-low.svg
/usr/share/icons/Humanity-Dark/status/22/gsm-3g-medium-secure.svg
/usr/share/icons/Humanity-Dark/status/22/gsm-3g-medium.svg
/usr/share/icons/Humanity-Dark/status/22/gsm-3g-none-secure.svg
/usr/share/icons/Humanity-Dark/status/22/gsm-3g-none.svg
/usr/share/icons/Humanity-Dark/status/22/gtk-dialog-authentication-panel.svg
/usr/share/icons/Humanity-Dark/status/22/ibus-keyboard.svg
/usr/share/icons/Humanity-Dark/status/22/indicator-messages-new.svg
/usr/share/icons/Humanity-Dark/status/22/indicator-messages.svg
/usr/share/icons/Humanity-Dark/status/22/krb-expiring-ticket.svg
/usr/share/icons/Humanity-Dark/status/22/krb-no-valid-ticket.svg
/usr/share/icons/Humanity-Dark/status/22/media-player-banshee-buffering.svg
/usr/share/icons/Humanity-Dark/status/22/media-player-banshee-panel.svg
/usr/share/icons/Humanity-Dark/status/22/media-player-banshee-stopped.svg
/usr/share/icons/Humanity-Dark/status/22/network-error.svg
/usr/share/icons/Humanity-Dark/status/22/network-offline.svg
/usr/share/icons/Humanity-Dark/status/22/network-receive.svg
/usr/share/icons/Humanity-Dark/status/22/network-transmit-receive.svg
/usr/share/icons/Humanity-Dark/status/22/network-transmit.svg
/usr/share/icons/Humanity-Dark/status/22/new-messages-red.svg
/usr/share/icons/Humanity-Dark/status/22/nm-device-wired-secure.svg
/usr/share/icons/Humanity-Dark/status/22/nm-no-connection.svg
/usr/share/icons/Humanity-Dark/status/22/nm-signal-00-secure.svg
/usr/share/icons/Humanity-Dark/status/22/nm-signal-00.svg
/usr/share/icons/Humanity-Dark/status/22/nm-signal-100-secure.svg
/usr/share/icons/Humanity-Dark/status/22/nm-signal-100.svg
/usr/share/icons/Humanity-Dark/status/22/nm-signal-25-secure.svg
/usr/share/icons/Humanity-Dark/status/22/nm-signal-25.svg
/usr/share/icons/Humanity-Dark/status/22/nm-signal-50-secure.svg
/usr/share/icons/Humanity-Dark/status/22/nm-signal-50.svg
/usr/share/icons/Humanity-Dark/status/22/nm-signal-75-secure.svg
/usr/share/icons/Humanity-Dark/status/22/nm-signal-75.svg
/usr/share/icons/Humanity-Dark/status/22/rhythmbox-notplaying.svg
/usr/share/icons/Humanity-Dark/status/22/system-file-manager-panel.svg
/usr/share/icons/Humanity-Dark/status/22/transmission-tray-icon.svg
/usr/share/icons/Humanity-Dark/status/22/ubuntuone-client-idle.svg
/usr/share/icons/Humanity-Dark/status/22/user-available-panel.svg
/usr/share/icons/Humanity-Dark/status/22/user-away-panel.svg
/usr/share/icons/Humanity-Dark/status/22/user-busy-panel.svg
/usr/share/icons/Humanity-Dark/status/22/user-idle-panel.svg
/usr/share/icons/Humanity-Dark/status/22/user-invisible-panel.svg
/usr/share/icons/Humanity-Dark/status/22/user-offline-panel.svg
/usr/share/icons/Humanity-Dark/status/24
/usr/share/icons/Humanity-Dark/status/24/audio-output-none-panel.svg
/usr/share/icons/Humanity-Dark/status/24/audio-volume-high-panel.svg
/usr/share/icons/Humanity-Dark/status/24/audio-volume-high.png
/usr/share/icons/Humanity-Dark/status/24/audio-volume-high.svg
/usr/share/icons/Humanity-Dark/status/24/audio-volume-low-panel.svg
/usr/share/icons/Humanity-Dark/status/24/audio-volume-low.png
/usr/share/icons/Humanity-Dark/status/24/audio-volume-low.svg
/usr/share/icons/Humanity-Dark/status/24/audio-volume-medium-panel.svg
/usr/share/icons/Humanity-Dark/status/24/audio-volume-medium.png
/usr/share/icons/Humanity-Dark/status/24/audio-volume-medium.svg
/usr/share/icons/Humanity-Dark/status/24/audio-volume-muted-blocked-panel.svg
/usr/share/icons/Humanity-Dark/status/24/audio-volume-muted-panel.svg
/usr/share/icons/Humanity-Dark/status/24/audio-volume-muted.png
/usr/share/icons/Humanity-Dark/status/24/audio-volume-muted.svg
/usr/share/icons/Humanity-Dark/status/24/audio-volume-zero-panel.svg
/usr/share/icons/Humanity-Dark/status/24/battery_third_fourth.svg
/usr/share/icons/Humanity-Dark/status/24/battery_two_thirds.svg
/usr/share/icons/Humanity-Dark/status/24/bluetooth-active.svg
/usr/share/icons/Humanity-Dark/status/24/bluetooth-disabled.svg
/usr/share/icons/Humanity-Dark/status/24/bluetooth-paired.svg
/usr/share/icons/Humanity-Dark/status/24/gpm-ac-adapter.svg
/usr/share/icons/Humanity-Dark/status/24/gpm-battery-000-charging.svg
/usr/share/icons/Humanity-Dark/status/24/gpm-battery-000.svg
/usr/share/icons/Humanity-Dark/status/24/gpm-battery-020-charging.svg
/usr/share/icons/Humanity-Dark/status/24/gpm-battery-020.svg
/usr/share/icons/Humanity-Dark/status/24/gpm-battery-040-charging.svg
/usr/share/icons/Humanity-Dark/status/24/gpm-battery-040.svg
/usr/share/icons/Humanity-Dark/status/24/gpm-battery-060-charging.svg
/usr/share/icons/Humanity-Dark/status/24/gpm-battery-060.svg
/usr/share/icons/Humanity-Dark/status/24/gpm-battery-080-charging.svg
/usr/share/icons/Humanity-Dark/status/24/gpm-battery-080.svg
/usr/share/icons/Humanity-Dark/status/24/gpm-battery-100-charging.svg
/usr/share/icons/Humanity-Dark/status/24/gpm-battery-100.svg
/usr/share/icons/Humanity-Dark/status/24/gpm-battery-charged.svg
/usr/share/icons/Humanity-Dark/status/24/gpm-keyboard-000.svg
/usr/share/icons/Humanity-Dark/status/24/gpm-keyboard-020.svg
/usr/share/icons/Humanity-Dark/status/24/gpm-keyboard-040.svg
/usr/share/icons/Humanity-Dark/status/24/gpm-keyboard-060.svg
/usr/share/icons/Humanity-Dark/status/24/gpm-keyboard-080.svg
/usr/share/icons/Humanity-Dark/status/24/gpm-keyboard-100.svg
/usr/share/icons/Humanity-Dark/status/24/gpm-mouse-000.svg
/usr/share/icons/Humanity-Dark/status/24/gpm-mouse-020.svg
/usr/share/icons/Humanity-Dark/status/24/gpm-mouse-040.svg
/usr/share/icons/Humanity-Dark/status/24/gpm-mouse-060.svg
/usr/share/icons/Humanity-Dark/status/24/gpm-mouse-080.svg
/usr/share/icons/Humanity-Dark/status/24/gpm-mouse-100.svg
/usr/share/icons/Humanity-Dark/status/24/gpm-phone-000.svg
/usr/share/icons/Humanity-Dark/status/24/gpm-phone-020.svg
/usr/share/icons/Humanity-Dark/status/24/gpm-phone-040.svg
/usr/share/icons/Humanity-Dark/status/24/gpm-phone-060.svg
/usr/share/icons/Humanity-Dark/status/24/gpm-phone-080.svg
/usr/share/icons/Humanity-Dark/status/24/gpm-phone-100.svg
/usr/share/icons/Humanity-Dark/status/24/gsm-3g-full-secure.svg
/usr/share/icons/Humanity-Dark/status/24/gsm-3g-full.svg
/usr/share/icons/Humanity-Dark/status/24/gsm-3g-high-secure.svg
/usr/share/icons/Humanity-Dark/status/24/gsm-3g-high.svg
/usr/share/icons/Humanity-Dark/status/24/gsm-3g-low-secure.svg
/usr/share/icons/Humanity-Dark/status/24/gsm-3g-low.svg
/usr/share/icons/Humanity-Dark/status/24/gsm-3g-medium-secure.svg
/usr/share/icons/Humanity-Dark/status/24/gsm-3g-medium.svg
/usr/share/icons/Humanity-Dark/status/24/gsm-3g-none-secure.svg
/usr/share/icons/Humanity-Dark/status/24/gsm-3g-none.svg
/usr/share/icons/Humanity-Dark/status/24/gtk-dialog-authentication-panel.svg
/usr/share/icons/Humanity-Dark/status/24/ibus-keyboard.svg
/usr/share/icons/Humanity-Dark/status/24/krb-expiring-ticket.svg
/usr/share/icons/Humanity-Dark/status/24/krb-no-valid-ticket.svg
/usr/share/icons/Humanity-Dark/status/24/media-player-banshee-buffering.svg
/usr/share/icons/Humanity-Dark/status/24/media-player-banshee-panel.svg
/usr/share/icons/Humanity-Dark/status/24/media-player-banshee-stopped.svg
/usr/share/icons/Humanity-Dark/status/24/network-error.svg
/usr/share/icons/Humanity-Dark/status/24/network-offline.svg
/usr/share/icons/Humanity-Dark/status/24/network-receive.svg
/usr/share/icons/Humanity-Dark/status/24/network-transmit-receive.svg
/usr/share/icons/Humanity-Dark/status/24/network-transmit.svg
/usr/share/icons/Humanity-Dark/status/24/nm-device-wired-secure.svg
/usr/share/icons/Humanity-Dark/status/24/nm-no-connection.svg
/usr/share/icons/Humanity-Dark/status/24/nm-signal-00-secure.svg
/usr/share/icons/Humanity-Dark/status/24/nm-signal-00.svg
/usr/share/icons/Humanity-Dark/status/24/nm-signal-100-secure.svg
/usr/share/icons/Humanity-Dark/status/24/nm-signal-100.svg
/usr/share/icons/Humanity-Dark/status/24/nm-signal-25-secure.svg
/usr/share/icons/Humanity-Dark/status/24/nm-signal-25.svg
/usr/share/icons/Humanity-Dark/status/24/nm-signal-50-secure.svg
/usr/share/icons/Humanity-Dark/status/24/nm-signal-50.svg
/usr/share/icons/Humanity-Dark/status/24/nm-signal-75-secure.svg
/usr/share/icons/Humanity-Dark/status/24/nm-signal-75.svg
/usr/share/icons/Humanity-Dark/status/24/rhythmbox-notplaying.svg
/usr/share/icons/Humanity-Dark/status/24/stock_volume-0.svg
/usr/share/icons/Humanity-Dark/status/24/system-file-manager-panel.svg
/usr/share/icons/Humanity-Dark/status/24/transmission-tray-icon.svg
/usr/share/icons/Humanity-Dark/status/24/ubuntuone-client-error.svg
/usr/share/icons/Humanity-Dark/status/24/ubuntuone-client-idle.svg
/usr/share/icons/Humanity-Dark/status/24/ubuntuone-client-offline.svg
/usr/share/icons/Humanity-Dark/status/24/ubuntuone-client-updating.svg
/usr/share/icons/Humanity-Dark/status/24/user-available-panel.svg
/usr/share/icons/Humanity-Dark/status/24/user-away-panel.svg
/usr/share/icons/Humanity-Dark/status/24/user-busy-panel.svg
/usr/share/icons/Humanity-Dark/status/24/user-idle-panel.svg
/usr/share/icons/Humanity-Dark/status/24/user-invisible-panel.svg
/usr/share/icons/Humanity-Dark/status/24/user-offline-panel.svg
/usr/share/icons/Humanity-Dark/status/48
/usr/share/icons/Humanity-Dark/status/48/battery_charged.svg
/usr/share/icons/Humanity-Dark/status/48/battery_empty.svg
/usr/share/icons/Humanity-Dark/status/48/battery_full.svg
/usr/share/icons/Humanity-Dark/status/48/gpm-primary-000-charging.svg
/usr/share/icons/Humanity-Dark/status/48/gpm-primary-020-charging.svg
/usr/share/icons/Humanity-Dark/status/48/gpm-primary-020.svg
/usr/share/icons/Humanity-Dark/status/48/gpm-primary-040-charging.svg
/usr/share/icons/Humanity-Dark/status/48/gpm-primary-040.svg
/usr/share/icons/Humanity-Dark/status/48/gpm-primary-060-charging.svg
/usr/share/icons/Humanity-Dark/status/48/gpm-primary-060.svg
/usr/share/icons/Humanity-Dark/status/48/gpm-primary-080-charging.svg
/usr/share/icons/Humanity-Dark/status/48/gpm-primary-080.svg
/usr/share/icons/Humanity-Dark/status/48/gpm-primary-100-charging.svg
/usr/share/icons/Humanity-Dark/status/48/weather-clear-night.svg
/usr/share/icons/Humanity-Dark/status/48/weather-clear.svg
/usr/share/icons/Humanity-Dark/status/48/weather-clouds-night.svg
/usr/share/icons/Humanity-Dark/status/48/weather-clouds.svg
/usr/share/icons/Humanity-Dark/status/48/weather-few-clouds-night.svg
/usr/share/icons/Humanity-Dark/status/48/weather-few-clouds.svg
/usr/share/icons/Humanity-Dark/status/48/weather-fog.svg
/usr/share/icons/Humanity-Dark/status/48/weather-overcast.svg
/usr/share/icons/Humanity-Dark/status/48/weather-severe-alert.svg
/usr/share/icons/Humanity-Dark/status/48/weather-showers-scattered.svg
/usr/share/icons/Humanity-Dark/status/48/weather-showers.svg
/usr/share/icons/Humanity-Dark/status/48/weather-snow.svg
/usr/share/icons/Humanity-Dark/status/48/weather-storm.svg
/usr/share/icons/Humanity/actions/128/bookmark_add.svg
/usr/share/icons/Humanity/actions/128/bookmarks_list_add.svg
/usr/share/icons/Humanity/actions/128/editdelete.svg
/usr/share/icons/Humanity/actions/128/filenew.svg
/usr/share/icons/Humanity/actions/128/gnome-app-install-star.svg
/usr/share/icons/Humanity/actions/128/gtk-about.svg
/usr/share/icons/Humanity/actions/128/gtk-cancel.svg
/usr/share/icons/Humanity/actions/128/gtk-delete.svg
/usr/share/icons/Humanity/actions/128/gtk-media-record.svg
/usr/share/icons/Humanity/actions/128/gtk-media-stop.svg
/usr/share/icons/Humanity/actions/128/gtk-new.svg
/usr/share/icons/Humanity/actions/128/gtk-remove.svg
/usr/share/icons/Humanity/actions/128/gtk-stop.svg
/usr/share/icons/Humanity/actions/128/hint.svg
/usr/share/icons/Humanity/actions/128/hook-notifier.svg
/usr/share/icons/Humanity/actions/128/list-remove.svg
/usr/share/icons/Humanity/actions/128/player_record.svg
/usr/share/icons/Humanity/actions/128/player_stop.svg
/usr/share/icons/Humanity/actions/128/remove.svg
/usr/share/icons/Humanity/actions/128/rhythmbox-set-star.svg
/usr/share/icons/Humanity/actions/128/setroubleshoot_icon.svg
/usr/share/icons/Humanity/actions/128/stock_about.svg
/usr/share/icons/Humanity/actions/128/stock_add-bookmark.svg
/usr/share/icons/Humanity/actions/128/stock_delete.svg
/usr/share/icons/Humanity/actions/128/stock_help-add-bookmark.svg
/usr/share/icons/Humanity/actions/128/stock_media-rec.svg
/usr/share/icons/Humanity/actions/128/stock_media-stop.svg
/usr/share/icons/Humanity/actions/128/stock_navigator.svg
/usr/share/icons/Humanity/actions/128/stock_new-address-book.svg
/usr/share/icons/Humanity/actions/128/stock_new-text.svg
/usr/share/icons/Humanity/actions/128/stock_not.svg
/usr/share/icons/Humanity/actions/128/stock_stop.svg
/usr/share/icons/Humanity/actions/128/stock_view-details.svg
/usr/share/icons/Humanity/actions/128/stop.svg
/usr/share/icons/Humanity/actions/16/add.svg
/usr/share/icons/Humanity/actions/16/application-exit.svg
/usr/share/icons/Humanity/actions/16/appointment.svg
/usr/share/icons/Humanity/actions/16/back.svg
/usr/share/icons/Humanity/actions/16/bonobo-component-browser.svg
/usr/share/icons/Humanity/actions/16/bookmark_add.svg
/usr/share/icons/Humanity/actions/16/bookmarks_list_add.svg
/usr/share/icons/Humanity/actions/16/bottom.svg
/usr/share/icons/Humanity/actions/16/browser-download.svg
/usr/share/icons/Humanity/actions/16/button_cancel.svg
/usr/share/icons/Humanity/actions/16/cancel.svg
/usr/share/icons/Humanity/actions/16/dialog-cancel.svg
/usr/share/icons/Humanity/actions/16/dialog-close.svg
/usr/share/icons/Humanity/actions/16/dialog-no.svg
/usr/share/icons/Humanity/actions/16/dialog-ok.svg
/usr/share/icons/Humanity/actions/16/dialog-yes.svg
/usr/share/icons/Humanity/actions/16/down.svg
/usr/share/icons/Humanity/actions/16/edit-add.svg
/usr/share/icons/Humanity/actions/16/editclear.svg
/usr/share/icons/Humanity/actions/16/editcopy.svg
/usr/share/icons/Humanity/actions/16/editcut.svg
/usr/share/icons/Humanity/actions/16/editdelete.svg
/usr/share/icons/Humanity/actions/16/editpaste.svg
/usr/share/icons/Humanity/actions/16/epiphany-download.svg
/usr/share/icons/Humanity/actions/16/exit.svg
/usr/share/icons/Humanity/actions/16/filenew.svg
/usr/share/icons/Humanity/actions/16/fileopen.svg
/usr/share/icons/Humanity/actions/16/fileprint.svg
/usr/share/icons/Humanity/actions/16/filequickprint.svg
/usr/share/icons/Humanity/actions/16/filesave.svg
/usr/share/icons/Humanity/actions/16/filesaveas.svg
/usr/share/icons/Humanity/actions/16/folder_new.svg
/usr/share/icons/Humanity/actions/16/forward.svg
/usr/share/icons/Humanity/actions/16/gnome-app-install-star.svg
/usr/share/icons/Humanity/actions/16/gnome-lockscreen.svg
/usr/share/icons/Humanity/actions/16/gnome-log-out.svg
/usr/share/icons/Humanity/actions/16/gnome-logout.svg
/usr/share/icons/Humanity/actions/16/gnome-session-logout.svg
/usr/share/icons/Humanity/actions/16/gnome-stock-mail-fwd.svg
/usr/share/icons/Humanity/actions/16/gnome-stock-mail-new.svg
/usr/share/icons/Humanity/actions/16/gnome-stock-mail-rpl.svg
/usr/share/icons/Humanity/actions/16/gnome-stock-mail-snd.svg
/usr/share/icons/Humanity/actions/16/go-left.svg
/usr/share/icons/Humanity/actions/16/go-right.svg
/usr/share/icons/Humanity/actions/16/gohome.svg
/usr/share/icons/Humanity/actions/16/gtk-about.svg
/usr/share/icons/Humanity/actions/16/gtk-add.svg
/usr/share/icons/Humanity/actions/16/gtk-apply.svg
/usr/share/icons/Humanity/actions/16/gtk-cancel.svg
/usr/share/icons/Humanity/actions/16/gtk-clear.svg
/usr/share/icons/Humanity/actions/16/gtk-close.svg
/usr/share/icons/Humanity/actions/16/gtk-copy.svg
/usr/share/icons/Humanity/actions/16/gtk-cut.svg
/usr/share/icons/Humanity/actions/16/gtk-delete.svg
/usr/share/icons/Humanity/actions/16/gtk-fullscreen.svg
/usr/share/icons/Humanity/actions/16/gtk-go-back-ltr.svg
/usr/share/icons/Humanity/actions/16/gtk-go-back-rtl.svg
/usr/share/icons/Humanity/actions/16/gtk-go-down.svg
/usr/share/icons/Humanity/actions/16/gtk-go-forward-ltr.svg
/usr/share/icons/Humanity/actions/16/gtk-go-forward-rtl.svg
/usr/share/icons/Humanity/actions/16/gtk-go-up.svg
/usr/share/icons/Humanity/actions/16/gtk-goto-bottom.svg
/usr/share/icons/Humanity/actions/16/gtk-goto-first-ltr.svg
/usr/share/icons/Humanity/actions/16/gtk-goto-first-rtl.svg
/usr/share/icons/Humanity/actions/16/gtk-goto-last-ltr.svg
/usr/share/icons/Humanity/actions/16/gtk-goto-last-rtl.svg
/usr/share/icons/Humanity/actions/16/gtk-goto-top.svg
/usr/share/icons/Humanity/actions/16/gtk-home.svg
/usr/share/icons/Humanity/actions/16/gtk-leave-fullscreen.svg
/usr/share/icons/Humanity/actions/16/gtk-media-forward-ltr.svg
/usr/share/icons/Humanity/actions/16/gtk-media-forward-rtl.svg
/usr/share/icons/Humanity/actions/16/gtk-media-next-ltr.svg
/usr/share/icons/Humanity/actions/16/gtk-media-next-rtl.svg
/usr/share/icons/Humanity/actions/16/gtk-media-pause.svg
/usr/share/icons/Humanity/actions/16/gtk-media-play-ltr.svg
/usr/share/icons/Humanity/actions/16/gtk-media-previous-ltr.svg
/usr/share/icons/Humanity/actions/16/gtk-media-previous-rtl.svg
/usr/share/icons/Humanity/actions/16/gtk-media-record.svg
/usr/share/icons/Humanity/actions/16/gtk-media-rewind-ltr.svg
/usr/share/icons/Humanity/actions/16/gtk-media-rewind-rtl.svg
/usr/share/icons/Humanity/actions/16/gtk-media-stop.svg
/usr/share/icons/Humanity/actions/16/gtk-new.svg
/usr/share/icons/Humanity/actions/16/gtk-no.svg
/usr/share/icons/Humanity/actions/16/gtk-ok.svg
/usr/share/icons/Humanity/actions/16/gtk-open.svg
/usr/share/icons/Humanity/actions/16/gtk-paste.svg
/usr/share/icons/Humanity/actions/16/gtk-print-preview.svg
/usr/share/icons/Humanity/actions/16/gtk-print.svg
/usr/share/icons/Humanity/actions/16/gtk-properties.svg
/usr/share/icons/Humanity/actions/16/gtk-quit.svg
/usr/share/icons/Humanity/actions/16/gtk-refresh.svg
/usr/share/icons/Humanity/actions/16/gtk-remove.svg
/usr/share/icons/Humanity/actions/16/gtk-revert-to-saved-ltr.svg
/usr/share/icons/Humanity/actions/16/gtk-revert-to-saved-rtl.svg
/usr/share/icons/Humanity/actions/16/gtk-save-as.svg
/usr/share/icons/Humanity/actions/16/gtk-save.svg
/usr/share/icons/Humanity/actions/16/gtk-select-all.svg
/usr/share/icons/Humanity/actions/16/gtk-stop.svg
/usr/share/icons/Humanity/actions/16/gtk-yes.svg
/usr/share/icons/Humanity/actions/16/gtk-zoom-fit.svg
/usr/share/icons/Humanity/actions/16/hint.svg
/usr/share/icons/Humanity/actions/16/hook-notifier.svg
/usr/share/icons/Humanity/actions/16/kfm_home.svg
/usr/share/icons/Humanity/actions/16/lock.svg
/usr/share/icons/Humanity/actions/16/mail-unread.svg
/usr/share/icons/Humanity/actions/16/mail_forward.svg
/usr/share/icons/Humanity/actions/16/mail_new.svg
/usr/share/icons/Humanity/actions/16/mail_reply.svg
/usr/share/icons/Humanity/actions/16/mail_replyall.svg
/usr/share/icons/Humanity/actions/16/next.svg
/usr/share/icons/Humanity/actions/16/package-supported.svg
/usr/share/icons/Humanity/actions/16/player_eject.svg
/usr/share/icons/Humanity/actions/16/player_end.svg
/usr/share/icons/Humanity/actions/16/player_fwd.svg
/usr/share/icons/Humanity/actions/16/player_pause.svg
/usr/share/icons/Humanity/actions/16/player_play.svg
/usr/share/icons/Humanity/actions/16/player_record.svg
/usr/share/icons/Humanity/actions/16/player_rew.svg
/usr/share/icons/Humanity/actions/16/player_start.svg
/usr/share/icons/Humanity/actions/16/player_stop.svg
/usr/share/icons/Humanity/actions/16/previous.svg
/usr/share/icons/Humanity/actions/16/redhat-home.svg
/usr/share/icons/Humanity/actions/16/reload.svg
/usr/share/icons/Humanity/actions/16/reload3.svg
/usr/share/icons/Humanity/actions/16/reload_all_tabs.svg
/usr/share/icons/Humanity/actions/16/reload_page.svg
/usr/share/icons/Humanity/actions/16/remove.svg
/usr/share/icons/Humanity/actions/16/revert.svg
/usr/share/icons/Humanity/actions/16/rhythmbox-set-star.svg
/usr/share/icons/Humanity/actions/16/setroubleshoot_icon.svg
/usr/share/icons/Humanity/actions/16/start.svg
/usr/share/icons/Humanity/actions/16/stock_about.svg
/usr/share/icons/Humanity/actions/16/stock_add-bookmark.svg
/usr/share/icons/Humanity/actions/16/stock_bottom.svg
/usr/share/icons/Humanity/actions/16/stock_calc-accept.svg
/usr/share/icons/Humanity/actions/16/stock_calc-cancel.svg
/usr/share/icons/Humanity/actions/16/stock_close.svg
/usr/share/icons/Humanity/actions/16/stock_copy.svg
/usr/share/icons/Humanity/actions/16/stock_cut.svg
/usr/share/icons/Humanity/actions/16/stock_delete.svg
/usr/share/icons/Humanity/actions/16/stock_down.svg
/usr/share/icons/Humanity/actions/16/stock_edit.svg
/usr/share/icons/Humanity/actions/16/stock_exit.svg
/usr/share/icons/Humanity/actions/16/stock_file-properites.svg
/usr/share/icons/Humanity/actions/16/stock_file-properties.svg
/usr/share/icons/Humanity/actions/16/stock_first.svg
/usr/share/icons/Humanity/actions/16/stock_fullscreen.svg
/usr/share/icons/Humanity/actions/16/stock_help-add-bookmark.svg
/usr/share/icons/Humanity/actions/16/stock_home.svg
/usr/share/icons/Humanity/actions/16/stock_last.svg
/usr/share/icons/Humanity/actions/16/stock_leave-fullscreen.svg
/usr/share/icons/Humanity/actions/16/stock_left.svg
/usr/share/icons/Humanity/actions/16/stock_mail-compose.svg
/usr/share/icons/Humanity/actions/16/stock_mail-filters-apply.svg
/usr/share/icons/Humanity/actions/16/stock_mail-forward.svg
/usr/share/icons/Humanity/actions/16/stock_mail-reply-to-all.svg
/usr/share/icons/Humanity/actions/16/stock_mail-reply.svg
/usr/share/icons/Humanity/actions/16/stock_mail-send-receive.svg
/usr/share/icons/Humanity/actions/16/stock_mail-send.svg
/usr/share/icons/Humanity/actions/16/stock_mark.svg
/usr/share/icons/Humanity/actions/16/stock_media-fwd.svg
/usr/share/icons/Humanity/actions/16/stock_media-next.svg
/usr/share/icons/Humanity/actions/16/stock_media-pause.svg
/usr/share/icons/Humanity/actions/16/stock_media-play.svg
/usr/share/icons/Humanity/actions/16/stock_media-prev.svg
/usr/share/icons/Humanity/actions/16/stock_media-rec.svg
/usr/share/icons/Humanity/actions/16/stock_media-rew.svg
/usr/share/icons/Humanity/actions/16/stock_media-stop.svg
/usr/share/icons/Humanity/actions/16/stock_navigator.svg
/usr/share/icons/Humanity/actions/16/stock_new-address-book.svg
/usr/share/icons/Humanity/actions/16/stock_new-appointment.svg
/usr/share/icons/Humanity/actions/16/stock_new-dir.svg
/usr/share/icons/Humanity/actions/16/stock_new-tab.svg
/usr/share/icons/Humanity/actions/16/stock_new-text.svg
/usr/share/icons/Humanity/actions/16/stock_new-window.svg
/usr/share/icons/Humanity/actions/16/stock_no.svg
/usr/share/icons/Humanity/actions/16/stock_not.svg
/usr/share/icons/Humanity/actions/16/stock_paste.svg
/usr/share/icons/Humanity/actions/16/stock_print-preview.svg
/usr/share/icons/Humanity/actions/16/stock_print.svg
/usr/share/icons/Humanity/actions/16/stock_properties.svg
/usr/share/icons/Humanity/actions/16/stock_refresh.svg
/usr/share/icons/Humanity/actions/16/stock_right.svg
/usr/share/icons/Humanity/actions/16/stock_select-all.svg
/usr/share/icons/Humanity/actions/16/stock_stop.svg
/usr/share/icons/Humanity/actions/16/stock_top.svg
/usr/share/icons/Humanity/actions/16/stock_up.svg
/usr/share/icons/Humanity/actions/16/stock_view-details.svg
/usr/share/icons/Humanity/actions/16/stock_yes.svg
/usr/share/icons/Humanity/actions/16/stock_zoom-page.svg
/usr/share/icons/Humanity/actions/16/stop.svg
/usr/share/icons/Humanity/actions/16/system-shutdown-panel-restart.svg
/usr/share/icons/Humanity/actions/16/system-upgrade.svg
/usr/share/icons/Humanity/actions/16/tab_new.svg
/usr/share/icons/Humanity/actions/16/top.svg
/usr/share/icons/Humanity/actions/16/up.svg
/usr/share/icons/Humanity/actions/16/viewmagfit.svg
/usr/share/icons/Humanity/actions/16/window_fullscreen.svg
/usr/share/icons/Humanity/actions/16/window_new.svg
/usr/share/icons/Humanity/actions/16/window_nofullscreen.svg
/usr/share/icons/Humanity/actions/16/xfce-system-exit.svg
/usr/share/icons/Humanity/actions/16/xfce-system-lock.svg
/usr/share/icons/Humanity/actions/16/xfsm-logout.svg
/usr/share/icons/Humanity/actions/22/add.svg
/usr/share/icons/Humanity/actions/22/application-exit.svg
/usr/share/icons/Humanity/actions/22/back.svg
/usr/share/icons/Humanity/actions/22/bonobo-component-browser.svg
/usr/share/icons/Humanity/actions/22/bookmark_add.svg
/usr/share/icons/Humanity/actions/22/bookmarks_list_add.svg
/usr/share/icons/Humanity/actions/22/bottom.svg
/usr/share/icons/Humanity/actions/22/browser-download.svg
/usr/share/icons/Humanity/actions/22/button_cancel.svg
/usr/share/icons/Humanity/actions/22/cab_extract.svg
/usr/share/icons/Humanity/actions/22/cancel.svg
/usr/share/icons/Humanity/actions/22/dialog-cancel.svg
/usr/share/icons/Humanity/actions/22/dialog-close.svg
/usr/share/icons/Humanity/actions/22/dialog-no.svg
/usr/share/icons/Humanity/actions/22/dialog-ok.svg
/usr/share/icons/Humanity/actions/22/dialog-yes.svg
/usr/share/icons/Humanity/actions/22/down.svg
/usr/share/icons/Humanity/actions/22/edit-add.svg
/usr/share/icons/Humanity/actions/22/editcopy.svg
/usr/share/icons/Humanity/actions/22/editcut.svg
/usr/share/icons/Humanity/actions/22/editdelete.svg
/usr/share/icons/Humanity/actions/22/editpaste.svg
/usr/share/icons/Humanity/actions/22/epiphany-download.svg
/usr/share/icons/Humanity/actions/22/exit.svg
/usr/share/icons/Humanity/actions/22/filenew.svg
/usr/share/icons/Humanity/actions/22/fileprint.svg
/usr/share/icons/Humanity/actions/22/filequickprint.svg
/usr/share/icons/Humanity/actions/22/filesave.svg
/usr/share/icons/Humanity/actions/22/filesaveas.svg
/usr/share/icons/Humanity/actions/22/finish.svg
/usr/share/icons/Humanity/actions/22/folder_new.svg
/usr/share/icons/Humanity/actions/22/forward.svg
/usr/share/icons/Humanity/actions/22/gnome-app-install-star.svg
/usr/share/icons/Humanity/actions/22/gnome-stock-mail-fwd.svg
/usr/share/icons/Humanity/actions/22/gnome-stock-mail-new.svg
/usr/share/icons/Humanity/actions/22/gnome-stock-mail-rpl.svg
/usr/share/icons/Humanity/actions/22/gnome-stock-mail-snd.svg
/usr/share/icons/Humanity/actions/22/gohome.svg
/usr/share/icons/Humanity/actions/22/gtk-about.svg
/usr/share/icons/Humanity/actions/22/gtk-add.svg
/usr/share/icons/Humanity/actions/22/gtk-apply.svg
/usr/share/icons/Humanity/actions/22/gtk-cancel.svg
/usr/share/icons/Humanity/actions/22/gtk-close.svg
/usr/share/icons/Humanity/actions/22/gtk-copy.svg
/usr/share/icons/Humanity/actions/22/gtk-cut.svg
/usr/share/icons/Humanity/actions/22/gtk-delete.svg
/usr/share/icons/Humanity/actions/22/gtk-fullscreen.svg
/usr/share/icons/Humanity/actions/22/gtk-go-back-ltr.svg
/usr/share/icons/Humanity/actions/22/gtk-go-back-rtl.svg
/usr/share/icons/Humanity/actions/22/gtk-go-down.svg
/usr/share/icons/Humanity/actions/22/gtk-go-forward-ltr.svg
/usr/share/icons/Humanity/actions/22/gtk-go-forward-rtl.svg
/usr/share/icons/Humanity/actions/22/gtk-go-up.svg
/usr/share/icons/Humanity/actions/22/gtk-goto-bottom.svg
/usr/share/icons/Humanity/actions/22/gtk-goto-first-ltr.svg
/usr/share/icons/Humanity/actions/22/gtk-goto-first-rtl.svg
/usr/share/icons/Humanity/actions/22/gtk-goto-last-ltr.svg
/usr/share/icons/Humanity/actions/22/gtk-goto-last-rtl.svg
/usr/share/icons/Humanity/actions/22/gtk-goto-top.svg
/usr/share/icons/Humanity/actions/22/gtk-home.svg
/usr/share/icons/Humanity/actions/22/gtk-jump-to-ltr.svg
/usr/share/icons/Humanity/actions/22/gtk-jump-to-rtl.svg
/usr/share/icons/Humanity/actions/22/gtk-leave-fullscreen.svg
/usr/share/icons/Humanity/actions/22/gtk-media-forward-ltr.svg
/usr/share/icons/Humanity/actions/22/gtk-media-forward-rtl.svg
/usr/share/icons/Humanity/actions/22/gtk-media-next-ltr.svg
/usr/share/icons/Humanity/actions/22/gtk-media-next-rtl.svg
/usr/share/icons/Humanity/actions/22/gtk-media-pause.svg
/usr/share/icons/Humanity/actions/22/gtk-media-play-ltr.svg
/usr/share/icons/Humanity/actions/22/gtk-media-previous-ltr.svg
/usr/share/icons/Humanity/actions/22/gtk-media-previous-rtl.svg
/usr/share/icons/Humanity/actions/22/gtk-media-record.svg
/usr/share/icons/Humanity/actions/22/gtk-media-rewind-ltr.svg
/usr/share/icons/Humanity/actions/22/gtk-media-rewind-rtl.svg
/usr/share/icons/Humanity/actions/22/gtk-media-stop.svg
/usr/share/icons/Humanity/actions/22/gtk-new.svg
/usr/share/icons/Humanity/actions/22/gtk-no.svg
/usr/share/icons/Humanity/actions/22/gtk-ok.svg
/usr/share/icons/Humanity/actions/22/gtk-paste.svg
/usr/share/icons/Humanity/actions/22/gtk-print-preview.svg
/usr/share/icons/Humanity/actions/22/gtk-print.svg
/usr/share/icons/Humanity/actions/22/gtk-properties.svg
/usr/share/icons/Humanity/actions/22/gtk-quit.svg
/usr/share/icons/Humanity/actions/22/gtk-redo-ltr.svg
/usr/share/icons/Humanity/actions/22/gtk-refresh.svg
/usr/share/icons/Humanity/actions/22/gtk-remove.svg
/usr/share/icons/Humanity/actions/22/gtk-revert-to-saved-ltr.svg
/usr/share/icons/Humanity/actions/22/gtk-revert-to-saved-rtl.svg
/usr/share/icons/Humanity/actions/22/gtk-save-as.svg
/usr/share/icons/Humanity/actions/22/gtk-save.svg
/usr/share/icons/Humanity/actions/22/gtk-select-all.svg
/usr/share/icons/Humanity/actions/22/gtk-stop.svg
/usr/share/icons/Humanity/actions/22/gtk-undo-ltr.svg
/usr/share/icons/Humanity/actions/22/gtk-yes.svg
/usr/share/icons/Humanity/actions/22/hint.svg
/usr/share/icons/Humanity/actions/22/hook-notifier.svg
/usr/share/icons/Humanity/actions/22/kfm_home.svg
/usr/share/icons/Humanity/actions/22/mail-unread.svg
/usr/share/icons/Humanity/actions/22/mail_forward.svg
/usr/share/icons/Humanity/actions/22/mail_new.svg
/usr/share/icons/Humanity/actions/22/mail_reply.svg
/usr/share/icons/Humanity/actions/22/mail_replyall.svg
/usr/share/icons/Humanity/actions/22/next.svg
/usr/share/icons/Humanity/actions/22/player_eject.svg
/usr/share/icons/Humanity/actions/22/player_end.svg
/usr/share/icons/Humanity/actions/22/player_fwd.svg
/usr/share/icons/Humanity/actions/22/player_pause.svg
/usr/share/icons/Humanity/actions/22/player_play.svg
/usr/share/icons/Humanity/actions/22/player_record.svg
/usr/share/icons/Humanity/actions/22/player_rew.svg
/usr/share/icons/Humanity/actions/22/player_start.svg
/usr/share/icons/Humanity/actions/22/player_stop.svg
/usr/share/icons/Humanity/actions/22/previous.svg
/usr/share/icons/Humanity/actions/22/redhat-home.svg
/usr/share/icons/Humanity/actions/22/redo.svg
/usr/share/icons/Humanity/actions/22/reload.svg
/usr/share/icons/Humanity/actions/22/reload3.svg
/usr/share/icons/Humanity/actions/22/reload_all_tabs.svg
/usr/share/icons/Humanity/actions/22/reload_page.svg
/usr/share/icons/Humanity/actions/22/remove.svg
/usr/share/icons/Humanity/actions/22/revert.svg
/usr/share/icons/Humanity/actions/22/rhythmbox-set-star.svg
/usr/share/icons/Humanity/actions/22/setroubleshoot_icon.svg
/usr/share/icons/Humanity/actions/22/start.svg
/usr/share/icons/Humanity/actions/22/stock_about.svg
/usr/share/icons/Humanity/actions/22/stock_add-bookmark.svg
/usr/share/icons/Humanity/actions/22/stock_bottom.svg
/usr/share/icons/Humanity/actions/22/stock_calc-accept.svg
/usr/share/icons/Humanity/actions/22/stock_calc-cancel.svg
/usr/share/icons/Humanity/actions/22/stock_close.svg
/usr/share/icons/Humanity/actions/22/stock_copy.svg
/usr/share/icons/Humanity/actions/22/stock_cut.svg
/usr/share/icons/Humanity/actions/22/stock_delete.svg
/usr/share/icons/Humanity/actions/22/stock_down.svg
/usr/share/icons/Humanity/actions/22/stock_edit.svg
/usr/share/icons/Humanity/actions/22/stock_exit.svg
/usr/share/icons/Humanity/actions/22/stock_file-properites.svg
/usr/share/icons/Humanity/actions/22/stock_file-properties.svg
/usr/share/icons/Humanity/actions/22/stock_first.svg
/usr/share/icons/Humanity/actions/22/stock_folder-copy.svg
/usr/share/icons/Humanity/actions/22/stock_folder-move.svg
/usr/share/icons/Humanity/actions/22/stock_fullscreen.svg
/usr/share/icons/Humanity/actions/22/stock_help-add-bookmark.svg
/usr/share/icons/Humanity/actions/22/stock_home.svg
/usr/share/icons/Humanity/actions/22/stock_last.svg
/usr/share/icons/Humanity/actions/22/stock_leave-fullscreen.svg
/usr/share/icons/Humanity/actions/22/stock_left.svg
/usr/share/icons/Humanity/actions/22/stock_mail-compose.svg
/usr/share/icons/Humanity/actions/22/stock_mail-filters-apply.svg
/usr/share/icons/Humanity/actions/22/stock_mail-forward.svg
/usr/share/icons/Humanity/actions/22/stock_mail-reply-to-all.svg
/usr/share/icons/Humanity/actions/22/stock_mail-reply.svg
/usr/share/icons/Humanity/actions/22/stock_mail-send-receive.svg
/usr/share/icons/Humanity/actions/22/stock_mail-send.svg
/usr/share/icons/Humanity/actions/22/stock_mark.svg
/usr/share/icons/Humanity/actions/22/stock_media-fwd.svg
/usr/share/icons/Humanity/actions/22/stock_media-next.svg
/usr/share/icons/Humanity/actions/22/stock_media-pause.svg
/usr/share/icons/Humanity/actions/22/stock_media-play.svg
/usr/share/icons/Humanity/actions/22/stock_media-prev.svg
/usr/share/icons/Humanity/actions/22/stock_media-rec.svg
/usr/share/icons/Humanity/actions/22/stock_media-rew.svg
/usr/share/icons/Humanity/actions/22/stock_media-stop.svg
/usr/share/icons/Humanity/actions/22/stock_navigator.svg
/usr/share/icons/Humanity/actions/22/stock_new-address-book.svg
/usr/share/icons/Humanity/actions/22/stock_new-appointment.svg
/usr/share/icons/Humanity/actions/22/stock_new-bcard.svg
/usr/share/icons/Humanity/actions/22/stock_new-dir.svg
/usr/share/icons/Humanity/actions/22/stock_new-tab.svg
/usr/share/icons/Humanity/actions/22/stock_new-text.svg
/usr/share/icons/Humanity/actions/22/stock_new-window.svg
/usr/share/icons/Humanity/actions/22/stock_no.svg
/usr/share/icons/Humanity/actions/22/stock_not.svg
/usr/share/icons/Humanity/actions/22/stock_paste.svg
/usr/share/icons/Humanity/actions/22/stock_print-preview.svg
/usr/share/icons/Humanity/actions/22/stock_print-setup.svg
/usr/share/icons/Humanity/actions/22/stock_print.svg
/usr/share/icons/Humanity/actions/22/stock_properties.svg
/usr/share/icons/Humanity/actions/22/stock_redo.svg
/usr/share/icons/Humanity/actions/22/stock_refresh.svg
/usr/share/icons/Humanity/actions/22/stock_right.svg
/usr/share/icons/Humanity/actions/22/stock_save-as.svg
/usr/share/icons/Humanity/actions/22/stock_save.svg
/usr/share/icons/Humanity/actions/22/stock_select-all.svg
/usr/share/icons/Humanity/actions/22/stock_stop.svg
/usr/share/icons/Humanity/actions/22/stock_top.svg
/usr/share/icons/Humanity/actions/22/stock_undo.svg
/usr/share/icons/Humanity/actions/22/stock_up.svg
/usr/share/icons/Humanity/actions/22/stock_view-details.svg
/usr/share/icons/Humanity/actions/22/stock_yes.svg
/usr/share/icons/Humanity/actions/22/stop.svg
/usr/share/icons/Humanity/actions/22/system-upgrade.svg
/usr/share/icons/Humanity/actions/22/tab_new.svg
/usr/share/icons/Humanity/actions/22/top.svg
/usr/share/icons/Humanity/actions/22/undo.svg
/usr/share/icons/Humanity/actions/22/up.svg
/usr/share/icons/Humanity/actions/22/window_fullscreen.svg
/usr/share/icons/Humanity/actions/22/window_new.svg
/usr/share/icons/Humanity/actions/22/window_nofullscreen.svg
/usr/share/icons/Humanity/actions/22/xfce-system-exit.svg
/usr/share/icons/Humanity/actions/24/add-files-to-archive.svg
/usr/share/icons/Humanity/actions/24/add-folder-to-archive.svg
/usr/share/icons/Humanity/actions/24/add.svg
/usr/share/icons/Humanity/actions/24/application-exit.svg
/usr/share/icons/Humanity/actions/24/appointment.svg
/usr/share/icons/Humanity/actions/24/back.svg
/usr/share/icons/Humanity/actions/24/bonobo-component-browser.svg
/usr/share/icons/Humanity/actions/24/bookmark_add.svg
/usr/share/icons/Humanity/actions/24/bookmarks_list_add.svg
/usr/share/icons/Humanity/actions/24/bottom.svg
/usr/share/icons/Humanity/actions/24/browser-download.svg
/usr/share/icons/Humanity/actions/24/button_cancel.svg
/usr/share/icons/Humanity/actions/24/cab_extract.svg
/usr/share/icons/Humanity/actions/24/cancel.svg
/usr/share/icons/Humanity/actions/24/dialog-cancel.svg
/usr/share/icons/Humanity/actions/24/dialog-close.svg
/usr/share/icons/Humanity/actions/24/dialog-no.svg
/usr/share/icons/Humanity/actions/24/dialog-ok.svg
/usr/share/icons/Humanity/actions/24/dialog-yes.svg
/usr/share/icons/Humanity/actions/24/down.svg
/usr/share/icons/Humanity/actions/24/edit-add.svg
/usr/share/icons/Humanity/actions/24/editclear.svg
/usr/share/icons/Humanity/actions/24/editcopy.svg
/usr/share/icons/Humanity/actions/24/editcut.svg
/usr/share/icons/Humanity/actions/24/editdelete.svg
/usr/share/icons/Humanity/actions/24/editpaste.svg
/usr/share/icons/Humanity/actions/24/epiphany-download.svg
/usr/share/icons/Humanity/actions/24/exit.svg
/usr/share/icons/Humanity/actions/24/filenew.svg
/usr/share/icons/Humanity/actions/24/fileopen.svg
/usr/share/icons/Humanity/actions/24/fileprint.svg
/usr/share/icons/Humanity/actions/24/filequickprint.svg
/usr/share/icons/Humanity/actions/24/filesave.svg
/usr/share/icons/Humanity/actions/24/filesaveas.svg
/usr/share/icons/Humanity/actions/24/finish.svg
/usr/share/icons/Humanity/actions/24/folder_new.svg
/usr/share/icons/Humanity/actions/24/forward.svg
/usr/share/icons/Humanity/actions/24/gnome-app-install-star.svg
/usr/share/icons/Humanity/actions/24/gnome-lockscreen.svg
/usr/share/icons/Humanity/actions/24/gnome-log-out.svg
/usr/share/icons/Humanity/actions/24/gnome-logout.svg
/usr/share/icons/Humanity/actions/24/gnome-run.svg
/usr/share/icons/Humanity/actions/24/gnome-session-logout.svg
/usr/share/icons/Humanity/actions/24/gnome-stock-mail-fwd.svg
/usr/share/icons/Humanity/actions/24/gnome-stock-mail-new.svg
/usr/share/icons/Humanity/actions/24/gnome-stock-mail-rpl.svg
/usr/share/icons/Humanity/actions/24/gnome-stock-mail-snd.svg
/usr/share/icons/Humanity/actions/24/gohome.svg
/usr/share/icons/Humanity/actions/24/gtk-about.svg
/usr/share/icons/Humanity/actions/24/gtk-add.svg
/usr/share/icons/Humanity/actions/24/gtk-apply.svg
/usr/share/icons/Humanity/actions/24/gtk-cancel.svg
/usr/share/icons/Humanity/actions/24/gtk-clear.svg
/usr/share/icons/Humanity/actions/24/gtk-close.svg
/usr/share/icons/Humanity/actions/24/gtk-copy.svg
/usr/share/icons/Humanity/actions/24/gtk-cut.svg
/usr/share/icons/Humanity/actions/24/gtk-delete.svg
/usr/share/icons/Humanity/actions/24/gtk-execute.svg
/usr/share/icons/Humanity/actions/24/gtk-fullscreen.svg
/usr/share/icons/Humanity/actions/24/gtk-go-back-ltr.svg
/usr/share/icons/Humanity/actions/24/gtk-go-back-rtl.svg
/usr/share/icons/Humanity/actions/24/gtk-go-down.svg
/usr/share/icons/Humanity/actions/24/gtk-go-forward-ltr.svg
/usr/share/icons/Humanity/actions/24/gtk-go-forward-rtl.svg
/usr/share/icons/Humanity/actions/24/gtk-go-up.svg
/usr/share/icons/Humanity/actions/24/gtk-goto-bottom.svg
/usr/share/icons/Humanity/actions/24/gtk-goto-first-ltr.svg
/usr/share/icons/Humanity/actions/24/gtk-goto-first-rtl.svg
/usr/share/icons/Humanity/actions/24/gtk-goto-last-ltr.svg
/usr/share/icons/Humanity/actions/24/gtk-goto-last-rtl.svg
/usr/share/icons/Humanity/actions/24/gtk-goto-top.svg
/usr/share/icons/Humanity/actions/24/gtk-home.svg
/usr/share/icons/Humanity/actions/24/gtk-jump-to-ltr.svg
/usr/share/icons/Humanity/actions/24/gtk-jump-to-rtl.svg
/usr/share/icons/Humanity/actions/24/gtk-leave-fullscreen.svg
/usr/share/icons/Humanity/actions/24/gtk-media-forward-ltr.svg
/usr/share/icons/Humanity/actions/24/gtk-media-forward-rtl.svg
/usr/share/icons/Humanity/actions/24/gtk-media-next-ltr.svg
/usr/share/icons/Humanity/actions/24/gtk-media-next-rtl.svg
/usr/share/icons/Humanity/actions/24/gtk-media-pause.svg
/usr/share/icons/Humanity/actions/24/gtk-media-play-ltr.svg
/usr/share/icons/Humanity/actions/24/gtk-media-previous-ltr.svg
/usr/share/icons/Humanity/actions/24/gtk-media-previous-rtl.svg
/usr/share/icons/Humanity/actions/24/gtk-media-record.svg
/usr/share/icons/Humanity/actions/24/gtk-media-rewind-ltr.svg
/usr/share/icons/Humanity/actions/24/gtk-media-rewind-rtl.svg
/usr/share/icons/Humanity/actions/24/gtk-media-stop.svg
/usr/share/icons/Humanity/actions/24/gtk-new.svg
/usr/share/icons/Humanity/actions/24/gtk-no.svg
/usr/share/icons/Humanity/actions/24/gtk-ok.svg
/usr/share/icons/Humanity/actions/24/gtk-open.svg
/usr/share/icons/Humanity/actions/24/gtk-paste.svg
/usr/share/icons/Humanity/actions/24/gtk-print-preview.svg
/usr/share/icons/Humanity/actions/24/gtk-print.svg
/usr/share/icons/Humanity/actions/24/gtk-properties.svg
/usr/share/icons/Humanity/actions/24/gtk-quit.svg
/usr/share/icons/Humanity/actions/24/gtk-redo-ltr.svg
/usr/share/icons/Humanity/actions/24/gtk-refresh.svg
/usr/share/icons/Humanity/actions/24/gtk-remove.svg
/usr/share/icons/Humanity/actions/24/gtk-revert-to-saved-ltr.svg
/usr/share/icons/Humanity/actions/24/gtk-revert-to-saved-rtl.svg
/usr/share/icons/Humanity/actions/24/gtk-save-as.svg
/usr/share/icons/Humanity/actions/24/gtk-save.svg
/usr/share/icons/Humanity/actions/24/gtk-select-all.svg
/usr/share/icons/Humanity/actions/24/gtk-stop.svg
/usr/share/icons/Humanity/actions/24/gtk-undo-ltr.svg
/usr/share/icons/Humanity/actions/24/gtk-yes.svg
/usr/share/icons/Humanity/actions/24/hint.svg
/usr/share/icons/Humanity/actions/24/hook-notifier.svg
/usr/share/icons/Humanity/actions/24/kfm_home.svg
/usr/share/icons/Humanity/actions/24/lock.svg
/usr/share/icons/Humanity/actions/24/mail-unread.svg
/usr/share/icons/Humanity/actions/24/mail_forward.svg
/usr/share/icons/Humanity/actions/24/mail_new.svg
/usr/share/icons/Humanity/actions/24/mail_reply.svg
/usr/share/icons/Humanity/actions/24/mail_replyall.svg
/usr/share/icons/Humanity/actions/24/next.svg
/usr/share/icons/Humanity/actions/24/player_eject.svg
/usr/share/icons/Humanity/actions/24/player_end.svg
/usr/share/icons/Humanity/actions/24/player_fwd.svg
/usr/share/icons/Humanity/actions/24/player_pause.svg
/usr/share/icons/Humanity/actions/24/player_play.svg
/usr/share/icons/Humanity/actions/24/player_record.svg
/usr/share/icons/Humanity/actions/24/player_rew.svg
/usr/share/icons/Humanity/actions/24/player_start.svg
/usr/share/icons/Humanity/actions/24/player_stop.svg
/usr/share/icons/Humanity/actions/24/previous.svg
/usr/share/icons/Humanity/actions/24/redhat-home.svg
/usr/share/icons/Humanity/actions/24/redo.svg
/usr/share/icons/Humanity/actions/24/reload.svg
/usr/share/icons/Humanity/actions/24/reload3.svg
/usr/share/icons/Humanity/actions/24/reload_all_tabs.svg
/usr/share/icons/Humanity/actions/24/reload_page.svg
/usr/share/icons/Humanity/actions/24/remove.svg
/usr/share/icons/Humanity/actions/24/revert.svg
/usr/share/icons/Humanity/actions/24/rhythmbox-set-star.svg
/usr/share/icons/Humanity/actions/24/setroubleshoot_icon.svg
/usr/share/icons/Humanity/actions/24/start.svg
/usr/share/icons/Humanity/actions/24/stock_about.svg
/usr/share/icons/Humanity/actions/24/stock_add-bookmark.svg
/usr/share/icons/Humanity/actions/24/stock_bottom.svg
/usr/share/icons/Humanity/actions/24/stock_calc-accept.svg
/usr/share/icons/Humanity/actions/24/stock_calc-cancel.svg
/usr/share/icons/Humanity/actions/24/stock_close.svg
/usr/share/icons/Humanity/actions/24/stock_copy.svg
/usr/share/icons/Humanity/actions/24/stock_cut.svg
/usr/share/icons/Humanity/actions/24/stock_delete.svg
/usr/share/icons/Humanity/actions/24/stock_down.svg
/usr/share/icons/Humanity/actions/24/stock_edit.svg
/usr/share/icons/Humanity/actions/24/stock_exit.svg
/usr/share/icons/Humanity/actions/24/stock_file-properites.svg
/usr/share/icons/Humanity/actions/24/stock_file-properties.svg
/usr/share/icons/Humanity/actions/24/stock_first.svg
/usr/share/icons/Humanity/actions/24/stock_folder-copy.svg
/usr/share/icons/Humanity/actions/24/stock_folder-move.svg
/usr/share/icons/Humanity/actions/24/stock_folder-properties.svg
/usr/share/icons/Humanity/actions/24/stock_folder_properties.svg
/usr/share/icons/Humanity/actions/24/stock_fullscreen.svg
/usr/share/icons/Humanity/actions/24/stock_help-add-bookmark.svg
/usr/share/icons/Humanity/actions/24/stock_home.svg
/usr/share/icons/Humanity/actions/24/stock_last.svg
/usr/share/icons/Humanity/actions/24/stock_leave-fullscreen.svg
/usr/share/icons/Humanity/actions/24/stock_left.svg
/usr/share/icons/Humanity/actions/24/stock_mail-compose.svg
/usr/share/icons/Humanity/actions/24/stock_mail-filters-apply.svg
/usr/share/icons/Humanity/actions/24/stock_mail-forward.svg
/usr/share/icons/Humanity/actions/24/stock_mail-reply-to-all.svg
/usr/share/icons/Humanity/actions/24/stock_mail-reply.svg
/usr/share/icons/Humanity/actions/24/stock_mail-send-receive.svg
/usr/share/icons/Humanity/actions/24/stock_mail-send.svg
/usr/share/icons/Humanity/actions/24/stock_mark.svg
/usr/share/icons/Humanity/actions/24/stock_media-fwd.svg
/usr/share/icons/Humanity/actions/24/stock_media-next.svg
/usr/share/icons/Humanity/actions/24/stock_media-pause.svg
/usr/share/icons/Humanity/actions/24/stock_media-play.svg
/usr/share/icons/Humanity/actions/24/stock_media-prev.svg
/usr/share/icons/Humanity/actions/24/stock_media-rec.svg
/usr/share/icons/Humanity/actions/24/stock_media-rew.svg
/usr/share/icons/Humanity/actions/24/stock_media-stop.svg
/usr/share/icons/Humanity/actions/24/stock_navigator.svg
/usr/share/icons/Humanity/actions/24/stock_new-address-book.svg
/usr/share/icons/Humanity/actions/24/stock_new-appointment.svg
/usr/share/icons/Humanity/actions/24/stock_new-bcard.svg
/usr/share/icons/Humanity/actions/24/stock_new-dir.svg
/usr/share/icons/Humanity/actions/24/stock_new-tab.svg
/usr/share/icons/Humanity/actions/24/stock_new-text.svg
/usr/share/icons/Humanity/actions/24/stock_new-window.svg
/usr/share/icons/Humanity/actions/24/stock_no.svg
/usr/share/icons/Humanity/actions/24/stock_not.svg
/usr/share/icons/Humanity/actions/24/stock_paste.svg
/usr/share/icons/Humanity/actions/24/stock_print-preview.svg
/usr/share/icons/Humanity/actions/24/stock_print-setup.svg
/usr/share/icons/Humanity/actions/24/stock_print.svg
/usr/share/icons/Humanity/actions/24/stock_properties.svg
/usr/share/icons/Humanity/actions/24/stock_redo.svg
/usr/share/icons/Humanity/actions/24/stock_refresh.svg
/usr/share/icons/Humanity/actions/24/stock_right.svg
/usr/share/icons/Humanity/actions/24/stock_save-as.svg
/usr/share/icons/Humanity/actions/24/stock_save.svg
/usr/share/icons/Humanity/actions/24/stock_select-all.svg
/usr/share/icons/Humanity/actions/24/stock_stop.svg
/usr/share/icons/Humanity/actions/24/stock_top.svg
/usr/share/icons/Humanity/actions/24/stock_undo.svg
/usr/share/icons/Humanity/actions/24/stock_up.svg
/usr/share/icons/Humanity/actions/24/stock_view-details.svg
/usr/share/icons/Humanity/actions/24/stock_yes.svg
/usr/share/icons/Humanity/actions/24/stop.svg
/usr/share/icons/Humanity/actions/24/system-upgrade.svg
/usr/share/icons/Humanity/actions/24/tab_new.svg
/usr/share/icons/Humanity/actions/24/top.svg
/usr/share/icons/Humanity/actions/24/undo.svg
/usr/share/icons/Humanity/actions/24/up.svg
/usr/share/icons/Humanity/actions/24/window_fullscreen.svg
/usr/share/icons/Humanity/actions/24/window_new.svg
/usr/share/icons/Humanity/actions/24/window_nofullscreen.svg
/usr/share/icons/Humanity/actions/24/xfce-system-exit.svg
/usr/share/icons/Humanity/actions/24/xfce-system-lock.svg
/usr/share/icons/Humanity/actions/24/xfsm-logout.svg
/usr/share/icons/Humanity/actions/32/add.svg
/usr/share/icons/Humanity/actions/32/application-exit.svg
/usr/share/icons/Humanity/actions/32/bonobo-component-browser.svg
/usr/share/icons/Humanity/actions/32/bookmark_add.svg
/usr/share/icons/Humanity/actions/32/bookmarks_list_add.svg
/usr/share/icons/Humanity/actions/32/edit-add.svg
/usr/share/icons/Humanity/actions/32/editdelete.svg
/usr/share/icons/Humanity/actions/32/exit.svg
/usr/share/icons/Humanity/actions/32/filenew.svg
/usr/share/icons/Humanity/actions/32/gnome-app-install-star.svg
/usr/share/icons/Humanity/actions/32/gnome-lockscreen.svg
/usr/share/icons/Humanity/actions/32/gnome-log-out.svg
/usr/share/icons/Humanity/actions/32/gnome-logout.svg
/usr/share/icons/Humanity/actions/32/gnome-session-logout.svg
/usr/share/icons/Humanity/actions/32/gtk-about.svg
/usr/share/icons/Humanity/actions/32/gtk-add.svg
/usr/share/icons/Humanity/actions/32/gtk-cancel.svg
/usr/share/icons/Humanity/actions/32/gtk-delete.svg
/usr/share/icons/Humanity/actions/32/gtk-fullscreen.svg
/usr/share/icons/Humanity/actions/32/gtk-leave-fullscreen.svg
/usr/share/icons/Humanity/actions/32/gtk-media-record.svg
/usr/share/icons/Humanity/actions/32/gtk-media-stop.svg
/usr/share/icons/Humanity/actions/32/gtk-new.svg
/usr/share/icons/Humanity/actions/32/gtk-properties.svg
/usr/share/icons/Humanity/actions/32/gtk-quit.svg
/usr/share/icons/Humanity/actions/32/gtk-remove.svg
/usr/share/icons/Humanity/actions/32/gtk-stop.svg
/usr/share/icons/Humanity/actions/32/hint.svg
/usr/share/icons/Humanity/actions/32/hook-notifier.svg
/usr/share/icons/Humanity/actions/32/lock.svg
/usr/share/icons/Humanity/actions/32/player_record.svg
/usr/share/icons/Humanity/actions/32/player_stop.svg
/usr/share/icons/Humanity/actions/32/remove.svg
/usr/share/icons/Humanity/actions/32/rhythmbox-set-star.svg
/usr/share/icons/Humanity/actions/32/setroubleshoot_icon.svg
/usr/share/icons/Humanity/actions/32/stock_about.svg
/usr/share/icons/Humanity/actions/32/stock_add-bookmark.svg
/usr/share/icons/Humanity/actions/32/stock_delete.svg
/usr/share/icons/Humanity/actions/32/stock_exit.svg
/usr/share/icons/Humanity/actions/32/stock_file-properites.svg
/usr/share/icons/Humanity/actions/32/stock_file-properties.svg
/usr/share/icons/Humanity/actions/32/stock_fullscreen.svg
/usr/share/icons/Humanity/actions/32/stock_help-add-bookmark.svg
/usr/share/icons/Humanity/actions/32/stock_leave-fullscreen.svg
/usr/share/icons/Humanity/actions/32/stock_media-rec.svg
/usr/share/icons/Humanity/actions/32/stock_media-stop.svg
/usr/share/icons/Humanity/actions/32/stock_navigator.svg
/usr/share/icons/Humanity/actions/32/stock_new-address-book.svg
/usr/share/icons/Humanity/actions/32/stock_new-text.svg
/usr/share/icons/Humanity/actions/32/stock_not.svg
/usr/share/icons/Humanity/actions/32/stock_properties.svg
/usr/share/icons/Humanity/actions/32/stock_stop.svg
/usr/share/icons/Humanity/actions/32/stock_view-details.svg
/usr/share/icons/Humanity/actions/32/stop.svg
/usr/share/icons/Humanity/actions/32/system-upgrade.svg
/usr/share/icons/Humanity/actions/32/window_fullscreen.svg
/usr/share/icons/Humanity/actions/32/window_nofullscreen.svg
/usr/share/icons/Humanity/actions/32/xfce-system-exit.svg
/usr/share/icons/Humanity/actions/32/xfce-system-lock.svg
/usr/share/icons/Humanity/actions/32/xfsm-logout.svg
/usr/share/icons/Humanity/actions/48/add-files-to-archive.svg
/usr/share/icons/Humanity/actions/48/add-folder-to-archive.svg
/usr/share/icons/Humanity/actions/48/add.svg
/usr/share/icons/Humanity/actions/48/application-exit.svg
/usr/share/icons/Humanity/actions/48/appointment.svg
/usr/share/icons/Humanity/actions/48/back.svg
/usr/share/icons/Humanity/actions/48/bonobo-component-browser.svg
/usr/share/icons/Humanity/actions/48/bookmark_add.svg
/usr/share/icons/Humanity/actions/48/bookmarks_list_add.svg
/usr/share/icons/Humanity/actions/48/bottom.svg
/usr/share/icons/Humanity/actions/48/browser-download.svg
/usr/share/icons/Humanity/actions/48/button_cancel.svg
/usr/share/icons/Humanity/actions/48/cab_extract.svg
/usr/share/icons/Humanity/actions/48/calibrate.svg
/usr/share/icons/Humanity/actions/48/cancel.svg
/usr/share/icons/Humanity/actions/48/dialog-cancel.svg
/usr/share/icons/Humanity/actions/48/dialog-close.svg
/usr/share/icons/Humanity/actions/48/dialog-no.svg
/usr/share/icons/Humanity/actions/48/dialog-ok.svg
/usr/share/icons/Humanity/actions/48/dialog-yes.svg
/usr/share/icons/Humanity/actions/48/down.svg
/usr/share/icons/Humanity/actions/48/edit-add.svg
/usr/share/icons/Humanity/actions/48/editclear.svg
/usr/share/icons/Humanity/actions/48/editcopy.svg
/usr/share/icons/Humanity/actions/48/editcut.svg
/usr/share/icons/Humanity/actions/48/editdelete.svg
/usr/share/icons/Humanity/actions/48/editpaste.svg
/usr/share/icons/Humanity/actions/48/epiphany-download.svg
/usr/share/icons/Humanity/actions/48/exit.svg
/usr/share/icons/Humanity/actions/48/filenew.svg
/usr/share/icons/Humanity/actions/48/fileopen.svg
/usr/share/icons/Humanity/actions/48/fileprint.svg
/usr/share/icons/Humanity/actions/48/filequickprint.svg
/usr/share/icons/Humanity/actions/48/filesave.svg
/usr/share/icons/Humanity/actions/48/filesaveas.svg
/usr/share/icons/Humanity/actions/48/finish.svg
/usr/share/icons/Humanity/actions/48/folder_new.svg
/usr/share/icons/Humanity/actions/48/forward.svg
/usr/share/icons/Humanity/actions/48/gnome-app-install-star.svg
/usr/share/icons/Humanity/actions/48/gnome-lockscreen.svg
/usr/share/icons/Humanity/actions/48/gnome-log-out.svg
/usr/share/icons/Humanity/actions/48/gnome-logout.svg
/usr/share/icons/Humanity/actions/48/gnome-run.svg
/usr/share/icons/Humanity/actions/48/gnome-session-logout.svg
/usr/share/icons/Humanity/actions/48/gohome.svg
/usr/share/icons/Humanity/actions/48/gtk-about.svg
/usr/share/icons/Humanity/actions/48/gtk-add.svg
/usr/share/icons/Humanity/actions/48/gtk-apply.svg
/usr/share/icons/Humanity/actions/48/gtk-cancel.svg
/usr/share/icons/Humanity/actions/48/gtk-clear.svg
/usr/share/icons/Humanity/actions/48/gtk-close.svg
/usr/share/icons/Humanity/actions/48/gtk-copy.svg
/usr/share/icons/Humanity/actions/48/gtk-cut.svg
/usr/share/icons/Humanity/actions/48/gtk-delete.svg
/usr/share/icons/Humanity/actions/48/gtk-execute.svg
/usr/share/icons/Humanity/actions/48/gtk-fullscreen.svg
/usr/share/icons/Humanity/actions/48/gtk-go-back-ltr.svg
/usr/share/icons/Humanity/actions/48/gtk-go-back-rtl.svg
/usr/share/icons/Humanity/actions/48/gtk-go-down.svg
/usr/share/icons/Humanity/actions/48/gtk-go-forward-ltr.svg
/usr/share/icons/Humanity/actions/48/gtk-go-forward-rtl.svg
/usr/share/icons/Humanity/actions/48/gtk-go-up.svg
/usr/share/icons/Humanity/actions/48/gtk-goto-bottom.svg
/usr/share/icons/Humanity/actions/48/gtk-goto-first-ltr.svg
/usr/share/icons/Humanity/actions/48/gtk-goto-first-rtl.svg
/usr/share/icons/Humanity/actions/48/gtk-goto-last-ltr.svg
/usr/share/icons/Humanity/actions/48/gtk-goto-last-rtl.svg
/usr/share/icons/Humanity/actions/48/gtk-goto-top.svg
/usr/share/icons/Humanity/actions/48/gtk-home.svg
/usr/share/icons/Humanity/actions/48/gtk-jump-to-ltr.svg
/usr/share/icons/Humanity/actions/48/gtk-jump-to-rtl.svg
/usr/share/icons/Humanity/actions/48/gtk-leave-fullscreen.svg
/usr/share/icons/Humanity/actions/48/gtk-media-forward-ltr.svg
/usr/share/icons/Humanity/actions/48/gtk-media-forward-rtl.svg
/usr/share/icons/Humanity/actions/48/gtk-media-next-ltr.svg
/usr/share/icons/Humanity/actions/48/gtk-media-next-rtl.svg
/usr/share/icons/Humanity/actions/48/gtk-media-pause.svg
/usr/share/icons/Humanity/actions/48/gtk-media-play-ltr.svg
/usr/share/icons/Humanity/actions/48/gtk-media-previous-ltr.svg
/usr/share/icons/Humanity/actions/48/gtk-media-previous-rtl.svg
/usr/share/icons/Humanity/actions/48/gtk-media-record.svg
/usr/share/icons/Humanity/actions/48/gtk-media-rewind-ltr.svg
/usr/share/icons/Humanity/actions/48/gtk-media-rewind-rtl.svg
/usr/share/icons/Humanity/actions/48/gtk-media-stop.svg
/usr/share/icons/Humanity/actions/48/gtk-new.svg
/usr/share/icons/Humanity/actions/48/gtk-no.svg
/usr/share/icons/Humanity/actions/48/gtk-ok.svg
/usr/share/icons/Humanity/actions/48/gtk-open.svg
/usr/share/icons/Humanity/actions/48/gtk-paste.svg
/usr/share/icons/Humanity/actions/48/gtk-print-preview.svg
/usr/share/icons/Humanity/actions/48/gtk-print.svg
/usr/share/icons/Humanity/actions/48/gtk-properties.svg
/usr/share/icons/Humanity/actions/48/gtk-quit.svg
/usr/share/icons/Humanity/actions/48/gtk-redo-ltr.svg
/usr/share/icons/Humanity/actions/48/gtk-refresh.svg
/usr/share/icons/Humanity/actions/48/gtk-remove.svg
/usr/share/icons/Humanity/actions/48/gtk-revert-to-saved-ltr.svg
/usr/share/icons/Humanity/actions/48/gtk-revert-to-saved-rtl.svg
/usr/share/icons/Humanity/actions/48/gtk-save-as.svg
/usr/share/icons/Humanity/actions/48/gtk-save.svg
/usr/share/icons/Humanity/actions/48/gtk-select-all.svg
/usr/share/icons/Humanity/actions/48/gtk-stop.svg
/usr/share/icons/Humanity/actions/48/gtk-undo-ltr.svg
/usr/share/icons/Humanity/actions/48/gtk-yes.svg
/usr/share/icons/Humanity/actions/48/hint.svg
/usr/share/icons/Humanity/actions/48/hook-notifier.svg
/usr/share/icons/Humanity/actions/48/kfm_home.svg
/usr/share/icons/Humanity/actions/48/lock.svg
/usr/share/icons/Humanity/actions/48/next.svg
/usr/share/icons/Humanity/actions/48/player_eject.svg
/usr/share/icons/Humanity/actions/48/player_end.svg
/usr/share/icons/Humanity/actions/48/player_fwd.svg
/usr/share/icons/Humanity/actions/48/player_pause.svg
/usr/share/icons/Humanity/actions/48/player_play.svg
/usr/share/icons/Humanity/actions/48/player_record.svg
/usr/share/icons/Humanity/actions/48/player_rew.svg
/usr/share/icons/Humanity/actions/48/player_start.svg
/usr/share/icons/Humanity/actions/48/player_stop.svg
/usr/share/icons/Humanity/actions/48/previous.svg
/usr/share/icons/Humanity/actions/48/redhat-home.svg
/usr/share/icons/Humanity/actions/48/redo.svg
/usr/share/icons/Humanity/actions/48/reload.svg
/usr/share/icons/Humanity/actions/48/reload3.svg
/usr/share/icons/Humanity/actions/48/reload_all_tabs.svg
/usr/share/icons/Humanity/actions/48/reload_page.svg
/usr/share/icons/Humanity/actions/48/remove.svg
/usr/share/icons/Humanity/actions/48/revert.svg
/usr/share/icons/Humanity/actions/48/rhythmbox-set-star.svg
/usr/share/icons/Humanity/actions/48/setroubleshoot_icon.svg
/usr/share/icons/Humanity/actions/48/start.svg
/usr/share/icons/Humanity/actions/48/stock_about.svg
/usr/share/icons/Humanity/actions/48/stock_add-bookmark.svg
/usr/share/icons/Humanity/actions/48/stock_bottom.svg
/usr/share/icons/Humanity/actions/48/stock_calc-accept.svg
/usr/share/icons/Humanity/actions/48/stock_calc-cancel.svg
/usr/share/icons/Humanity/actions/48/stock_close.svg
/usr/share/icons/Humanity/actions/48/stock_copy.svg
/usr/share/icons/Humanity/actions/48/stock_cut.svg
/usr/share/icons/Humanity/actions/48/stock_delete.svg
/usr/share/icons/Humanity/actions/48/stock_down.svg
/usr/share/icons/Humanity/actions/48/stock_edit.svg
/usr/share/icons/Humanity/actions/48/stock_exit.svg
/usr/share/icons/Humanity/actions/48/stock_file-properites.svg
/usr/share/icons/Humanity/actions/48/stock_file-properties.svg
/usr/share/icons/Humanity/actions/48/stock_first.svg
/usr/share/icons/Humanity/actions/48/stock_folder-copy.svg
/usr/share/icons/Humanity/actions/48/stock_folder-move.svg
/usr/share/icons/Humanity/actions/48/stock_folder-properties.svg
/usr/share/icons/Humanity/actions/48/stock_fullscreen.svg
/usr/share/icons/Humanity/actions/48/stock_help-add-bookmark.svg
/usr/share/icons/Humanity/actions/48/stock_home.svg
/usr/share/icons/Humanity/actions/48/stock_last.svg
/usr/share/icons/Humanity/actions/48/stock_leave-fullscreen.svg
/usr/share/icons/Humanity/actions/48/stock_left.svg
/usr/share/icons/Humanity/actions/48/stock_mail-filters-apply.svg
/usr/share/icons/Humanity/actions/48/stock_mark.svg
/usr/share/icons/Humanity/actions/48/stock_media-fwd.svg
/usr/share/icons/Humanity/actions/48/stock_media-next.svg
/usr/share/icons/Humanity/actions/48/stock_media-pause.svg
/usr/share/icons/Humanity/actions/48/stock_media-play.svg
/usr/share/icons/Humanity/actions/48/stock_media-prev.svg
/usr/share/icons/Humanity/actions/48/stock_media-rec.svg
/usr/share/icons/Humanity/actions/48/stock_media-rew.svg
/usr/share/icons/Humanity/actions/48/stock_media-stop.svg
/usr/share/icons/Humanity/actions/48/stock_navigator.svg
/usr/share/icons/Humanity/actions/48/stock_new-address-book.svg
/usr/share/icons/Humanity/actions/48/stock_new-appointment.svg
/usr/share/icons/Humanity/actions/48/stock_new-bcard.svg
/usr/share/icons/Humanity/actions/48/stock_new-dir.svg
/usr/share/icons/Humanity/actions/48/stock_new-tab.svg
/usr/share/icons/Humanity/actions/48/stock_new-text.svg
/usr/share/icons/Humanity/actions/48/stock_new-window.svg
/usr/share/icons/Humanity/actions/48/stock_no.svg
/usr/share/icons/Humanity/actions/48/stock_not.svg
/usr/share/icons/Humanity/actions/48/stock_paste.svg
/usr/share/icons/Humanity/actions/48/stock_print-preview.svg
/usr/share/icons/Humanity/actions/48/stock_print-setup.svg
/usr/share/icons/Humanity/actions/48/stock_print.svg
/usr/share/icons/Humanity/actions/48/stock_properties.svg
/usr/share/icons/Humanity/actions/48/stock_redo.svg
/usr/share/icons/Humanity/actions/48/stock_refresh.svg
/usr/share/icons/Humanity/actions/48/stock_right.svg
/usr/share/icons/Humanity/actions/48/stock_save-as.svg
/usr/share/icons/Humanity/actions/48/stock_save.svg
/usr/share/icons/Humanity/actions/48/stock_select-all.svg
/usr/share/icons/Humanity/actions/48/stock_stop.svg
/usr/share/icons/Humanity/actions/48/stock_top.svg
/usr/share/icons/Humanity/actions/48/stock_undo.svg
/usr/share/icons/Humanity/actions/48/stock_up.svg
/usr/share/icons/Humanity/actions/48/stock_view-details.svg
/usr/share/icons/Humanity/actions/48/stock_yes.svg
/usr/share/icons/Humanity/actions/48/stop.svg
/usr/share/icons/Humanity/actions/48/system-upgrade.svg
/usr/share/icons/Humanity/actions/48/tab_new.svg
/usr/share/icons/Humanity/actions/48/top.svg
/usr/share/icons/Humanity/actions/48/undo.svg
/usr/share/icons/Humanity/actions/48/up.svg
/usr/share/icons/Humanity/actions/48/window_fullscreen.svg
/usr/share/icons/Humanity/actions/48/window_new.svg
/usr/share/icons/Humanity/actions/48/window_nofullscreen.svg
/usr/share/icons/Humanity/actions/48/xfce-system-exit.svg
/usr/share/icons/Humanity/actions/48/xfce-system-lock.svg
/usr/share/icons/Humanity/actions/48/xfsm-logout.svg
/usr/share/icons/Humanity/actions/64/bookmark_add.svg
/usr/share/icons/Humanity/actions/64/bookmarks_list_add.svg
/usr/share/icons/Humanity/actions/64/editdelete.svg
/usr/share/icons/Humanity/actions/64/filenew.svg
/usr/share/icons/Humanity/actions/64/gnome-app-install-star.svg
/usr/share/icons/Humanity/actions/64/gtk-about.svg
/usr/share/icons/Humanity/actions/64/gtk-cancel.svg
/usr/share/icons/Humanity/actions/64/gtk-delete.svg
/usr/share/icons/Humanity/actions/64/gtk-media-record.svg
/usr/share/icons/Humanity/actions/64/gtk-media-stop.svg
/usr/share/icons/Humanity/actions/64/gtk-new.svg
/usr/share/icons/Humanity/actions/64/gtk-remove.svg
/usr/share/icons/Humanity/actions/64/gtk-stop.svg
/usr/share/icons/Humanity/actions/64/hint.svg
/usr/share/icons/Humanity/actions/64/hook-notifier.svg
/usr/share/icons/Humanity/actions/64/list-remove.svg
/usr/share/icons/Humanity/actions/64/player_record.svg
/usr/share/icons/Humanity/actions/64/player_stop.svg
/usr/share/icons/Humanity/actions/64/remove.svg
/usr/share/icons/Humanity/actions/64/rhythmbox-set-star.svg
/usr/share/icons/Humanity/actions/64/setroubleshoot_icon.svg
/usr/share/icons/Humanity/actions/64/stock_about.svg
/usr/share/icons/Humanity/actions/64/stock_add-bookmark.svg
/usr/share/icons/Humanity/actions/64/stock_delete.svg
/usr/share/icons/Humanity/actions/64/stock_help-add-bookmark.svg
/usr/share/icons/Humanity/actions/64/stock_media-rec.svg
/usr/share/icons/Humanity/actions/64/stock_media-stop.svg
/usr/share/icons/Humanity/actions/64/stock_navigator.svg
/usr/share/icons/Humanity/actions/64/stock_new-address-book.svg
/usr/share/icons/Humanity/actions/64/stock_new-text.svg
/usr/share/icons/Humanity/actions/64/stock_not.svg
/usr/share/icons/Humanity/actions/64/stock_stop.svg
/usr/share/icons/Humanity/actions/64/stock_view-details.svg
/usr/share/icons/Humanity/actions/64/stop.svg
/usr/share/icons/Humanity/actions@2
/usr/share/icons/Humanity/animations/16/gnome-spinner-rest.svg
/usr/share/icons/Humanity/animations/16/gnome-spinner.png
/usr/share/icons/Humanity/animations/22/gnome-spinner-rest.svg
/usr/share/icons/Humanity/animations/22/gnome-spinner.png
/usr/share/icons/Humanity/animations/24/gnome-spinner-rest.svg
/usr/share/icons/Humanity/animations/24/gnome-spinner.png
/usr/share/icons/Humanity/animations/32/gnome-spinner-rest.svg
/usr/share/icons/Humanity/animations/32/gnome-spinner.png
/usr/share/icons/Humanity/animations/48/brasero-disc-00.svg
/usr/share/icons/Humanity/animations@2
/usr/share/icons/Humanity/apps/128/Etermutilities-terminal.svg
/usr/share/icons/Humanity/apps/128/access.svg
/usr/share/icons/Humanity/apps/128/accessibility-directory.svg
/usr/share/icons/Humanity/apps/128/ax-applet.svg
/usr/share/icons/Humanity/apps/128/background.svg
/usr/share/icons/Humanity/apps/128/bash.svg
/usr/share/icons/Humanity/apps/128/drakstats.svg
/usr/share/icons/Humanity/apps/128/gdeb.svg
/usr/share/icons/Humanity/apps/128/gdebi.svg
/usr/share/icons/Humanity/apps/128/gksu-debian.svg
/usr/share/icons/Humanity/apps/128/gksu-debian.xpm
/usr/share/icons/Humanity/apps/128/gnochm.svg
/usr/share/icons/Humanity/apps/128/gnome-app-install.svg
/usr/share/icons/Humanity/apps/128/gnome-apt.svg
/usr/share/icons/Humanity/apps/128/gnome-eterm.svg
/usr/share/icons/Humanity/apps/128/gnome-help.svg
/usr/share/icons/Humanity/apps/128/gnome-info.svg
/usr/share/icons/Humanity/apps/128/gnome-package.svg
/usr/share/icons/Humanity/apps/128/gnome-settings-accessibility-technologies.svg
/usr/share/icons/Humanity/apps/128/gnome-settings-background.svg
/usr/share/icons/Humanity/apps/128/gnome-status.svg
/usr/share/icons/Humanity/apps/128/gnome-term.svg
/usr/share/icons/Humanity/apps/128/gnome-terminal.svg
/usr/share/icons/Humanity/apps/128/gnome-terminal.xpm
/usr/share/icons/Humanity/apps/128/gnome-unknown.svg
/usr/share/icons/Humanity/apps/128/gnome-xterm.svg
/usr/share/icons/Humanity/apps/128/grip.svg
/usr/share/icons/Humanity/apps/128/gtk-help.svg
/usr/share/icons/Humanity/apps/128/gtk-info.svg
/usr/share/icons/Humanity/apps/128/help-browser.svg
/usr/share/icons/Humanity/apps/128/help-contents.svg
/usr/share/icons/Humanity/apps/128/help.svg
/usr/share/icons/Humanity/apps/128/hotwire.svg
/usr/share/icons/Humanity/apps/128/indicator-applet.svg
/usr/share/icons/Humanity/apps/128/kentoo.svg
/usr/share/icons/Humanity/apps/128/khelpcenter.svg
/usr/share/icons/Humanity/apps/128/konsole.svg
/usr/share/icons/Humanity/apps/128/kpackage.svg
/usr/share/icons/Humanity/apps/128/kynpatic.svg
/usr/share/icons/Humanity/apps/128/news-feed.svg
/usr/share/icons/Humanity/apps/128/office-address-book.svg
/usr/share/icons/Humanity/apps/128/ogmrip.svg
/usr/share/icons/Humanity/apps/128/openterm.svg
/usr/share/icons/Humanity/apps/128/org.gnome.Nautilus.svg
/usr/share/icons/Humanity/apps/128/package-manager-icon.svg
/usr/share/icons/Humanity/apps/128/pirut.svg
/usr/share/icons/Humanity/apps/128/plugin-notification.svg
/usr/share/icons/Humanity/apps/128/porthole.svg
/usr/share/icons/Humanity/apps/128/preferences-wallpaper.svg
/usr/share/icons/Humanity/apps/128/rip.svg
/usr/share/icons/Humanity/apps/128/rpmdrake.svg
/usr/share/icons/Humanity/apps/128/stock_help-agent.svg
/usr/share/icons/Humanity/apps/128/stock_help.svg
/usr/share/icons/Humanity/apps/128/stock_unknown.svg
/usr/share/icons/Humanity/apps/128/stock_view-details.svg
/usr/share/icons/Humanity/apps/128/susehelpcenter.svg
/usr/share/icons/Humanity/apps/128/synaptic.svg
/usr/share/icons/Humanity/apps/128/synaptic.xpm
/usr/share/icons/Humanity/apps/128/system-installer.svg
/usr/share/icons/Humanity/apps/128/system-software-installer.svg
/usr/share/icons/Humanity/apps/128/terminal.svg
/usr/share/icons/Humanity/apps/128/tilda.svg
/usr/share/icons/Humanity/apps/128/update-notifier.svg
/usr/share/icons/Humanity/apps/128/wallpaper.svg
/usr/share/icons/Humanity/apps/128/xfce-man.svg
/usr/share/icons/Humanity/apps/128/xfce-system-info.svg
/usr/share/icons/Humanity/apps/128/xfce-terminal.svg
/usr/share/icons/Humanity/apps/128/xfce-unknown.svg
/usr/share/icons/Humanity/apps/128/xfce4-backdrop.svg
/usr/share/icons/Humanity/apps/128/yumex.svg
/usr/share/icons/Humanity/apps/16/Etermutilities-terminal.svg
/usr/share/icons/Humanity/apps/16/access.svg
/usr/share/icons/Humanity/apps/16/accessibility-directory.svg
/usr/share/icons/Humanity/apps/16/administration.svg
/usr/share/icons/Humanity/apps/16/ax-applet.svg
/usr/share/icons/Humanity/apps/16/bash.svg
/usr/share/icons/Humanity/apps/16/beryl-settings.svg
/usr/share/icons/Humanity/apps/16/cairo-clock.svg
/usr/share/icons/Humanity/apps/16/calc.svg
/usr/share/icons/Humanity/apps/16/ccsm.svg
/usr/share/icons/Humanity/apps/16/config-language.svg
/usr/share/icons/Humanity/apps/16/config-users.svg
/usr/share/icons/Humanity/apps/16/control-center2.svg
/usr/share/icons/Humanity/apps/16/control-center2.xpm
/usr/share/icons/Humanity/apps/16/desktop-effects.svg
/usr/share/icons/Humanity/apps/16/drakconf.svg
/usr/share/icons/Humanity/apps/16/drakstats.svg
/usr/share/icons/Humanity/apps/16/force-exit.svg
/usr/share/icons/Humanity/apps/16/gconfeditor.svg
/usr/share/icons/Humanity/apps/16/gdeb.svg
/usr/share/icons/Humanity/apps/16/gdebi.svg
/usr/share/icons/Humanity/apps/16/gedit-icon.svg
/usr/share/icons/Humanity/apps/16/gedit-icon.xpm
/usr/share/icons/Humanity/apps/16/gedit-logo.svg
/usr/share/icons/Humanity/apps/16/gkdebconf-icon.svg
/usr/share/icons/Humanity/apps/16/gkdebconf.svg
/usr/share/icons/Humanity/apps/16/gksu-debian.svg
/usr/share/icons/Humanity/apps/16/gksu-debian.xpm
/usr/share/icons/Humanity/apps/16/gnochm.svg
/usr/share/icons/Humanity/apps/16/gnome-app-install.svg
/usr/share/icons/Humanity/apps/16/gnome-apt.svg
/usr/share/icons/Humanity/apps/16/gnome-audio.svg
/usr/share/icons/Humanity/apps/16/gnome-calculator.svg
/usr/share/icons/Humanity/apps/16/gnome-calendar.svg
/usr/share/icons/Humanity/apps/16/gnome-desktop-config.svg
/usr/share/icons/Humanity/apps/16/gnome-eterm.svg
/usr/share/icons/Humanity/apps/16/gnome-help.svg
/usr/share/icons/Humanity/apps/16/gnome-info.svg
/usr/share/icons/Humanity/apps/16/gnome-inhibit-applet.svg
/usr/share/icons/Humanity/apps/16/gnome-package.svg
/usr/share/icons/Humanity/apps/16/gnome-panel-clock.svg
/usr/share/icons/Humanity/apps/16/gnome-session-hebirnate.svg
/usr/share/icons/Humanity/apps/16/gnome-session-properties.svg
/usr/share/icons/Humanity/apps/16/gnome-session-sleep.svg
/usr/share/icons/Humanity/apps/16/gnome-session-suspend.svg
/usr/share/icons/Humanity/apps/16/gnome-session.svg
/usr/share/icons/Humanity/apps/16/gnome-set-time.svg
/usr/share/icons/Humanity/apps/16/gnome-settings-accessibility-technologies.svg
/usr/share/icons/Humanity/apps/16/gnome-settings-sound.svg
/usr/share/icons/Humanity/apps/16/gnome-settings-theme.svg
/usr/share/icons/Humanity/apps/16/gnome-sound-properties.svg
/usr/share/icons/Humanity/apps/16/gnome-status.svg
/usr/share/icons/Humanity/apps/16/gnome-term.svg
/usr/share/icons/Humanity/apps/16/gnome-terminal.svg
/usr/share/icons/Humanity/apps/16/gnome-terminal.xpm
/usr/share/icons/Humanity/apps/16/gnome-unknown.svg
/usr/share/icons/Humanity/apps/16/gnome-volume-control.svg
/usr/share/icons/Humanity/apps/16/gnome-window-manager.svg
/usr/share/icons/Humanity/apps/16/gnome-word.svg
/usr/share/icons/Humanity/apps/16/gnome-xterm.svg
/usr/share/icons/Humanity/apps/16/gpm-hibernate.svg
/usr/share/icons/Humanity/apps/16/grip.svg
/usr/share/icons/Humanity/apps/16/gtk-help.svg
/usr/share/icons/Humanity/apps/16/gtk-info.svg
/usr/share/icons/Humanity/apps/16/help-browser.svg
/usr/share/icons/Humanity/apps/16/help-contents.svg
/usr/share/icons/Humanity/apps/16/help.svg
/usr/share/icons/Humanity/apps/16/hotwire.svg
/usr/share/icons/Humanity/apps/16/indicator-applet.svg
/usr/share/icons/Humanity/apps/16/kcalc.svg
/usr/share/icons/Humanity/apps/16/kcmkwm.svg
/usr/share/icons/Humanity/apps/16/kedit.svg
/usr/share/icons/Humanity/apps/16/kentoo.svg
/usr/share/icons/Humanity/apps/16/keyring-manager.png
/usr/share/icons/Humanity/apps/16/khelpcenter.svg
/usr/share/icons/Humanity/apps/16/konsole.svg
/usr/share/icons/Humanity/apps/16/kpackage.svg
/usr/share/icons/Humanity/apps/16/kuser.svg
/usr/share/icons/Humanity/apps/16/kwin.svg
/usr/share/icons/Humanity/apps/16/kynpatic.svg
/usr/share/icons/Humanity/apps/16/locale.svg
/usr/share/icons/Humanity/apps/16/lpi-translate.svg
/usr/share/icons/Humanity/apps/16/mousepad.svg
/usr/share/icons/Humanity/apps/16/news-feed.svg
/usr/share/icons/Humanity/apps/16/nm-secure-lock.svg
/usr/share/icons/Humanity/apps/16/nm-vpn-active-lock.svg
/usr/share/icons/Humanity/apps/16/nm-vpn-standalone-lock.svg
/usr/share/icons/Humanity/apps/16/office-address-book.svg
/usr/share/icons/Humanity/apps/16/office-calendar.svg
/usr/share/icons/Humanity/apps/16/office-date.svg
/usr/share/icons/Humanity/apps/16/ogmrip.svg
/usr/share/icons/Humanity/apps/16/openterm.svg
/usr/share/icons/Humanity/apps/16/org.gnome.Nautilus.svg
/usr/share/icons/Humanity/apps/16/package-manager-icon.svg
/usr/share/icons/Humanity/apps/16/paprefs.svg
/usr/share/icons/Humanity/apps/16/pirut.svg
/usr/share/icons/Humanity/apps/16/plan.svg
/usr/share/icons/Humanity/apps/16/plugin-notification.svg
/usr/share/icons/Humanity/apps/16/porthole.svg
/usr/share/icons/Humanity/apps/16/preferences-desktop-keyboard.svg
/usr/share/icons/Humanity/apps/16/preferences-desktop-multimedia.svg
/usr/share/icons/Humanity/apps/16/preferences-sound.svg
/usr/share/icons/Humanity/apps/16/preferences-system-session.svg
/usr/share/icons/Humanity/apps/16/preferences-theme.svg
/usr/share/icons/Humanity/apps/16/rclock.svg
/usr/share/icons/Humanity/apps/16/redhat-server_settings.svg
/usr/share/icons/Humanity/apps/16/redhat-tools.svg
/usr/share/icons/Humanity/apps/16/rip.svg
/usr/share/icons/Humanity/apps/16/rpmdrake.svg
/usr/share/icons/Humanity/apps/16/seahorse-preferences.png
/usr/share/icons/Humanity/apps/16/seahorse.png
/usr/share/icons/Humanity/apps/16/simple-ccsm.svg
/usr/share/icons/Humanity/apps/16/sleep.svg
/usr/share/icons/Humanity/apps/16/stock_alarm.svg
/usr/share/icons/Humanity/apps/16/stock_help-agent.svg
/usr/share/icons/Humanity/apps/16/stock_help.svg
/usr/share/icons/Humanity/apps/16/stock_unknown.svg
/usr/share/icons/Humanity/apps/16/stock_view-details.svg
/usr/share/icons/Humanity/apps/16/style.svg
/usr/share/icons/Humanity/apps/16/susehelpcenter.svg
/usr/share/icons/Humanity/apps/16/synaptic.svg
/usr/share/icons/Humanity/apps/16/synaptic.xpm
/usr/share/icons/Humanity/apps/16/system-config-users.svg
/usr/share/icons/Humanity/apps/16/system-hibernate.svg
/usr/share/icons/Humanity/apps/16/system-installer.svg
/usr/share/icons/Humanity/apps/16/system-software-installer.svg
/usr/share/icons/Humanity/apps/16/system-suspend-hibernate.svg
/usr/share/icons/Humanity/apps/16/system-suspend.svg
/usr/share/icons/Humanity/apps/16/terminal.svg
/usr/share/icons/Humanity/apps/16/text-editor.svg
/usr/share/icons/Humanity/apps/16/tilda.svg
/usr/share/icons/Humanity/apps/16/time.svg
/usr/share/icons/Humanity/apps/16/update-notifier.svg
/usr/share/icons/Humanity/apps/16/usb-creator-gtk.svg
/usr/share/icons/Humanity/apps/16/usb-creator.svg
/usr/share/icons/Humanity/apps/16/xfce-man.svg
/usr/share/icons/Humanity/apps/16/xfce-sound.svg
/usr/share/icons/Humanity/apps/16/xfce-system-info.svg
/usr/share/icons/Humanity/apps/16/xfce-terminal.svg
/usr/share/icons/Humanity/apps/16/xfce-unknown.svg
/usr/share/icons/Humanity/apps/16/xfce4-clock.svg
/usr/share/icons/Humanity/apps/16/xfce4-mcs-manager.svg
/usr/share/icons/Humanity/apps/16/xfce4-mcs-manager.xpm
/usr/share/icons/Humanity/apps/16/xfce4-session.svg
/usr/share/icons/Humanity/apps/16/xfce4-ui.svg
/usr/share/icons/Humanity/apps/16/xfsm-hibernate.svg
/usr/share/icons/Humanity/apps/16/xfsm-suspend.svg
/usr/share/icons/Humanity/apps/16/xfwm4.svg
/usr/share/icons/Humanity/apps/16/ximian-evolution-calendar.svg
/usr/share/icons/Humanity/apps/16/yumex.svg
/usr/share/icons/Humanity/apps/22/Etermutilities-terminal.svg
/usr/share/icons/Humanity/apps/22/access.svg
/usr/share/icons/Humanity/apps/22/accessibility-directory.svg
/usr/share/icons/Humanity/apps/22/alacarte.svg
/usr/share/icons/Humanity/apps/22/applets-screenshooter.svg
/usr/share/icons/Humanity/apps/22/ax-applet.svg
/usr/share/icons/Humanity/apps/22/bash.svg
/usr/share/icons/Humanity/apps/22/beryl-settings.svg
/usr/share/icons/Humanity/apps/22/cairo-clock.svg
/usr/share/icons/Humanity/apps/22/calc.svg
/usr/share/icons/Humanity/apps/22/ccsm.svg
/usr/share/icons/Humanity/apps/22/config-users.svg
/usr/share/icons/Humanity/apps/22/desktop-effects.svg
/usr/share/icons/Humanity/apps/22/drakstats.svg
/usr/share/icons/Humanity/apps/22/force-exit.svg
/usr/share/icons/Humanity/apps/22/gdeb.svg
/usr/share/icons/Humanity/apps/22/gdebi.svg
/usr/share/icons/Humanity/apps/22/gedit-icon.svg
/usr/share/icons/Humanity/apps/22/gedit-icon.xpm
/usr/share/icons/Humanity/apps/22/gedit-logo.svg
/usr/share/icons/Humanity/apps/22/gksu-debian.svg
/usr/share/icons/Humanity/apps/22/gksu-debian.xpm
/usr/share/icons/Humanity/apps/22/gnochm.svg
/usr/share/icons/Humanity/apps/22/gnome-app-install.svg
/usr/share/icons/Humanity/apps/22/gnome-apt.svg
/usr/share/icons/Humanity/apps/22/gnome-audio.svg
/usr/share/icons/Humanity/apps/22/gnome-calculator.svg
/usr/share/icons/Humanity/apps/22/gnome-eterm.svg
/usr/share/icons/Humanity/apps/22/gnome-help.svg
/usr/share/icons/Humanity/apps/22/gnome-info.svg
/usr/share/icons/Humanity/apps/22/gnome-netstatus-0-24.svg
/usr/share/icons/Humanity/apps/22/gnome-netstatus-25-49.svg
/usr/share/icons/Humanity/apps/22/gnome-netstatus-50-74.svg
/usr/share/icons/Humanity/apps/22/gnome-netstatus-75-100.svg
/usr/share/icons/Humanity/apps/22/gnome-package.svg
/usr/share/icons/Humanity/apps/22/gnome-panel-clock.svg
/usr/share/icons/Humanity/apps/22/gnome-screenshot.svg
/usr/share/icons/Humanity/apps/22/gnome-session-hebirnate.svg
/usr/share/icons/Humanity/apps/22/gnome-session-sleep.svg
/usr/share/icons/Humanity/apps/22/gnome-session-suspend.svg
/usr/share/icons/Humanity/apps/22/gnome-set-time.svg
/usr/share/icons/Humanity/apps/22/gnome-settings-accessibility-technologies.svg
/usr/share/icons/Humanity/apps/22/gnome-settings-sound.svg
/usr/share/icons/Humanity/apps/22/gnome-settings-theme.svg
/usr/share/icons/Humanity/apps/22/gnome-sound-properties.svg
/usr/share/icons/Humanity/apps/22/gnome-status.svg
/usr/share/icons/Humanity/apps/22/gnome-term.svg
/usr/share/icons/Humanity/apps/22/gnome-terminal.svg
/usr/share/icons/Humanity/apps/22/gnome-terminal.xpm
/usr/share/icons/Humanity/apps/22/gnome-unknown.svg
/usr/share/icons/Humanity/apps/22/gnome-volume-control.svg
/usr/share/icons/Humanity/apps/22/gnome-window-manager.svg
/usr/share/icons/Humanity/apps/22/gnome-word.svg
/usr/share/icons/Humanity/apps/22/gnome-xterm.svg
/usr/share/icons/Humanity/apps/22/gpm-hibernate.svg
/usr/share/icons/Humanity/apps/22/grip.svg
/usr/share/icons/Humanity/apps/22/gtk-help.svg
/usr/share/icons/Humanity/apps/22/gtk-info.svg
/usr/share/icons/Humanity/apps/22/help-browser.svg
/usr/share/icons/Humanity/apps/22/help-contents.svg
/usr/share/icons/Humanity/apps/22/help.svg
/usr/share/icons/Humanity/apps/22/hotwire.svg
/usr/share/icons/Humanity/apps/22/indicator-applet.svg
/usr/share/icons/Humanity/apps/22/kcalc.svg
/usr/share/icons/Humanity/apps/22/kcmkwm.svg
/usr/share/icons/Humanity/apps/22/kedit.svg
/usr/share/icons/Humanity/apps/22/kentoo.svg
/usr/share/icons/Humanity/apps/22/khelpcenter.svg
/usr/share/icons/Humanity/apps/22/konsole.svg
/usr/share/icons/Humanity/apps/22/kpackage.svg
/usr/share/icons/Humanity/apps/22/kuser.svg
/usr/share/icons/Humanity/apps/22/kwin.svg
/usr/share/icons/Humanity/apps/22/kynpatic.svg
/usr/share/icons/Humanity/apps/22/mousepad.svg
/usr/share/icons/Humanity/apps/22/news-feed.svg
/usr/share/icons/Humanity/apps/22/nm-secure-lock.svg
/usr/share/icons/Humanity/apps/22/nm-signal-0.svg
/usr/share/icons/Humanity/apps/22/nm-signal-00.svg
/usr/share/icons/Humanity/apps/22/nm-signal-100.svg
/usr/share/icons/Humanity/apps/22/nm-signal-25.svg
/usr/share/icons/Humanity/apps/22/nm-signal-50.svg
/usr/share/icons/Humanity/apps/22/nm-signal-75.svg
/usr/share/icons/Humanity/apps/22/nm-stage02-connecting07.svg
/usr/share/icons/Humanity/apps/22/nm-stage02-connecting08.svg
/usr/share/icons/Humanity/apps/22/nm-stage02-connecting09.svg
/usr/share/icons/Humanity/apps/22/nm-stage02-connecting10.svg
/usr/share/icons/Humanity/apps/22/nm-vpn-active-lock.svg
/usr/share/icons/Humanity/apps/22/nm-vpn-connecting05.svg
/usr/share/icons/Humanity/apps/22/nm-vpn-connecting06.svg
/usr/share/icons/Humanity/apps/22/nm-vpn-connecting07.svg
/usr/share/icons/Humanity/apps/22/nm-vpn-connecting08.svg
/usr/share/icons/Humanity/apps/22/nm-vpn-connecting09.svg
/usr/share/icons/Humanity/apps/22/nm-vpn-connecting10.svg
/usr/share/icons/Humanity/apps/22/nm-vpn-connecting11.svg
/usr/share/icons/Humanity/apps/22/nm-vpn-connecting12.svg
/usr/share/icons/Humanity/apps/22/nm-vpn-connecting13.svg
/usr/share/icons/Humanity/apps/22/nm-vpn-connecting14.svg
/usr/share/icons/Humanity/apps/22/nm-vpn-standalone-lock.svg
/usr/share/icons/Humanity/apps/22/office-address-book.svg
/usr/share/icons/Humanity/apps/22/ogmrip.svg
/usr/share/icons/Humanity/apps/22/openterm.svg
/usr/share/icons/Humanity/apps/22/package-manager-icon.svg
/usr/share/icons/Humanity/apps/22/pirut.svg
/usr/share/icons/Humanity/apps/22/plugin-notification.svg
/usr/share/icons/Humanity/apps/22/porthole.svg
/usr/share/icons/Humanity/apps/22/preferences-desktop-multimedia.svg
/usr/share/icons/Humanity/apps/22/preferences-sound.svg
/usr/share/icons/Humanity/apps/22/preferences-theme.svg
/usr/share/icons/Humanity/apps/22/rclock.svg
/usr/share/icons/Humanity/apps/22/rip.svg
/usr/share/icons/Humanity/apps/22/rpmdrake.svg
/usr/share/icons/Humanity/apps/22/simple-ccsm.svg
/usr/share/icons/Humanity/apps/22/sleep.svg
/usr/share/icons/Humanity/apps/22/stock_alarm.svg
/usr/share/icons/Humanity/apps/22/stock_help-agent.svg
/usr/share/icons/Humanity/apps/22/stock_help.svg
/usr/share/icons/Humanity/apps/22/stock_unknown.svg
/usr/share/icons/Humanity/apps/22/stock_view-details.svg
/usr/share/icons/Humanity/apps/22/style.svg
/usr/share/icons/Humanity/apps/22/susehelpcenter.svg
/usr/share/icons/Humanity/apps/22/synaptic.svg
/usr/share/icons/Humanity/apps/22/synaptic.xpm
/usr/share/icons/Humanity/apps/22/system-config-users.svg
/usr/share/icons/Humanity/apps/22/system-hibernate.svg
/usr/share/icons/Humanity/apps/22/system-installer.svg
/usr/share/icons/Humanity/apps/22/system-software-installer.svg
/usr/share/icons/Humanity/apps/22/system-suspend-hibernate.svg
/usr/share/icons/Humanity/apps/22/system-suspend.svg
/usr/share/icons/Humanity/apps/22/terminal.svg
/usr/share/icons/Humanity/apps/22/text-editor.svg
/usr/share/icons/Humanity/apps/22/tilda.svg
/usr/share/icons/Humanity/apps/22/time.svg
/usr/share/icons/Humanity/apps/22/update-notifier.svg
/usr/share/icons/Humanity/apps/22/usb-creator-gtk.svg
/usr/share/icons/Humanity/apps/22/usb-creator.svg
/usr/share/icons/Humanity/apps/22/wifi-020.svg
/usr/share/icons/Humanity/apps/22/wifi-040.svg
/usr/share/icons/Humanity/apps/22/wifi-060.svg
/usr/share/icons/Humanity/apps/22/wifi-080.svg
/usr/share/icons/Humanity/apps/22/wifi-100.svg
/usr/share/icons/Humanity/apps/22/xfce-man.svg
/usr/share/icons/Humanity/apps/22/xfce-schedule.svg
/usr/share/icons/Humanity/apps/22/xfce-sound.svg
/usr/share/icons/Humanity/apps/22/xfce-system-info.svg
/usr/share/icons/Humanity/apps/22/xfce-terminal.svg
/usr/share/icons/Humanity/apps/22/xfce-unknown.svg
/usr/share/icons/Humanity/apps/22/xfce4-clock.svg
/usr/share/icons/Humanity/apps/22/xfce4-ui.svg
/usr/share/icons/Humanity/apps/22/xfsm-hibernate.svg
/usr/share/icons/Humanity/apps/22/xfsm-suspend.svg
/usr/share/icons/Humanity/apps/22/xfwm4.svg
/usr/share/icons/Humanity/apps/22/yumex.svg
/usr/share/icons/Humanity/apps/24/Etermutilities-terminal.svg
/usr/share/icons/Humanity/apps/24/access.svg
/usr/share/icons/Humanity/apps/24/accessibility-directory.svg
/usr/share/icons/Humanity/apps/24/administration.svg
/usr/share/icons/Humanity/apps/24/alacarte.svg
/usr/share/icons/Humanity/apps/24/applets-screenshooter.svg
/usr/share/icons/Humanity/apps/24/application-x-remote-connection.svg
/usr/share/icons/Humanity/apps/24/application-x-vnc.svg
/usr/share/icons/Humanity/apps/24/ax-applet.svg
/usr/share/icons/Humanity/apps/24/background.svg
/usr/share/icons/Humanity/apps/24/badge-small.png
/usr/share/icons/Humanity/apps/24/bash.svg
/usr/share/icons/Humanity/apps/24/beryl-settings.svg
/usr/share/icons/Humanity/apps/24/boot.svg
/usr/share/icons/Humanity/apps/24/browser.svg
/usr/share/icons/Humanity/apps/24/cairo-clock.svg
/usr/share/icons/Humanity/apps/24/calc.svg
/usr/share/icons/Humanity/apps/24/catfish.svg
/usr/share/icons/Humanity/apps/24/ccsm.svg
/usr/share/icons/Humanity/apps/24/computerjanitor.svg
/usr/share/icons/Humanity/apps/24/config-language.svg
/usr/share/icons/Humanity/apps/24/config-users.svg
/usr/share/icons/Humanity/apps/24/control-center2.svg
/usr/share/icons/Humanity/apps/24/control-center2.xpm
/usr/share/icons/Humanity/apps/24/desktop-effects.svg
/usr/share/icons/Humanity/apps/24/display-capplet.svg
/usr/share/icons/Humanity/apps/24/drakconf.svg
/usr/share/icons/Humanity/apps/24/drakmenustyle.svg
/usr/share/icons/Humanity/apps/24/drakstats.svg
/usr/share/icons/Humanity/apps/24/edit-urpm-sources.svg
/usr/share/icons/Humanity/apps/24/epiphany-bookmarks.svg
/usr/share/icons/Humanity/apps/24/epiphany-browser.svg
/usr/share/icons/Humanity/apps/24/epiphany-gecko.svg
/usr/share/icons/Humanity/apps/24/epiphany-icon.svg
/usr/share/icons/Humanity/apps/24/epiphany-webkit.svg
/usr/share/icons/Humanity/apps/24/epiphany.svg
/usr/share/icons/Humanity/apps/24/force-exit.svg
/usr/share/icons/Humanity/apps/24/galeon.svg
/usr/share/icons/Humanity/apps/24/gconfeditor.svg
/usr/share/icons/Humanity/apps/24/gdeb.svg
/usr/share/icons/Humanity/apps/24/gdebi.svg
/usr/share/icons/Humanity/apps/24/gedit-icon.svg
/usr/share/icons/Humanity/apps/24/gedit-icon.xpm
/usr/share/icons/Humanity/apps/24/gedit-logo.svg
/usr/share/icons/Humanity/apps/24/gkdebconf-icon.svg
/usr/share/icons/Humanity/apps/24/gkdebconf.svg
/usr/share/icons/Humanity/apps/24/gksu-debian.svg
/usr/share/icons/Humanity/apps/24/gksu-debian.xpm
/usr/share/icons/Humanity/apps/24/gnochm.svg
/usr/share/icons/Humanity/apps/24/gnome-app-install.svg
/usr/share/icons/Humanity/apps/24/gnome-apt.svg
/usr/share/icons/Humanity/apps/24/gnome-audio.svg
/usr/share/icons/Humanity/apps/24/gnome-calculator.svg
/usr/share/icons/Humanity/apps/24/gnome-calendar.svg
/usr/share/icons/Humanity/apps/24/gnome-cd.svg
/usr/share/icons/Humanity/apps/24/gnome-control-center.svg
/usr/share/icons/Humanity/apps/24/gnome-desktop-config.svg
/usr/share/icons/Humanity/apps/24/gnome-eterm.svg
/usr/share/icons/Humanity/apps/24/gnome-fs-blockdev.svg
/usr/share/icons/Humanity/apps/24/gnome-fs-bookmark.svg
/usr/share/icons/Humanity/apps/24/gnome-gmenu.svg
/usr/share/icons/Humanity/apps/24/gnome-help.svg
/usr/share/icons/Humanity/apps/24/gnome-info.svg
/usr/share/icons/Humanity/apps/24/gnome-log-out.svg
/usr/share/icons/Humanity/apps/24/gnome-logout.svg
/usr/share/icons/Humanity/apps/24/gnome-mime-application-x-remote-connection.svg
/usr/share/icons/Humanity/apps/24/gnome-mime-application-x-vnc.svg
/usr/share/icons/Humanity/apps/24/gnome-monitor.svg
/usr/share/icons/Humanity/apps/24/gnome-package.svg
/usr/share/icons/Humanity/apps/24/gnome-panel-clock.svg
/usr/share/icons/Humanity/apps/24/gnome-remote-desktop.svg
/usr/share/icons/Humanity/apps/24/gnome-screenshot.svg
/usr/share/icons/Humanity/apps/24/gnome-searchtool.svg
/usr/share/icons/Humanity/apps/24/gnome-session-halt.svg
/usr/share/icons/Humanity/apps/24/gnome-session-hebirnate.svg
/usr/share/icons/Humanity/apps/24/gnome-session-logout.svg
/usr/share/icons/Humanity/apps/24/gnome-session-properties.svg
/usr/share/icons/Humanity/apps/24/gnome-session-reboot.svg
/usr/share/icons/Humanity/apps/24/gnome-session-sleep.svg
/usr/share/icons/Humanity/apps/24/gnome-session-suspend.svg
/usr/share/icons/Humanity/apps/24/gnome-session.svg
/usr/share/icons/Humanity/apps/24/gnome-set-time.svg
/usr/share/icons/Humanity/apps/24/gnome-settings-accessibility-technologies.svg
/usr/share/icons/Humanity/apps/24/gnome-settings-background.svg
/usr/share/icons/Humanity/apps/24/gnome-settings-keybindings.svg
/usr/share/icons/Humanity/apps/24/gnome-settings-sound.svg
/usr/share/icons/Humanity/apps/24/gnome-settings-theme.svg
/usr/share/icons/Humanity/apps/24/gnome-shutdown.svg
/usr/share/icons/Humanity/apps/24/gnome-sound-properties.svg
/usr/share/icons/Humanity/apps/24/gnome-status.svg
/usr/share/icons/Humanity/apps/24/gnome-system-monitor.svg
/usr/share/icons/Humanity/apps/24/gnome-term.svg
/usr/share/icons/Humanity/apps/24/gnome-terminal.svg
/usr/share/icons/Humanity/apps/24/gnome-terminal.xpm
/usr/share/icons/Humanity/apps/24/gnome-unknown.svg
/usr/share/icons/Humanity/apps/24/gnome-volume-control.svg
/usr/share/icons/Humanity/apps/24/gnome-web-browser.svg
/usr/share/icons/Humanity/apps/24/gnome-window-manager.svg
/usr/share/icons/Humanity/apps/24/gnome-word.svg
/usr/share/icons/Humanity/apps/24/gnome-xterm.svg
/usr/share/icons/Humanity/apps/24/goobox.svg
/usr/share/icons/Humanity/apps/24/goobox.xpm
/usr/share/icons/Humanity/apps/24/gpk-repo.svg
/usr/share/icons/Humanity/apps/24/grandr.svg
/usr/share/icons/Humanity/apps/24/grip.svg
/usr/share/icons/Humanity/apps/24/gtk-help.svg
/usr/share/icons/Humanity/apps/24/gtk-info.svg
/usr/share/icons/Humanity/apps/24/help-browser.svg
/usr/share/icons/Humanity/apps/24/help-contents.svg
/usr/share/icons/Humanity/apps/24/help.svg
/usr/share/icons/Humanity/apps/24/hotwire.svg
/usr/share/icons/Humanity/apps/24/htop.svg
/usr/share/icons/Humanity/apps/24/ibus-setup.svg
/usr/share/icons/Humanity/apps/24/indicator-applet.svg
/usr/share/icons/Humanity/apps/24/internet-web-browser.svg
/usr/share/icons/Humanity/apps/24/jockey-kde.svg
/usr/share/icons/Humanity/apps/24/kcalc.svg
/usr/share/icons/Humanity/apps/24/kcmkwm.svg
/usr/share/icons/Humanity/apps/24/kedit.svg
/usr/share/icons/Humanity/apps/24/kentoo.svg
/usr/share/icons/Humanity/apps/24/key_bindings.svg
/usr/share/icons/Humanity/apps/24/keyring-manager.png
/usr/share/icons/Humanity/apps/24/khelpcenter.svg
/usr/share/icons/Humanity/apps/24/konsole.svg
/usr/share/icons/Humanity/apps/24/kpackage.svg
/usr/share/icons/Humanity/apps/24/krfb.svg
/usr/share/icons/Humanity/apps/24/kscreensaver.svg
/usr/share/icons/Humanity/apps/24/ksysguard.svg
/usr/share/icons/Humanity/apps/24/kuser.svg
/usr/share/icons/Humanity/apps/24/kwin.svg
/usr/share/icons/Humanity/apps/24/kynpatic.svg
/usr/share/icons/Humanity/apps/24/locale.svg
/usr/share/icons/Humanity/apps/24/lv_icon.svg
/usr/share/icons/Humanity/apps/24/mandrivaupdate.svg
/usr/share/icons/Humanity/apps/24/media-player-48.svg
/usr/share/icons/Humanity/apps/24/mousepad.svg
/usr/share/icons/Humanity/apps/24/news-feed.svg
/usr/share/icons/Humanity/apps/24/nm-secure-lock.svg
/usr/share/icons/Humanity/apps/24/nm-stage02-connecting07.svg
/usr/share/icons/Humanity/apps/24/nm-stage02-connecting08.svg
/usr/share/icons/Humanity/apps/24/nm-stage02-connecting09.svg
/usr/share/icons/Humanity/apps/24/nm-stage02-connecting10.svg
/usr/share/icons/Humanity/apps/24/nm-vpn-active-lock.svg
/usr/share/icons/Humanity/apps/24/nm-vpn-connecting05.svg
/usr/share/icons/Humanity/apps/24/nm-vpn-connecting06.svg
/usr/share/icons/Humanity/apps/24/nm-vpn-connecting07.svg
/usr/share/icons/Humanity/apps/24/nm-vpn-connecting08.svg
/usr/share/icons/Humanity/apps/24/nm-vpn-connecting09.svg
/usr/share/icons/Humanity/apps/24/nm-vpn-connecting10.svg
/usr/share/icons/Humanity/apps/24/nm-vpn-connecting11.svg
/usr/share/icons/Humanity/apps/24/nm-vpn-connecting12.svg
/usr/share/icons/Humanity/apps/24/nm-vpn-connecting13.svg
/usr/share/icons/Humanity/apps/24/nm-vpn-connecting14.svg
/usr/share/icons/Humanity/apps/24/nm-vpn-standalone-lock.svg
/usr/share/icons/Humanity/apps/24/office-address-book.svg
/usr/share/icons/Humanity/apps/24/office-calendar.svg
/usr/share/icons/Humanity/apps/24/office-date.svg
/usr/share/icons/Humanity/apps/24/ogmrip.svg
/usr/share/icons/Humanity/apps/24/openterm.svg
/usr/share/icons/Humanity/apps/24/org.gnome.Nautilus.svg
/usr/share/icons/Humanity/apps/24/package-manager-icon.svg
/usr/share/icons/Humanity/apps/24/panel-searchtool.svg
/usr/share/icons/Humanity/apps/24/paprefs.svg
/usr/share/icons/Humanity/apps/24/password.png
/usr/share/icons/Humanity/apps/24/pirut.svg
/usr/share/icons/Humanity/apps/24/pk-package-sources.svg
/usr/share/icons/Humanity/apps/24/plan.svg
/usr/share/icons/Humanity/apps/24/plugin-notification.svg
/usr/share/icons/Humanity/apps/24/porthole.svg
/usr/share/icons/Humanity/apps/24/preferences-desktop-default-applications.svg
/usr/share/icons/Humanity/apps/24/preferences-desktop-display.svg
/usr/share/icons/Humanity/apps/24/preferences-desktop-keyboard.svg
/usr/share/icons/Humanity/apps/24/preferences-desktop-multimedia.svg
/usr/share/icons/Humanity/apps/24/preferences-sound.svg
/usr/share/icons/Humanity/apps/24/preferences-system-session.svg
/usr/share/icons/Humanity/apps/24/preferences-theme.svg
/usr/share/icons/Humanity/apps/24/preferences-wallpaper.svg
/usr/share/icons/Humanity/apps/24/pup.svg
/usr/share/icons/Humanity/apps/24/rclock.svg
/usr/share/icons/Humanity/apps/24/reboot-notifier.svg
/usr/share/icons/Humanity/apps/24/redhat-server_settings.svg
/usr/share/icons/Humanity/apps/24/redhat-tools.svg
/usr/share/icons/Humanity/apps/24/redhat-web-browser.svg
/usr/share/icons/Humanity/apps/24/resapplet.svg
/usr/share/icons/Humanity/apps/24/rip.svg
/usr/share/icons/Humanity/apps/24/rpmdrake.svg
/usr/share/icons/Humanity/apps/24/screensaver.svg
/usr/share/icons/Humanity/apps/24/seahorse-preferences.png
/usr/share/icons/Humanity/apps/24/seahorse.png
/usr/share/icons/Humanity/apps/24/seahorse.xpm
/usr/share/icons/Humanity/apps/24/shares.svg
/usr/share/icons/Humanity/apps/24/simple-ccsm.svg
/usr/share/icons/Humanity/apps/24/sleep.svg
/usr/share/icons/Humanity/apps/24/stock_alarm.svg
/usr/share/icons/Humanity/apps/24/stock_bookmark.svg
/usr/share/icons/Humanity/apps/24/stock_delete-bookmark.svg
/usr/share/icons/Humanity/apps/24/stock_help-agent.svg
/usr/share/icons/Humanity/apps/24/stock_help.svg
/usr/share/icons/Humanity/apps/24/stock_unknown.svg
/usr/share/icons/Humanity/apps/24/stock_view-details.svg
/usr/share/icons/Humanity/apps/24/style.svg
/usr/share/icons/Humanity/apps/24/susehelpcenter.svg
/usr/share/icons/Humanity/apps/24/synaptic.svg
/usr/share/icons/Humanity/apps/24/synaptic.xpm
/usr/share/icons/Humanity/apps/24/system-config-display.svg
/usr/share/icons/Humanity/apps/24/system-config-securitylevel.svg
/usr/share/icons/Humanity/apps/24/system-config-users.svg
/usr/share/icons/Humanity/apps/24/system-hibernate.svg
/usr/share/icons/Humanity/apps/24/system-installer.svg
/usr/share/icons/Humanity/apps/24/system-restart.svg
/usr/share/icons/Humanity/apps/24/system-shut-down.svg
/usr/share/icons/Humanity/apps/24/system-software-installer.svg
/usr/share/icons/Humanity/apps/24/system-suspend-hibernate.svg
/usr/share/icons/Humanity/apps/24/system-suspend.svg
/usr/share/icons/Humanity/apps/24/system-switch-user.svg
/usr/share/icons/Humanity/apps/24/terminal.svg
/usr/share/icons/Humanity/apps/24/text-editor.svg
/usr/share/icons/Humanity/apps/24/tilda.svg
/usr/share/icons/Humanity/apps/24/time.svg
/usr/share/icons/Humanity/apps/24/totem.svg
/usr/share/icons/Humanity/apps/24/twf.svg
/usr/share/icons/Humanity/apps/24/un-reboot.svg
/usr/share/icons/Humanity/apps/24/update-manager.svg
/usr/share/icons/Humanity/apps/24/update-notifier.svg
/usr/share/icons/Humanity/apps/24/usb-creator-gtk.svg
/usr/share/icons/Humanity/apps/24/usb-creator.svg
/usr/share/icons/Humanity/apps/24/user-bookmarks.svg
/usr/share/icons/Humanity/apps/24/video-player.svg
/usr/share/icons/Humanity/apps/24/wallpaper.svg
/usr/share/icons/Humanity/apps/24/www-browser.svg
/usr/share/icons/Humanity/apps/24/x-system-software-sources.svg
/usr/share/icons/Humanity/apps/24/xfce-edit.svg
/usr/share/icons/Humanity/apps/24/xfce-man.svg
/usr/share/icons/Humanity/apps/24/xfce-printer.svg
/usr/share/icons/Humanity/apps/24/xfce-schedule.svg
/usr/share/icons/Humanity/apps/24/xfce-sound.svg
/usr/share/icons/Humanity/apps/24/xfce-system-info.svg
/usr/share/icons/Humanity/apps/24/xfce-terminal.svg
/usr/share/icons/Humanity/apps/24/xfce-unknown.svg
/usr/share/icons/Humanity/apps/24/xfce4-appfinder.svg
/usr/share/icons/Humanity/apps/24/xfce4-backdrop.svg
/usr/share/icons/Humanity/apps/24/xfce4-clock.svg
/usr/share/icons/Humanity/apps/24/xfce4-mcs-manager.svg
/usr/share/icons/Humanity/apps/24/xfce4-mcs-manager.xpm
/usr/share/icons/Humanity/apps/24/xfce4-menueditor.svg
/usr/share/icons/Humanity/apps/24/xfce4-session.svg
/usr/share/icons/Humanity/apps/24/xfce4-ui.svg
/usr/share/icons/Humanity/apps/24/xfsm-hibernate.svg
/usr/share/icons/Humanity/apps/24/xfsm-logout.svg
/usr/share/icons/Humanity/apps/24/xfsm-reboot.svg
/usr/share/icons/Humanity/apps/24/xfsm-shutdown.svg
/usr/share/icons/Humanity/apps/24/xfsm-suspend.svg
/usr/share/icons/Humanity/apps/24/xfsm-switch.svg
/usr/share/icons/Humanity/apps/24/xfwm4.svg
/usr/share/icons/Humanity/apps/24/ximian-evolution-calendar.svg
/usr/share/icons/Humanity/apps/24/xine.svg
/usr/share/icons/Humanity/apps/24/xmms.svg
/usr/share/icons/Humanity/apps/24/xscreensaver.svg
/usr/share/icons/Humanity/apps/24/yumex.svg
/usr/share/icons/Humanity/apps/24/zen-icon.svg
/usr/share/icons/Humanity/apps/32/Etermutilities-terminal.svg
/usr/share/icons/Humanity/apps/32/access.svg
/usr/share/icons/Humanity/apps/32/accessibility-directory.svg
/usr/share/icons/Humanity/apps/32/application-x-remote-connection.svg
/usr/share/icons/Humanity/apps/32/application-x-vnc.svg
/usr/share/icons/Humanity/apps/32/ax-applet.svg
/usr/share/icons/Humanity/apps/32/bash.svg
/usr/share/icons/Humanity/apps/32/beryl-settings.svg
/usr/share/icons/Humanity/apps/32/boot.svg
/usr/share/icons/Humanity/apps/32/ccsm.svg
/usr/share/icons/Humanity/apps/32/config-users.svg
/usr/share/icons/Humanity/apps/32/desktop-effects.svg
/usr/share/icons/Humanity/apps/32/drakstats.svg
/usr/share/icons/Humanity/apps/32/force-exit.svg
/usr/share/icons/Humanity/apps/32/gdeb.svg
/usr/share/icons/Humanity/apps/32/gdebi.svg
/usr/share/icons/Humanity/apps/32/gedit-icon.svg
/usr/share/icons/Humanity/apps/32/gedit-icon.xpm
/usr/share/icons/Humanity/apps/32/gedit-logo.svg
/usr/share/icons/Humanity/apps/32/gksu-debian.svg
/usr/share/icons/Humanity/apps/32/gksu-debian.xpm
/usr/share/icons/Humanity/apps/32/gnochm.svg
/usr/share/icons/Humanity/apps/32/gnome-app-install.svg
/usr/share/icons/Humanity/apps/32/gnome-apt.svg
/usr/share/icons/Humanity/apps/32/gnome-audio.svg
/usr/share/icons/Humanity/apps/32/gnome-control-center.svg
/usr/share/icons/Humanity/apps/32/gnome-eterm.svg
/usr/share/icons/Humanity/apps/32/gnome-fs-blockdev.svg
/usr/share/icons/Humanity/apps/32/gnome-help.svg
/usr/share/icons/Humanity/apps/32/gnome-info.svg
/usr/share/icons/Humanity/apps/32/gnome-mime-application-x-remote-connection.svg
/usr/share/icons/Humanity/apps/32/gnome-mime-application-x-vnc.svg
/usr/share/icons/Humanity/apps/32/gnome-monitor.svg
/usr/share/icons/Humanity/apps/32/gnome-package.svg
/usr/share/icons/Humanity/apps/32/gnome-panel-clock.svg
/usr/share/icons/Humanity/apps/32/gnome-session-halt.svg
/usr/share/icons/Humanity/apps/32/gnome-session-hebirnate.svg
/usr/share/icons/Humanity/apps/32/gnome-session-sleep.svg
/usr/share/icons/Humanity/apps/32/gnome-session-suspend.svg
/usr/share/icons/Humanity/apps/32/gnome-set-time.svg
/usr/share/icons/Humanity/apps/32/gnome-settings-accessibility-technologies.svg
/usr/share/icons/Humanity/apps/32/gnome-settings-sound.svg
/usr/share/icons/Humanity/apps/32/gnome-settings-theme.svg
/usr/share/icons/Humanity/apps/32/gnome-shutdown.svg
/usr/share/icons/Humanity/apps/32/gnome-sound-properties.svg
/usr/share/icons/Humanity/apps/32/gnome-status.svg
/usr/share/icons/Humanity/apps/32/gnome-system-monitor.svg
/usr/share/icons/Humanity/apps/32/gnome-term.svg
/usr/share/icons/Humanity/apps/32/gnome-terminal.svg
/usr/share/icons/Humanity/apps/32/gnome-terminal.xpm
/usr/share/icons/Humanity/apps/32/gnome-unknown.svg
/usr/share/icons/Humanity/apps/32/gnome-volume-control.svg
/usr/share/icons/Humanity/apps/32/gnome-window-manager.svg
/usr/share/icons/Humanity/apps/32/gnome-word.svg
/usr/share/icons/Humanity/apps/32/gnome-xterm.svg
/usr/share/icons/Humanity/apps/32/grip.svg
/usr/share/icons/Humanity/apps/32/gtk-help.svg
/usr/share/icons/Humanity/apps/32/gtk-info.svg
/usr/share/icons/Humanity/apps/32/help-browser.svg
/usr/share/icons/Humanity/apps/32/help-contents.svg
/usr/share/icons/Humanity/apps/32/help.svg
/usr/share/icons/Humanity/apps/32/hotwire.svg
/usr/share/icons/Humanity/apps/32/htop.svg
/usr/share/icons/Humanity/apps/32/indicator-applet.svg
/usr/share/icons/Humanity/apps/32/kcmkwm.svg
/usr/share/icons/Humanity/apps/32/kedit.svg
/usr/share/icons/Humanity/apps/32/kentoo.svg
/usr/share/icons/Humanity/apps/32/khelpcenter.svg
/usr/share/icons/Humanity/apps/32/konsole.svg
/usr/share/icons/Humanity/apps/32/kpackage.svg
/usr/share/icons/Humanity/apps/32/ksysguard.svg
/usr/share/icons/Humanity/apps/32/kuser.svg
/usr/share/icons/Humanity/apps/32/kwin.svg
/usr/share/icons/Humanity/apps/32/kynpatic.svg
/usr/share/icons/Humanity/apps/32/mousepad.svg
/usr/share/icons/Humanity/apps/32/news-feed.svg
/usr/share/icons/Humanity/apps/32/office-address-book.svg
/usr/share/icons/Humanity/apps/32/office-writer.svg
/usr/share/icons/Humanity/apps/32/ogmrip.svg
/usr/share/icons/Humanity/apps/32/ooo-base3.0.svg
/usr/share/icons/Humanity/apps/32/openofficeorg-base.svg
/usr/share/icons/Humanity/apps/32/openofficeorg3-base.svg
/usr/share/icons/Humanity/apps/32/openofficeorg3.0-base.svg
/usr/share/icons/Humanity/apps/32/openterm.svg
/usr/share/icons/Humanity/apps/32/org.gnome.Nautilus.svg
/usr/share/icons/Humanity/apps/32/package-manager-icon.svg
/usr/share/icons/Humanity/apps/32/pirut.svg
/usr/share/icons/Humanity/apps/32/plugin-notification.svg
/usr/share/icons/Humanity/apps/32/porthole.svg
/usr/share/icons/Humanity/apps/32/preferences-desktop-multimedia.svg
/usr/share/icons/Humanity/apps/32/preferences-sound.svg
/usr/share/icons/Humanity/apps/32/preferences-theme.svg
/usr/share/icons/Humanity/apps/32/pup.svg
/usr/share/icons/Humanity/apps/32/rclock.svg
/usr/share/icons/Humanity/apps/32/rip.svg
/usr/share/icons/Humanity/apps/32/rpmdrake.svg
/usr/share/icons/Humanity/apps/32/simple-ccsm.svg
/usr/share/icons/Humanity/apps/32/sleep.svg
/usr/share/icons/Humanity/apps/32/stock_alarm.svg
/usr/share/icons/Humanity/apps/32/stock_help-agent.svg
/usr/share/icons/Humanity/apps/32/stock_help.svg
/usr/share/icons/Humanity/apps/32/stock_unknown.svg
/usr/share/icons/Humanity/apps/32/stock_view-details.svg
/usr/share/icons/Humanity/apps/32/style.svg
/usr/share/icons/Humanity/apps/32/susehelpcenter.svg
/usr/share/icons/Humanity/apps/32/synaptic.svg
/usr/share/icons/Humanity/apps/32/synaptic.xpm
/usr/share/icons/Humanity/apps/32/system-config-users.svg
/usr/share/icons/Humanity/apps/32/system-hibernate.svg
/usr/share/icons/Humanity/apps/32/system-installer.svg
/usr/share/icons/Humanity/apps/32/system-shut-down.svg
/usr/share/icons/Humanity/apps/32/system-shutdown.svg
/usr/share/icons/Humanity/apps/32/system-software-installer.svg
/usr/share/icons/Humanity/apps/32/system-suspend-hibernate.svg
/usr/share/icons/Humanity/apps/32/system-suspend.svg
/usr/share/icons/Humanity/apps/32/terminal.svg
/usr/share/icons/Humanity/apps/32/text-editor.svg
/usr/share/icons/Humanity/apps/32/tilda.svg
/usr/share/icons/Humanity/apps/32/time.svg
/usr/share/icons/Humanity/apps/32/update-manager.svg
/usr/share/icons/Humanity/apps/32/update-notifier.svg
/usr/share/icons/Humanity/apps/32/usb-creator-gtk.svg
/usr/share/icons/Humanity/apps/32/usb-creator.svg
/usr/share/icons/Humanity/apps/32/xfce-edit.svg
/usr/share/icons/Humanity/apps/32/xfce-man.svg
/usr/share/icons/Humanity/apps/32/xfce-schedule.svg
/usr/share/icons/Humanity/apps/32/xfce-sound.svg
/usr/share/icons/Humanity/apps/32/xfce-system-info.svg
/usr/share/icons/Humanity/apps/32/xfce-terminal.svg
/usr/share/icons/Humanity/apps/32/xfce-unknown.svg
/usr/share/icons/Humanity/apps/32/xfce4-ui.svg
/usr/share/icons/Humanity/apps/32/xfsm-hibernate.svg
/usr/share/icons/Humanity/apps/32/xfsm-shutdown.svg
/usr/share/icons/Humanity/apps/32/xfsm-suspend.svg
/usr/share/icons/Humanity/apps/32/xfwm4.svg
/usr/share/icons/Humanity/apps/32/yumex.svg
/usr/share/icons/Humanity/apps/32/zen-icon.svg
/usr/share/icons/Humanity/apps/48/Etermutilities-terminal.svg
/usr/share/icons/Humanity/apps/48/access.svg
/usr/share/icons/Humanity/apps/48/accessibility-directory.svg
/usr/share/icons/Humanity/apps/48/administration.svg
/usr/share/icons/Humanity/apps/48/alacarte.svg
/usr/share/icons/Humanity/apps/48/applets-screenshooter.svg
/usr/share/icons/Humanity/apps/48/application-x-remote-connection.svg
/usr/share/icons/Humanity/apps/48/application-x-vnc.svg
/usr/share/icons/Humanity/apps/48/ax-applet.svg
/usr/share/icons/Humanity/apps/48/background.svg
/usr/share/icons/Humanity/apps/48/badge-small.svg
/usr/share/icons/Humanity/apps/48/bash.svg
/usr/share/icons/Humanity/apps/48/beryl-settings.svg
/usr/share/icons/Humanity/apps/48/boot.svg
/usr/share/icons/Humanity/apps/48/browser.svg
/usr/share/icons/Humanity/apps/48/cairo-clock.svg
/usr/share/icons/Humanity/apps/48/calc.svg
/usr/share/icons/Humanity/apps/48/calendar.svg
/usr/share/icons/Humanity/apps/48/catfish.svg
/usr/share/icons/Humanity/apps/48/ccsm.svg
/usr/share/icons/Humanity/apps/48/computerjanitor.svg
/usr/share/icons/Humanity/apps/48/config-date.svg
/usr/share/icons/Humanity/apps/48/config-language.svg
/usr/share/icons/Humanity/apps/48/config-users.svg
/usr/share/icons/Humanity/apps/48/control-center2.svg
/usr/share/icons/Humanity/apps/48/control-center2.xpm
/usr/share/icons/Humanity/apps/48/date.svg
/usr/share/icons/Humanity/apps/48/desktop-effects.svg
/usr/share/icons/Humanity/apps/48/display-capplet.svg
/usr/share/icons/Humanity/apps/48/drakconf.svg
/usr/share/icons/Humanity/apps/48/drakmenustyle.svg
/usr/share/icons/Humanity/apps/48/drakstats.svg
/usr/share/icons/Humanity/apps/48/edit-urpm-sources.svg
/usr/share/icons/Humanity/apps/48/epiphany-bookmarks.svg
/usr/share/icons/Humanity/apps/48/epiphany-browser.svg
/usr/share/icons/Humanity/apps/48/epiphany-gecko.svg
/usr/share/icons/Humanity/apps/48/epiphany-icon.svg
/usr/share/icons/Humanity/apps/48/epiphany-webkit.svg
/usr/share/icons/Humanity/apps/48/epiphany.svg
/usr/share/icons/Humanity/apps/48/force-exit.svg
/usr/share/icons/Humanity/apps/48/galeon.svg
/usr/share/icons/Humanity/apps/48/gconfeditor.svg
/usr/share/icons/Humanity/apps/48/gdeb.svg
/usr/share/icons/Humanity/apps/48/gdebi.svg
/usr/share/icons/Humanity/apps/48/gdmsetup.svg
/usr/share/icons/Humanity/apps/48/gedit-icon.svg
/usr/share/icons/Humanity/apps/48/gedit-icon.xpm
/usr/share/icons/Humanity/apps/48/gedit-logo.svg
/usr/share/icons/Humanity/apps/48/gkdebconf-icon.svg
/usr/share/icons/Humanity/apps/48/gkdebconf.svg
/usr/share/icons/Humanity/apps/48/gksu-debian.svg
/usr/share/icons/Humanity/apps/48/gksu-debian.xpm
/usr/share/icons/Humanity/apps/48/gnochm.svg
/usr/share/icons/Humanity/apps/48/gnome-app-install.svg
/usr/share/icons/Humanity/apps/48/gnome-apt.svg
/usr/share/icons/Humanity/apps/48/gnome-audio.svg
/usr/share/icons/Humanity/apps/48/gnome-calculator.svg
/usr/share/icons/Humanity/apps/48/gnome-calendar.svg
/usr/share/icons/Humanity/apps/48/gnome-cd.svg
/usr/share/icons/Humanity/apps/48/gnome-control-center.svg
/usr/share/icons/Humanity/apps/48/gnome-desktop-config.svg
/usr/share/icons/Humanity/apps/48/gnome-eterm.svg
/usr/share/icons/Humanity/apps/48/gnome-fs-blockdev.svg
/usr/share/icons/Humanity/apps/48/gnome-fs-bookmark.svg
/usr/share/icons/Humanity/apps/48/gnome-gmenu.svg
/usr/share/icons/Humanity/apps/48/gnome-help.svg
/usr/share/icons/Humanity/apps/48/gnome-info.svg
/usr/share/icons/Humanity/apps/48/gnome-log-out.svg
/usr/share/icons/Humanity/apps/48/gnome-logout.svg
/usr/share/icons/Humanity/apps/48/gnome-mime-application-x-remote-connection.svg
/usr/share/icons/Humanity/apps/48/gnome-mime-application-x-vnc.svg
/usr/share/icons/Humanity/apps/48/gnome-monitor.svg
/usr/share/icons/Humanity/apps/48/gnome-package.svg
/usr/share/icons/Humanity/apps/48/gnome-panel-clock.svg
/usr/share/icons/Humanity/apps/48/gnome-remote-desktop.svg
/usr/share/icons/Humanity/apps/48/gnome-screenshot.svg
/usr/share/icons/Humanity/apps/48/gnome-searchtool.svg
/usr/share/icons/Humanity/apps/48/gnome-session-halt.svg
/usr/share/icons/Humanity/apps/48/gnome-session-hebirnate.svg
/usr/share/icons/Humanity/apps/48/gnome-session-logout.svg
/usr/share/icons/Humanity/apps/48/gnome-session-properties.svg
/usr/share/icons/Humanity/apps/48/gnome-session-reboot.svg
/usr/share/icons/Humanity/apps/48/gnome-session-sleep.svg
/usr/share/icons/Humanity/apps/48/gnome-session-suspend.svg
/usr/share/icons/Humanity/apps/48/gnome-session.svg
/usr/share/icons/Humanity/apps/48/gnome-set-time.svg
/usr/share/icons/Humanity/apps/48/gnome-settings-accessibility-technologies.svg
/usr/share/icons/Humanity/apps/48/gnome-settings-background.svg
/usr/share/icons/Humanity/apps/48/gnome-settings-keybindings.svg
/usr/share/icons/Humanity/apps/48/gnome-settings-sound.svg
/usr/share/icons/Humanity/apps/48/gnome-settings-theme.svg
/usr/share/icons/Humanity/apps/48/gnome-shutdown.svg
/usr/share/icons/Humanity/apps/48/gnome-sound-properties.svg
/usr/share/icons/Humanity/apps/48/gnome-status.svg
/usr/share/icons/Humanity/apps/48/gnome-system-monitor.svg
/usr/share/icons/Humanity/apps/48/gnome-term.svg
/usr/share/icons/Humanity/apps/48/gnome-terminal.svg
/usr/share/icons/Humanity/apps/48/gnome-terminal.xpm
/usr/share/icons/Humanity/apps/48/gnome-translate.svg
/usr/share/icons/Humanity/apps/48/gnome-unknown.svg
/usr/share/icons/Humanity/apps/48/gnome-volume-control.svg
/usr/share/icons/Humanity/apps/48/gnome-web-browser.svg
/usr/share/icons/Humanity/apps/48/gnome-window-manager.svg
/usr/share/icons/Humanity/apps/48/gnome-word.svg
/usr/share/icons/Humanity/apps/48/gnome-xterm.svg
/usr/share/icons/Humanity/apps/48/goobox.svg
/usr/share/icons/Humanity/apps/48/goobox.xpm
/usr/share/icons/Humanity/apps/48/gpk-repo.svg
/usr/share/icons/Humanity/apps/48/gpm-hibernate.svg
/usr/share/icons/Humanity/apps/48/grandr.svg
/usr/share/icons/Humanity/apps/48/grip.svg
/usr/share/icons/Humanity/apps/48/gsd-xrandr.svg
/usr/share/icons/Humanity/apps/48/gtk-help.svg
/usr/share/icons/Humanity/apps/48/gtk-info.svg
/usr/share/icons/Humanity/apps/48/help-browser.svg
/usr/share/icons/Humanity/apps/48/help-contents.svg
/usr/share/icons/Humanity/apps/48/help.svg
/usr/share/icons/Humanity/apps/48/hotwire.svg
/usr/share/icons/Humanity/apps/48/htop.svg
/usr/share/icons/Humanity/apps/48/ibus-setup.svg
/usr/share/icons/Humanity/apps/48/indicator-applet.svg
/usr/share/icons/Humanity/apps/48/internet-web-browser.svg
/usr/share/icons/Humanity/apps/48/jockey-kde.svg
/usr/share/icons/Humanity/apps/48/kcalc.svg
/usr/share/icons/Humanity/apps/48/kcmkwm.svg
/usr/share/icons/Humanity/apps/48/kedit.svg
/usr/share/icons/Humanity/apps/48/kentoo.svg
/usr/share/icons/Humanity/apps/48/key_bindings.svg
/usr/share/icons/Humanity/apps/48/keyring-manager.svg
/usr/share/icons/Humanity/apps/48/khelpcenter.svg
/usr/share/icons/Humanity/apps/48/konsole.svg
/usr/share/icons/Humanity/apps/48/kpackage.svg
/usr/share/icons/Humanity/apps/48/krfb.svg
/usr/share/icons/Humanity/apps/48/kscreensaver.svg
/usr/share/icons/Humanity/apps/48/ksysguard.svg
/usr/share/icons/Humanity/apps/48/kuser.svg
/usr/share/icons/Humanity/apps/48/kwin.svg
/usr/share/icons/Humanity/apps/48/kynpatic.svg
/usr/share/icons/Humanity/apps/48/locale.svg
/usr/share/icons/Humanity/apps/48/lv_icon.svg
/usr/share/icons/Humanity/apps/48/mandrivaupdate.svg
/usr/share/icons/Humanity/apps/48/media-player-48.svg
/usr/share/icons/Humanity/apps/48/mousepad.svg
/usr/share/icons/Humanity/apps/48/news-feed.svg
/usr/share/icons/Humanity/apps/48/nm-vpn-standalone-lock.svg
/usr/share/icons/Humanity/apps/48/office-address-book.svg
/usr/share/icons/Humanity/apps/48/office-calendar.svg
/usr/share/icons/Humanity/apps/48/office-date.svg
/usr/share/icons/Humanity/apps/48/ogmrip.svg
/usr/share/icons/Humanity/apps/48/openterm.svg
/usr/share/icons/Humanity/apps/48/org.gnome.Nautilus.svg
/usr/share/icons/Humanity/apps/48/package-manager-icon.svg
/usr/share/icons/Humanity/apps/48/palm-pilot.svg
/usr/share/icons/Humanity/apps/48/panel-searchtool.svg
/usr/share/icons/Humanity/apps/48/paprefs.svg
/usr/share/icons/Humanity/apps/48/password.svg
/usr/share/icons/Humanity/apps/48/pirut.svg
/usr/share/icons/Humanity/apps/48/pk-package-sources.svg
/usr/share/icons/Humanity/apps/48/plan.svg
/usr/share/icons/Humanity/apps/48/plugin-notification.svg
/usr/share/icons/Humanity/apps/48/porthole.svg
/usr/share/icons/Humanity/apps/48/preferences-desktop-default-applications.svg
/usr/share/icons/Humanity/apps/48/preferences-desktop-display.svg
/usr/share/icons/Humanity/apps/48/preferences-desktop-keyboard.svg
/usr/share/icons/Humanity/apps/48/preferences-desktop-multimedia.svg
/usr/share/icons/Humanity/apps/48/preferences-sound.svg
/usr/share/icons/Humanity/apps/48/preferences-system-session.svg
/usr/share/icons/Humanity/apps/48/preferences-theme.svg
/usr/share/icons/Humanity/apps/48/preferences-wallpaper.svg
/usr/share/icons/Humanity/apps/48/pup.svg
/usr/share/icons/Humanity/apps/48/rclock.svg
/usr/share/icons/Humanity/apps/48/reboot-notifier.svg
/usr/share/icons/Humanity/apps/48/redhat-server_settings.svg
/usr/share/icons/Humanity/apps/48/redhat-tools.svg
/usr/share/icons/Humanity/apps/48/redhat-web-browser.svg
/usr/share/icons/Humanity/apps/48/resapplet.svg
/usr/share/icons/Humanity/apps/48/rip.svg
/usr/share/icons/Humanity/apps/48/rpmdrake.svg
/usr/share/icons/Humanity/apps/48/screensaver.svg
/usr/share/icons/Humanity/apps/48/seahorse-preferences.svg
/usr/share/icons/Humanity/apps/48/seahorse.svg
/usr/share/icons/Humanity/apps/48/seahorse.xpm
/usr/share/icons/Humanity/apps/48/shares.svg
/usr/share/icons/Humanity/apps/48/simple-ccsm.svg
/usr/share/icons/Humanity/apps/48/sleep.svg
/usr/share/icons/Humanity/apps/48/stock_alarm.svg
/usr/share/icons/Humanity/apps/48/stock_bookmark.svg
/usr/share/icons/Humanity/apps/48/stock_delete-bookmark.svg
/usr/share/icons/Humanity/apps/48/stock_help-agent.svg
/usr/share/icons/Humanity/apps/48/stock_help.svg
/usr/share/icons/Humanity/apps/48/stock_unknown.svg
/usr/share/icons/Humanity/apps/48/stock_view-details.svg
/usr/share/icons/Humanity/apps/48/style.svg
/usr/share/icons/Humanity/apps/48/susehelpcenter.svg
/usr/share/icons/Humanity/apps/48/synaptic.svg
/usr/share/icons/Humanity/apps/48/synaptic.xpm
/usr/share/icons/Humanity/apps/48/system-config-display.svg
/usr/share/icons/Humanity/apps/48/system-config-securitylevel.svg
/usr/share/icons/Humanity/apps/48/system-config-users.svg
/usr/share/icons/Humanity/apps/48/system-hibernate.svg
/usr/share/icons/Humanity/apps/48/system-installer.svg
/usr/share/icons/Humanity/apps/48/system-restart.svg
/usr/share/icons/Humanity/apps/48/system-shut-down.svg
/usr/share/icons/Humanity/apps/48/system-shutdown.svg
/usr/share/icons/Humanity/apps/48/system-software-installer.svg
/usr/share/icons/Humanity/apps/48/system-suspend-hibernate.svg
/usr/share/icons/Humanity/apps/48/system-suspend.svg
/usr/share/icons/Humanity/apps/48/system-switch-user.svg
/usr/share/icons/Humanity/apps/48/taskbar.svg
/usr/share/icons/Humanity/apps/48/terminal.svg
/usr/share/icons/Humanity/apps/48/text-editor.svg
/usr/share/icons/Humanity/apps/48/tilda.svg
/usr/share/icons/Humanity/apps/48/time.svg
/usr/share/icons/Humanity/apps/48/totem.svg
/usr/share/icons/Humanity/apps/48/un-reboot.svg
/usr/share/icons/Humanity/apps/48/update-manager.svg
/usr/share/icons/Humanity/apps/48/update-notifier.svg
/usr/share/icons/Humanity/apps/48/usb-creator-gtk.svg
/usr/share/icons/Humanity/apps/48/usb-creator.svg
/usr/share/icons/Humanity/apps/48/user-bookmarks.svg
/usr/share/icons/Humanity/apps/48/video-player.svg
/usr/share/icons/Humanity/apps/48/visor.svg
/usr/share/icons/Humanity/apps/48/workspace-switcher.svg
/usr/share/icons/Humanity/apps/48/www-browser.svg
/usr/share/icons/Humanity/apps/48/x-system-software-sources.svg
/usr/share/icons/Humanity/apps/48/xfce-edit.svg
/usr/share/icons/Humanity/apps/48/xfce-man.svg
/usr/share/icons/Humanity/apps/48/xfce-schedule.svg
/usr/share/icons/Humanity/apps/48/xfce-sound.svg
/usr/share/icons/Humanity/apps/48/xfce-system-info.svg
/usr/share/icons/Humanity/apps/48/xfce-terminal.svg
/usr/share/icons/Humanity/apps/48/xfce-unknown.svg
/usr/share/icons/Humanity/apps/48/xfce4-appfinder.svg
/usr/share/icons/Humanity/apps/48/xfce4-backdrop.svg
/usr/share/icons/Humanity/apps/48/xfce4-clock.svg
/usr/share/icons/Humanity/apps/48/xfce4-mcs-manager.svg
/usr/share/icons/Humanity/apps/48/xfce4-mcs-manager.xpm
/usr/share/icons/Humanity/apps/48/xfce4-menueditor.svg
/usr/share/icons/Humanity/apps/48/xfce4-session.svg
/usr/share/icons/Humanity/apps/48/xfce4-ui.svg
/usr/share/icons/Humanity/apps/48/xfsm-hibernate.svg
/usr/share/icons/Humanity/apps/48/xfsm-logout.svg
/usr/share/icons/Humanity/apps/48/xfsm-reboot.svg
/usr/share/icons/Humanity/apps/48/xfsm-shutdown.svg
/usr/share/icons/Humanity/apps/48/xfsm-suspend.svg
/usr/share/icons/Humanity/apps/48/xfsm-switch.svg
/usr/share/icons/Humanity/apps/48/xfwm4.svg
/usr/share/icons/Humanity/apps/48/ximian-evolution-calendar.svg
/usr/share/icons/Humanity/apps/48/xine.svg
/usr/share/icons/Humanity/apps/48/xmms.svg
/usr/share/icons/Humanity/apps/48/xscreensaver.svg
/usr/share/icons/Humanity/apps/48/yumex.svg
/usr/share/icons/Humanity/apps/48/zen-icon.svg
/usr/share/icons/Humanity/apps/64/Etermutilities-terminal.svg
/usr/share/icons/Humanity/apps/64/access.svg
/usr/share/icons/Humanity/apps/64/accessibility-directory.svg
/usr/share/icons/Humanity/apps/64/ax-applet.svg
/usr/share/icons/Humanity/apps/64/bash.svg
/usr/share/icons/Humanity/apps/64/control-center2.svg
/usr/share/icons/Humanity/apps/64/control-center2.xpm
/usr/share/icons/Humanity/apps/64/drakconf.svg
/usr/share/icons/Humanity/apps/64/drakstats.svg
/usr/share/icons/Humanity/apps/64/gconfeditor.svg
/usr/share/icons/Humanity/apps/64/gdeb.svg
/usr/share/icons/Humanity/apps/64/gdebi.svg
/usr/share/icons/Humanity/apps/64/gkdebconf-icon.svg
/usr/share/icons/Humanity/apps/64/gkdebconf.svg
/usr/share/icons/Humanity/apps/64/gksu-debian.svg
/usr/share/icons/Humanity/apps/64/gksu-debian.xpm
/usr/share/icons/Humanity/apps/64/gnochm.svg
/usr/share/icons/Humanity/apps/64/gnome-app-install.svg
/usr/share/icons/Humanity/apps/64/gnome-apt.svg
/usr/share/icons/Humanity/apps/64/gnome-control-center.svg
/usr/share/icons/Humanity/apps/64/gnome-eterm.svg
/usr/share/icons/Humanity/apps/64/gnome-help.svg
/usr/share/icons/Humanity/apps/64/gnome-info.svg
/usr/share/icons/Humanity/apps/64/gnome-package.svg
/usr/share/icons/Humanity/apps/64/gnome-settings-accessibility-technologies.svg
/usr/share/icons/Humanity/apps/64/gnome-status.svg
/usr/share/icons/Humanity/apps/64/gnome-term.svg
/usr/share/icons/Humanity/apps/64/gnome-terminal.svg
/usr/share/icons/Humanity/apps/64/gnome-terminal.xpm
/usr/share/icons/Humanity/apps/64/gnome-unknown.svg
/usr/share/icons/Humanity/apps/64/gnome-xterm.svg
/usr/share/icons/Humanity/apps/64/grip.svg
/usr/share/icons/Humanity/apps/64/gtk-help.svg
/usr/share/icons/Humanity/apps/64/help-browser.svg
/usr/share/icons/Humanity/apps/64/help-contents.svg
/usr/share/icons/Humanity/apps/64/help.svg
/usr/share/icons/Humanity/apps/64/hotwire.svg
/usr/share/icons/Humanity/apps/64/indicator-applet.svg
/usr/share/icons/Humanity/apps/64/kentoo.svg
/usr/share/icons/Humanity/apps/64/khelpcenter.svg
/usr/share/icons/Humanity/apps/64/konsole.svg
/usr/share/icons/Humanity/apps/64/kpackage.svg
/usr/share/icons/Humanity/apps/64/kynpatic.svg
/usr/share/icons/Humanity/apps/64/news-feed.svg
/usr/share/icons/Humanity/apps/64/office-address-book.svg
/usr/share/icons/Humanity/apps/64/ogmrip.svg
/usr/share/icons/Humanity/apps/64/openterm.svg
/usr/share/icons/Humanity/apps/64/package-manager-icon.svg
/usr/share/icons/Humanity/apps/64/paprefs.svg
/usr/share/icons/Humanity/apps/64/pirut.svg
/usr/share/icons/Humanity/apps/64/plugin-notification.svg
/usr/share/icons/Humanity/apps/64/porthole.svg
/usr/share/icons/Humanity/apps/64/redhat-server_settings.svg
/usr/share/icons/Humanity/apps/64/redhat-tools.svg
/usr/share/icons/Humanity/apps/64/rip.svg
/usr/share/icons/Humanity/apps/64/rpmdrake.svg
/usr/share/icons/Humanity/apps/64/stock_help-agent.svg
/usr/share/icons/Humanity/apps/64/stock_help.svg
/usr/share/icons/Humanity/apps/64/stock_unknown.svg
/usr/share/icons/Humanity/apps/64/stock_view-details.svg
/usr/share/icons/Humanity/apps/64/susehelpcenter.svg
/usr/share/icons/Humanity/apps/64/synaptic.svg
/usr/share/icons/Humanity/apps/64/synaptic.xpm
/usr/share/icons/Humanity/apps/64/system-installer.svg
/usr/share/icons/Humanity/apps/64/system-software-installer.svg
/usr/share/icons/Humanity/apps/64/terminal.svg
/usr/share/icons/Humanity/apps/64/tilda.svg
/usr/share/icons/Humanity/apps/64/update-notifier.svg
/usr/share/icons/Humanity/apps/64/usb-creator-gtk.svg
/usr/share/icons/Humanity/apps/64/usb-creator.svg
/usr/share/icons/Humanity/apps/64/xfce-man.svg
/usr/share/icons/Humanity/apps/64/xfce-system-info.svg
/usr/share/icons/Humanity/apps/64/xfce-terminal.svg
/usr/share/icons/Humanity/apps/64/xfce-unknown.svg
/usr/share/icons/Humanity/apps/64/xfce4-mcs-manager.svg
/usr/share/icons/Humanity/apps/64/xfce4-mcs-manager.xpm
/usr/share/icons/Humanity/apps/64/yumex.svg
/usr/share/icons/Humanity/apps@2
/usr/share/icons/Humanity/categories/128/documentation_section.svg
/usr/share/icons/Humanity/categories/128/package_development.svg
/usr/share/icons/Humanity/categories/128/redhat-programming.svg
/usr/share/icons/Humanity/categories/128/system-help.svg
/usr/share/icons/Humanity/categories/128/xfce-devel.svg
/usr/share/icons/Humanity/categories/16/applications-system.svg
/usr/share/icons/Humanity/categories/16/configuration_section.svg
/usr/share/icons/Humanity/categories/16/documentation_section.svg
/usr/share/icons/Humanity/categories/16/gnome-applications.svg
/usr/share/icons/Humanity/categories/16/gnome-devel.svg
/usr/share/icons/Humanity/categories/16/gnome-globe.svg
/usr/share/icons/Humanity/categories/16/gnome-graphics.svg
/usr/share/icons/Humanity/categories/16/gnome-joystick.svg
/usr/share/icons/Humanity/categories/16/gnome-settings.svg
/usr/share/icons/Humanity/categories/16/gnome-system.svg
/usr/share/icons/Humanity/categories/16/gnome-util.svg
/usr/share/icons/Humanity/categories/16/gtk-preferences.svg
/usr/share/icons/Humanity/categories/16/kcontrol.svg
/usr/share/icons/Humanity/categories/16/package_development.svg
/usr/share/icons/Humanity/categories/16/package_games.svg
/usr/share/icons/Humanity/categories/16/package_graphics.svg
/usr/share/icons/Humanity/categories/16/package_network.svg
/usr/share/icons/Humanity/categories/16/package_office.svg
/usr/share/icons/Humanity/categories/16/package_system.svg
/usr/share/icons/Humanity/categories/16/package_utilities.svg
/usr/share/icons/Humanity/categories/16/redhat-accessories.svg
/usr/share/icons/Humanity/categories/16/redhat-games.svg
/usr/share/icons/Humanity/categories/16/redhat-graphics.svg
/usr/share/icons/Humanity/categories/16/redhat-internet.svg
/usr/share/icons/Humanity/categories/16/redhat-office.svg
/usr/share/icons/Humanity/categories/16/redhat-preferences.svg
/usr/share/icons/Humanity/categories/16/redhat-programming.svg
/usr/share/icons/Humanity/categories/16/redhat-system_tools.svg
/usr/share/icons/Humanity/categories/16/stock_internet.svg
/usr/share/icons/Humanity/categories/16/system-help.svg
/usr/share/icons/Humanity/categories/16/system_section.svg
/usr/share/icons/Humanity/categories/16/xfce-devel.svg
/usr/share/icons/Humanity/categories/16/xfce-games.svg
/usr/share/icons/Humanity/categories/16/xfce-graphics.svg
/usr/share/icons/Humanity/categories/16/xfce-internet.svg
/usr/share/icons/Humanity/categories/16/xfce-office.svg
/usr/share/icons/Humanity/categories/16/xfce-system.svg
/usr/share/icons/Humanity/categories/16/xfce-utils.svg
/usr/share/icons/Humanity/categories/16/xfce4-settings.svg
/usr/share/icons/Humanity/categories/22/applications-system.svg
/usr/share/icons/Humanity/categories/22/documentation_section.svg
/usr/share/icons/Humanity/categories/22/gnome-applications.svg
/usr/share/icons/Humanity/categories/22/gnome-devel.svg
/usr/share/icons/Humanity/categories/22/gnome-globe.svg
/usr/share/icons/Humanity/categories/22/gnome-graphics.svg
/usr/share/icons/Humanity/categories/22/gnome-joystick.svg
/usr/share/icons/Humanity/categories/22/gnome-system.svg
/usr/share/icons/Humanity/categories/22/gnome-util.svg
/usr/share/icons/Humanity/categories/22/package_development.svg
/usr/share/icons/Humanity/categories/22/package_games.svg
/usr/share/icons/Humanity/categories/22/package_graphics.svg
/usr/share/icons/Humanity/categories/22/package_network.svg
/usr/share/icons/Humanity/categories/22/package_office.svg
/usr/share/icons/Humanity/categories/22/package_system.svg
/usr/share/icons/Humanity/categories/22/package_utilities.svg
/usr/share/icons/Humanity/categories/22/redhat-accessories.svg
/usr/share/icons/Humanity/categories/22/redhat-games.svg
/usr/share/icons/Humanity/categories/22/redhat-graphics.svg
/usr/share/icons/Humanity/categories/22/redhat-internet.svg
/usr/share/icons/Humanity/categories/22/redhat-office.svg
/usr/share/icons/Humanity/categories/22/redhat-programming.svg
/usr/share/icons/Humanity/categories/22/redhat-system_tools.svg
/usr/share/icons/Humanity/categories/22/stock_internet.svg
/usr/share/icons/Humanity/categories/22/system-help.svg
/usr/share/icons/Humanity/categories/22/system_section.svg
/usr/share/icons/Humanity/categories/22/xfce-devel.svg
/usr/share/icons/Humanity/categories/22/xfce-games.svg
/usr/share/icons/Humanity/categories/22/xfce-graphics.svg
/usr/share/icons/Humanity/categories/22/xfce-internet.svg
/usr/share/icons/Humanity/categories/22/xfce-office.svg
/usr/share/icons/Humanity/categories/22/xfce-system.svg
/usr/share/icons/Humanity/categories/22/xfce-utils.svg
/usr/share/icons/Humanity/categories/24/applications-system.svg
/usr/share/icons/Humanity/categories/24/configuration_section.svg
/usr/share/icons/Humanity/categories/24/documentation_section.svg
/usr/share/icons/Humanity/categories/24/gnome-applications.svg
/usr/share/icons/Humanity/categories/24/gnome-devel.svg
/usr/share/icons/Humanity/categories/24/gnome-globe.svg
/usr/share/icons/Humanity/categories/24/gnome-graphics.svg
/usr/share/icons/Humanity/categories/24/gnome-joystick.svg
/usr/share/icons/Humanity/categories/24/gnome-multimedia.svg
/usr/share/icons/Humanity/categories/24/gnome-other.svg
/usr/share/icons/Humanity/categories/24/gnome-settings.svg
/usr/share/icons/Humanity/categories/24/gnome-system.svg
/usr/share/icons/Humanity/categories/24/gnome-util.svg
/usr/share/icons/Humanity/categories/24/gtk-preferences.svg
/usr/share/icons/Humanity/categories/24/kcontrol.svg
/usr/share/icons/Humanity/categories/24/multimedia_section.svg
/usr/share/icons/Humanity/categories/24/package_development.svg
/usr/share/icons/Humanity/categories/24/package_games.svg
/usr/share/icons/Humanity/categories/24/package_graphics.svg
/usr/share/icons/Humanity/categories/24/package_multimedia.svg
/usr/share/icons/Humanity/categories/24/package_network.svg
/usr/share/icons/Humanity/categories/24/package_office.svg
/usr/share/icons/Humanity/categories/24/package_settings.svg
/usr/share/icons/Humanity/categories/24/package_system.svg
/usr/share/icons/Humanity/categories/24/package_utilities.svg
/usr/share/icons/Humanity/categories/24/redhat-accessories.svg
/usr/share/icons/Humanity/categories/24/redhat-games.svg
/usr/share/icons/Humanity/categories/24/redhat-graphics.svg
/usr/share/icons/Humanity/categories/24/redhat-internet.svg
/usr/share/icons/Humanity/categories/24/redhat-office.svg
/usr/share/icons/Humanity/categories/24/redhat-preferences.svg
/usr/share/icons/Humanity/categories/24/redhat-programming.svg
/usr/share/icons/Humanity/categories/24/redhat-sound_video.svg
/usr/share/icons/Humanity/categories/24/redhat-system_settings.svg
/usr/share/icons/Humanity/categories/24/redhat-system_tools.svg
/usr/share/icons/Humanity/categories/24/stock_internet.svg
/usr/share/icons/Humanity/categories/24/system-help.svg
/usr/share/icons/Humanity/categories/24/system_section.svg
/usr/share/icons/Humanity/categories/24/xfce-devel.svg
/usr/share/icons/Humanity/categories/24/xfce-games.svg
/usr/share/icons/Humanity/categories/24/xfce-graphics.svg
/usr/share/icons/Humanity/categories/24/xfce-internet.svg
/usr/share/icons/Humanity/categories/24/xfce-multimedia.svg
/usr/share/icons/Humanity/categories/24/xfce-office.svg
/usr/share/icons/Humanity/categories/24/xfce-system-settings.svg
/usr/share/icons/Humanity/categories/24/xfce-system.svg
/usr/share/icons/Humanity/categories/24/xfce-utils.svg
/usr/share/icons/Humanity/categories/24/xfce4-settings.svg
/usr/share/icons/Humanity/categories/32/applications-system.svg
/usr/share/icons/Humanity/categories/32/configuration_section.svg
/usr/share/icons/Humanity/categories/32/documentation_section.svg
/usr/share/icons/Humanity/categories/32/gnome-applications.svg
/usr/share/icons/Humanity/categories/32/gnome-devel.svg
/usr/share/icons/Humanity/categories/32/gnome-globe.svg
/usr/share/icons/Humanity/categories/32/gnome-graphics.svg
/usr/share/icons/Humanity/categories/32/gnome-joystick.svg
/usr/share/icons/Humanity/categories/32/gnome-multimedia.svg
/usr/share/icons/Humanity/categories/32/gnome-other.svg
/usr/share/icons/Humanity/categories/32/gnome-settings.svg
/usr/share/icons/Humanity/categories/32/gnome-system.svg
/usr/share/icons/Humanity/categories/32/gnome-util.svg
/usr/share/icons/Humanity/categories/32/kcontrol.svg
/usr/share/icons/Humanity/categories/32/multimedia_section.svg
/usr/share/icons/Humanity/categories/32/package_development.svg
/usr/share/icons/Humanity/categories/32/package_games.svg
/usr/share/icons/Humanity/categories/32/package_graphics.svg
/usr/share/icons/Humanity/categories/32/package_multimedia.svg
/usr/share/icons/Humanity/categories/32/package_network.svg
/usr/share/icons/Humanity/categories/32/package_office.svg
/usr/share/icons/Humanity/categories/32/package_settings.svg
/usr/share/icons/Humanity/categories/32/package_system.svg
/usr/share/icons/Humanity/categories/32/package_utilities.svg
/usr/share/icons/Humanity/categories/32/redhat-accessories.svg
/usr/share/icons/Humanity/categories/32/redhat-games.svg
/usr/share/icons/Humanity/categories/32/redhat-graphics.svg
/usr/share/icons/Humanity/categories/32/redhat-internet.svg
/usr/share/icons/Humanity/categories/32/redhat-office.svg
/usr/share/icons/Humanity/categories/32/redhat-preferences.svg
/usr/share/icons/Humanity/categories/32/redhat-programming.svg
/usr/share/icons/Humanity/categories/32/redhat-sound_video.svg
/usr/share/icons/Humanity/categories/32/redhat-system_settings.svg
/usr/share/icons/Humanity/categories/32/redhat-system_tools.svg
/usr/share/icons/Humanity/categories/32/stock_internet.svg
/usr/share/icons/Humanity/categories/32/system-help.svg
/usr/share/icons/Humanity/categories/32/system_section.svg
/usr/share/icons/Humanity/categories/32/xfce-devel.svg
/usr/share/icons/Humanity/categories/32/xfce-games.svg
/usr/share/icons/Humanity/categories/32/xfce-graphics.svg
/usr/share/icons/Humanity/categories/32/xfce-internet.svg
/usr/share/icons/Humanity/categories/32/xfce-multimedia.svg
/usr/share/icons/Humanity/categories/32/xfce-office.svg
/usr/share/icons/Humanity/categories/32/xfce-system-settings.svg
/usr/share/icons/Humanity/categories/32/xfce-system.svg
/usr/share/icons/Humanity/categories/32/xfce-utils.svg
/usr/share/icons/Humanity/categories/32/xfce4-settings.svg
/usr/share/icons/Humanity/categories/48/applications-system.svg
/usr/share/icons/Humanity/categories/48/applications-webbrowsers.svg
/usr/share/icons/Humanity/categories/48/configuration_section.svg
/usr/share/icons/Humanity/categories/48/documentation_section.svg
/usr/share/icons/Humanity/categories/48/gnome-applications.svg
/usr/share/icons/Humanity/categories/48/gnome-devel.svg
/usr/share/icons/Humanity/categories/48/gnome-globe.svg
/usr/share/icons/Humanity/categories/48/gnome-graphics.svg
/usr/share/icons/Humanity/categories/48/gnome-joystick.svg
/usr/share/icons/Humanity/categories/48/gnome-multimedia.svg
/usr/share/icons/Humanity/categories/48/gnome-other.svg
/usr/share/icons/Humanity/categories/48/gnome-settings.svg
/usr/share/icons/Humanity/categories/48/gnome-system.svg
/usr/share/icons/Humanity/categories/48/gnome-util.svg
/usr/share/icons/Humanity/categories/48/gtk-preferences.svg
/usr/share/icons/Humanity/categories/48/kcontrol.svg
/usr/share/icons/Humanity/categories/48/multimedia_section.svg
/usr/share/icons/Humanity/categories/48/package_development.svg
/usr/share/icons/Humanity/categories/48/package_games.svg
/usr/share/icons/Humanity/categories/48/package_graphics.svg
/usr/share/icons/Humanity/categories/48/package_multimedia.svg
/usr/share/icons/Humanity/categories/48/package_network.svg
/usr/share/icons/Humanity/categories/48/package_office.svg
/usr/share/icons/Humanity/categories/48/package_settings.svg
/usr/share/icons/Humanity/categories/48/package_system.svg
/usr/share/icons/Humanity/categories/48/package_utilities.svg
/usr/share/icons/Humanity/categories/48/redhat-accessories.svg
/usr/share/icons/Humanity/categories/48/redhat-games.svg
/usr/share/icons/Humanity/categories/48/redhat-graphics.svg
/usr/share/icons/Humanity/categories/48/redhat-internet.svg
/usr/share/icons/Humanity/categories/48/redhat-office.svg
/usr/share/icons/Humanity/categories/48/redhat-preferences.svg
/usr/share/icons/Humanity/categories/48/redhat-programming.svg
/usr/share/icons/Humanity/categories/48/redhat-sound_video.svg
/usr/share/icons/Humanity/categories/48/redhat-system_settings.svg
/usr/share/icons/Humanity/categories/48/redhat-system_tools.svg
/usr/share/icons/Humanity/categories/48/stock_internet.svg
/usr/share/icons/Humanity/categories/48/system-help.svg
/usr/share/icons/Humanity/categories/48/system_section.svg
/usr/share/icons/Humanity/categories/48/xfce-devel.svg
/usr/share/icons/Humanity/categories/48/xfce-games.svg
/usr/share/icons/Humanity/categories/48/xfce-graphics.svg
/usr/share/icons/Humanity/categories/48/xfce-internet.svg
/usr/share/icons/Humanity/categories/48/xfce-multimedia.svg
/usr/share/icons/Humanity/categories/48/xfce-office.svg
/usr/share/icons/Humanity/categories/48/xfce-system-settings.svg
/usr/share/icons/Humanity/categories/48/xfce-system.svg
/usr/share/icons/Humanity/categories/48/xfce-utils.svg
/usr/share/icons/Humanity/categories/48/xfce4-settings.svg
/usr/share/icons/Humanity/categories/64/gnome-applications.svg
/usr/share/icons/Humanity/categories/64/gnome-globe.svg
/usr/share/icons/Humanity/categories/64/gnome-graphics.svg
/usr/share/icons/Humanity/categories/64/gnome-multimedia.svg
/usr/share/icons/Humanity/categories/64/gnome-other.svg
/usr/share/icons/Humanity/categories/64/gnome-util.svg
/usr/share/icons/Humanity/categories/64/multimedia_section.svg
/usr/share/icons/Humanity/categories/64/package_development.svg
/usr/share/icons/Humanity/categories/64/package_graphics.svg
/usr/share/icons/Humanity/categories/64/package_multimedia.svg
/usr/share/icons/Humanity/categories/64/package_network.svg
/usr/share/icons/Humanity/categories/64/package_office.svg
/usr/share/icons/Humanity/categories/64/package_settings.svg
/usr/share/icons/Humanity/categories/64/package_utilities.svg
/usr/share/icons/Humanity/categories/64/redhat-accessories.svg
/usr/share/icons/Humanity/categories/64/redhat-graphics.svg
/usr/share/icons/Humanity/categories/64/redhat-internet.svg
/usr/share/icons/Humanity/categories/64/redhat-office.svg
/usr/share/icons/Humanity/categories/64/redhat-programming.svg
/usr/share/icons/Humanity/categories/64/redhat-sound_video.svg
/usr/share/icons/Humanity/categories/64/redhat-system_settings.svg
/usr/share/icons/Humanity/categories/64/stock_internet.svg
/usr/share/icons/Humanity/categories/64/xfce-devel.svg
/usr/share/icons/Humanity/categories/64/xfce-graphics.svg
/usr/share/icons/Humanity/categories/64/xfce-internet.svg
/usr/share/icons/Humanity/categories/64/xfce-multimedia.svg
/usr/share/icons/Humanity/categories/64/xfce-office.svg
/usr/share/icons/Humanity/categories/64/xfce-system-settings.svg
/usr/share/icons/Humanity/categories/64/xfce-utils.svg
/usr/share/icons/Humanity/categories@2
/usr/share/icons/Humanity/devices/128/block-device.svg
/usr/share/icons/Humanity/devices/128/cdrom_unmount.svg
/usr/share/icons/Humanity/devices/128/drive-harddisk-scsi.svg
/usr/share/icons/Humanity/devices/128/gnome-cd.svg
/usr/share/icons/Humanity/devices/128/gnome-dev-disc-cdrom.svg
/usr/share/icons/Humanity/devices/128/gnome-dev-harddisk.svg
/usr/share/icons/Humanity/devices/128/gtk-cdrom.svg
/usr/share/icons/Humanity/devices/128/gtk-harddisk.svg
/usr/share/icons/Humanity/devices/128/harddrive.svg
/usr/share/icons/Humanity/devices/128/hdd_unmount.svg
/usr/share/icons/Humanity/devices/128/media-cdrom.svg
/usr/share/icons/Humanity/devices/128/media-optical-cd.svg
/usr/share/icons/Humanity/devices/128/multimedia-player-apple-ipod-touch.svg
/usr/share/icons/Humanity/devices/128/yast_HD.svg
/usr/share/icons/Humanity/devices/128/yast_idetude.svg
/usr/share/icons/Humanity/devices/16/block-device.svg
/usr/share/icons/Humanity/devices/16/cdrom_unmount.svg
/usr/share/icons/Humanity/devices/16/cdwriter_unmount.svg
/usr/share/icons/Humanity/devices/16/drive-cdrom.svg
/usr/share/icons/Humanity/devices/16/drive-harddisk-ieee1394.svg
/usr/share/icons/Humanity/devices/16/drive-harddisk-scsi.svg
/usr/share/icons/Humanity/devices/16/drive-harddisk-usb.svg
/usr/share/icons/Humanity/devices/16/drive-optical.svg
/usr/share/icons/Humanity/devices/16/drive-removable-media-ieee1394.svg
/usr/share/icons/Humanity/devices/16/dvd_unmount.svg
/usr/share/icons/Humanity/devices/16/gnome-cd.svg
/usr/share/icons/Humanity/devices/16/gnome-computer.svg
/usr/share/icons/Humanity/devices/16/gnome-dev-cdrom-audio.svg
/usr/share/icons/Humanity/devices/16/gnome-dev-cdrom.svg
/usr/share/icons/Humanity/devices/16/gnome-dev-computer.svg
/usr/share/icons/Humanity/devices/16/gnome-dev-disc-cdr.svg
/usr/share/icons/Humanity/devices/16/gnome-dev-disc-cdrom.svg
/usr/share/icons/Humanity/devices/16/gnome-dev-disc-cdrw.svg
/usr/share/icons/Humanity/devices/16/gnome-dev-disc-dvdr-plus.svg
/usr/share/icons/Humanity/devices/16/gnome-dev-disc-dvdr.svg
/usr/share/icons/Humanity/devices/16/gnome-dev-disc-dvdram.svg
/usr/share/icons/Humanity/devices/16/gnome-dev-disc-dvdrom.svg
/usr/share/icons/Humanity/devices/16/gnome-dev-disc-dvdrw.svg
/usr/share/icons/Humanity/devices/16/gnome-dev-dvd-alt.svg
/usr/share/icons/Humanity/devices/16/gnome-dev-dvd.svg
/usr/share/icons/Humanity/devices/16/gnome-dev-flashdisk.svg
/usr/share/icons/Humanity/devices/16/gnome-dev-flashkey.svg
/usr/share/icons/Humanity/devices/16/gnome-dev-harddisk.svg
/usr/share/icons/Humanity/devices/16/gnome-dev-keyboard.svg
/usr/share/icons/Humanity/devices/16/gnome-dev-media-cf.svg
/usr/share/icons/Humanity/devices/16/gnome-dev-media-memory.svg
/usr/share/icons/Humanity/devices/16/gnome-dev-media-ms.svg
/usr/share/icons/Humanity/devices/16/gnome-dev-media-sdmmc.svg
/usr/share/icons/Humanity/devices/16/gnome-dev-media-sm.svg
/usr/share/icons/Humanity/devices/16/gnome-dev-removable-1394.svg
/usr/share/icons/Humanity/devices/16/gnome-dev-removable-usb.svg
/usr/share/icons/Humanity/devices/16/gnome-dev-removable.svg
/usr/share/icons/Humanity/devices/16/gnome-dev-unknown-1394.svg
/usr/share/icons/Humanity/devices/16/gnome-dev-unknown-usb.svg
/usr/share/icons/Humanity/devices/16/gnome-fs-client.svg
/usr/share/icons/Humanity/devices/16/gnome-phone-manager.svg
/usr/share/icons/Humanity/devices/16/gtk-cdrom.svg
/usr/share/icons/Humanity/devices/16/gtk-harddisk.svg
/usr/share/icons/Humanity/devices/16/harddrive.svg
/usr/share/icons/Humanity/devices/16/hdd_unmount.svg
/usr/share/icons/Humanity/devices/16/keyboard.svg
/usr/share/icons/Humanity/devices/16/kxkb.svg
/usr/share/icons/Humanity/devices/16/media-cdr.svg
/usr/share/icons/Humanity/devices/16/media-cdrom.svg
/usr/share/icons/Humanity/devices/16/media-cdrw.svg
/usr/share/icons/Humanity/devices/16/media-dvd.svg
/usr/share/icons/Humanity/devices/16/media-dvdrw.svg
/usr/share/icons/Humanity/devices/16/media-flash-cf.svg
/usr/share/icons/Humanity/devices/16/media-flash-ms.svg
/usr/share/icons/Humanity/devices/16/media-flash.svg
/usr/share/icons/Humanity/devices/16/media-memory-sd.svg
/usr/share/icons/Humanity/devices/16/media-memory-sm.svg
/usr/share/icons/Humanity/devices/16/media-optical-audio.svg
/usr/share/icons/Humanity/devices/16/media-optical-cd-r.svg
/usr/share/icons/Humanity/devices/16/media-optical-cd-rw.svg
/usr/share/icons/Humanity/devices/16/media-optical-cd.svg
/usr/share/icons/Humanity/devices/16/media-optical-cdr.svg
/usr/share/icons/Humanity/devices/16/media-optical-dvd-r-plus.svg
/usr/share/icons/Humanity/devices/16/media-optical-dvd-r.svg
/usr/share/icons/Humanity/devices/16/media-optical-dvd-ram.svg
/usr/share/icons/Humanity/devices/16/media-optical-dvd-rom.svg
/usr/share/icons/Humanity/devices/16/media-optical-dvd-rw.svg
/usr/share/icons/Humanity/devices/16/media-optical-dvd.svg
/usr/share/icons/Humanity/devices/16/multimedia-player-apple-ipod-touch.svg
/usr/share/icons/Humanity/devices/16/stock_cell-phone.svg
/usr/share/icons/Humanity/devices/16/stock_mic.svg
/usr/share/icons/Humanity/devices/16/system.svg
/usr/share/icons/Humanity/devices/16/usbpendrive_unmount.svg
/usr/share/icons/Humanity/devices/16/xfce4-keyboard.svg
/usr/share/icons/Humanity/devices/16/yast_HD.svg
/usr/share/icons/Humanity/devices/16/yast_idetude.svg
/usr/share/icons/Humanity/devices/22/block-device.svg
/usr/share/icons/Humanity/devices/22/camera_unmount.svg
/usr/share/icons/Humanity/devices/22/cdrom_unmount.svg
/usr/share/icons/Humanity/devices/22/cdwriter_unmount.svg
/usr/share/icons/Humanity/devices/22/drive-cdrom.svg
/usr/share/icons/Humanity/devices/22/drive-harddisk-scsi.svg
/usr/share/icons/Humanity/devices/22/drive-optical.svg
/usr/share/icons/Humanity/devices/22/dvd_unmount.svg
/usr/share/icons/Humanity/devices/22/gnome-cd.svg
/usr/share/icons/Humanity/devices/22/gnome-computer.svg
/usr/share/icons/Humanity/devices/22/gnome-dev-cdrom-audio.svg
/usr/share/icons/Humanity/devices/22/gnome-dev-cdrom.svg
/usr/share/icons/Humanity/devices/22/gnome-dev-computer.svg
/usr/share/icons/Humanity/devices/22/gnome-dev-disc-cdr.svg
/usr/share/icons/Humanity/devices/22/gnome-dev-disc-cdrom.svg
/usr/share/icons/Humanity/devices/22/gnome-dev-disc-cdrw.svg
/usr/share/icons/Humanity/devices/22/gnome-dev-disc-dvdr-plus.svg
/usr/share/icons/Humanity/devices/22/gnome-dev-disc-dvdr.svg
/usr/share/icons/Humanity/devices/22/gnome-dev-disc-dvdram.svg
/usr/share/icons/Humanity/devices/22/gnome-dev-disc-dvdrom.svg
/usr/share/icons/Humanity/devices/22/gnome-dev-disc-dvdrw.svg
/usr/share/icons/Humanity/devices/22/gnome-dev-dvd-alt.svg
/usr/share/icons/Humanity/devices/22/gnome-dev-dvd.svg
/usr/share/icons/Humanity/devices/22/gnome-dev-ethernet.svg
/usr/share/icons/Humanity/devices/22/gnome-dev-harddisk.svg
/usr/share/icons/Humanity/devices/22/gnome-dev-wavelan.svg
/usr/share/icons/Humanity/devices/22/gnome-fs-client.svg
/usr/share/icons/Humanity/devices/22/gnome-phone-manager.svg
/usr/share/icons/Humanity/devices/22/gnome-stock-mic.svg
/usr/share/icons/Humanity/devices/22/gtk-cdrom.svg
/usr/share/icons/Humanity/devices/22/gtk-harddisk.svg
/usr/share/icons/Humanity/devices/22/harddrive.svg
/usr/share/icons/Humanity/devices/22/hdd_unmount.svg
/usr/share/icons/Humanity/devices/22/media-cdr.svg
/usr/share/icons/Humanity/devices/22/media-cdrom.svg
/usr/share/icons/Humanity/devices/22/media-cdrw.svg
/usr/share/icons/Humanity/devices/22/media-dvd.svg
/usr/share/icons/Humanity/devices/22/media-dvdrw.svg
/usr/share/icons/Humanity/devices/22/media-optical-audio.svg
/usr/share/icons/Humanity/devices/22/media-optical-cd-r.svg
/usr/share/icons/Humanity/devices/22/media-optical-cd-rw.svg
/usr/share/icons/Humanity/devices/22/media-optical-cd.svg
/usr/share/icons/Humanity/devices/22/media-optical-cdr.svg
/usr/share/icons/Humanity/devices/22/media-optical-dvd-r-plus.svg
/usr/share/icons/Humanity/devices/22/media-optical-dvd-r.svg
/usr/share/icons/Humanity/devices/22/media-optical-dvd-ram.svg
/usr/share/icons/Humanity/devices/22/media-optical-dvd-rom.svg
/usr/share/icons/Humanity/devices/22/media-optical-dvd-rw.svg
/usr/share/icons/Humanity/devices/22/media-optical-dvd.svg
/usr/share/icons/Humanity/devices/22/multimedia-player-apple-ipod-touch.svg
/usr/share/icons/Humanity/devices/22/network-wired.svg
/usr/share/icons/Humanity/devices/22/network-wireless.svg
/usr/share/icons/Humanity/devices/22/nm-device-wired.svg
/usr/share/icons/Humanity/devices/22/stock_cell-phone.svg
/usr/share/icons/Humanity/devices/22/stock_mic.svg
/usr/share/icons/Humanity/devices/22/system.svg
/usr/share/icons/Humanity/devices/22/yast_HD.svg
/usr/share/icons/Humanity/devices/22/yast_idetude.svg
/usr/share/icons/Humanity/devices/24/3floppy_unmount.svg
/usr/share/icons/Humanity/devices/24/block-device.svg
/usr/share/icons/Humanity/devices/24/camera_unmount.svg
/usr/share/icons/Humanity/devices/24/cdrom_unmount.svg
/usr/share/icons/Humanity/devices/24/cdwriter_unmount.svg
/usr/share/icons/Humanity/devices/24/chardevice.svg
/usr/share/icons/Humanity/devices/24/display.svg
/usr/share/icons/Humanity/devices/24/drive-cdrom.svg
/usr/share/icons/Humanity/devices/24/drive-harddisk-ieee1394.svg
/usr/share/icons/Humanity/devices/24/drive-harddisk-scsi.svg
/usr/share/icons/Humanity/devices/24/drive-harddisk-usb.svg
/usr/share/icons/Humanity/devices/24/drive-optical.svg
/usr/share/icons/Humanity/devices/24/drive-removable-media-ieee1394.svg
/usr/share/icons/Humanity/devices/24/dvd_unmount.svg
/usr/share/icons/Humanity/devices/24/gnome-cd.svg
/usr/share/icons/Humanity/devices/24/gnome-computer.svg
/usr/share/icons/Humanity/devices/24/gnome-dev-battery.svg
/usr/share/icons/Humanity/devices/24/gnome-dev-cdrom-audio.svg
/usr/share/icons/Humanity/devices/24/gnome-dev-cdrom.svg
/usr/share/icons/Humanity/devices/24/gnome-dev-computer.svg
/usr/share/icons/Humanity/devices/24/gnome-dev-disc-audio.svg
/usr/share/icons/Humanity/devices/24/gnome-dev-disc-cdr.svg
/usr/share/icons/Humanity/devices/24/gnome-dev-disc-cdrom.svg
/usr/share/icons/Humanity/devices/24/gnome-dev-disc-cdrw.svg
/usr/share/icons/Humanity/devices/24/gnome-dev-disc-dvdr-plus.svg
/usr/share/icons/Humanity/devices/24/gnome-dev-disc-dvdr.svg
/usr/share/icons/Humanity/devices/24/gnome-dev-disc-dvdram.svg
/usr/share/icons/Humanity/devices/24/gnome-dev-disc-dvdrom.svg
/usr/share/icons/Humanity/devices/24/gnome-dev-disc-dvdrw.svg
/usr/share/icons/Humanity/devices/24/gnome-dev-dvd-alt.svg
/usr/share/icons/Humanity/devices/24/gnome-dev-dvd.svg
/usr/share/icons/Humanity/devices/24/gnome-dev-ethernet.svg
/usr/share/icons/Humanity/devices/24/gnome-dev-flashdisk.svg
/usr/share/icons/Humanity/devices/24/gnome-dev-flashkey.svg
/usr/share/icons/Humanity/devices/24/gnome-dev-floppy.svg
/usr/share/icons/Humanity/devices/24/gnome-dev-harddisk.svg
/usr/share/icons/Humanity/devices/24/gnome-dev-ipod.svg
/usr/share/icons/Humanity/devices/24/gnome-dev-jazdisk.svg
/usr/share/icons/Humanity/devices/24/gnome-dev-keyboard.svg
/usr/share/icons/Humanity/devices/24/gnome-dev-media-cf.svg
/usr/share/icons/Humanity/devices/24/gnome-dev-media-memory.svg
/usr/share/icons/Humanity/devices/24/gnome-dev-media-ms.svg
/usr/share/icons/Humanity/devices/24/gnome-dev-media-sdmmc.svg
/usr/share/icons/Humanity/devices/24/gnome-dev-media-sm.svg
/usr/share/icons/Humanity/devices/24/gnome-dev-mouse-ball.svg
/usr/share/icons/Humanity/devices/24/gnome-dev-mouse-optical.svg
/usr/share/icons/Humanity/devices/24/gnome-dev-network.svg
/usr/share/icons/Humanity/devices/24/gnome-dev-printer.svg
/usr/share/icons/Humanity/devices/24/gnome-dev-removable-1394.svg
/usr/share/icons/Humanity/devices/24/gnome-dev-removable-usb.svg
/usr/share/icons/Humanity/devices/24/gnome-dev-removable.svg
/usr/share/icons/Humanity/devices/24/gnome-dev-trash-empty.svg
/usr/share/icons/Humanity/devices/24/gnome-dev-trash-full.svg
/usr/share/icons/Humanity/devices/24/gnome-dev-unknown-1394.svg
/usr/share/icons/Humanity/devices/24/gnome-dev-unknown-usb.svg
/usr/share/icons/Humanity/devices/24/gnome-dev-wavelan.svg
/usr/share/icons/Humanity/devices/24/gnome-fs-client.svg
/usr/share/icons/Humanity/devices/24/gnome-phone-manager.svg
/usr/share/icons/Humanity/devices/24/gnome-stock-mic.svg
/usr/share/icons/Humanity/devices/24/gtk-cdrom.svg
/usr/share/icons/Humanity/devices/24/gtk-floppy.svg
/usr/share/icons/Humanity/devices/24/gtk-harddisk.svg
/usr/share/icons/Humanity/devices/24/gtkpod.svg
/usr/share/icons/Humanity/devices/24/harddrive.svg
/usr/share/icons/Humanity/devices/24/hdd_unmount.svg
/usr/share/icons/Humanity/devices/24/ipod_mount.svg
/usr/share/icons/Humanity/devices/24/keyboard.svg
/usr/share/icons/Humanity/devices/24/kjobviewer.svg
/usr/share/icons/Humanity/devices/24/kxkb.svg
/usr/share/icons/Humanity/devices/24/media-cdr.svg
/usr/share/icons/Humanity/devices/24/media-cdrom.svg
/usr/share/icons/Humanity/devices/24/media-cdrw.svg
/usr/share/icons/Humanity/devices/24/media-dvd.svg
/usr/share/icons/Humanity/devices/24/media-dvdrw.svg
/usr/share/icons/Humanity/devices/24/media-flash-cf.svg
/usr/share/icons/Humanity/devices/24/media-flash-ms.svg
/usr/share/icons/Humanity/devices/24/media-flash.svg
/usr/share/icons/Humanity/devices/24/media-jaz.svg
/usr/share/icons/Humanity/devices/24/media-memory-sd.svg
/usr/share/icons/Humanity/devices/24/media-memory-sm.svg
/usr/share/icons/Humanity/devices/24/media-optical-audio.svg
/usr/share/icons/Humanity/devices/24/media-optical-cd-r.svg
/usr/share/icons/Humanity/devices/24/media-optical-cd-rw.svg
/usr/share/icons/Humanity/devices/24/media-optical-cd.svg
/usr/share/icons/Humanity/devices/24/media-optical-cdr.svg
/usr/share/icons/Humanity/devices/24/media-optical-dvd-r-plus.svg
/usr/share/icons/Humanity/devices/24/media-optical-dvd-r.svg
/usr/share/icons/Humanity/devices/24/media-optical-dvd-ram.svg
/usr/share/icons/Humanity/devices/24/media-optical-dvd-rom.svg
/usr/share/icons/Humanity/devices/24/media-optical-dvd-rw.svg
/usr/share/icons/Humanity/devices/24/media-optical-dvd.svg
/usr/share/icons/Humanity/devices/24/monitor.svg
/usr/share/icons/Humanity/devices/24/mouse.svg
/usr/share/icons/Humanity/devices/24/multimedia-player-apple-ipod-touch.svg
/usr/share/icons/Humanity/devices/24/multimedia-player-apple-ipod.svg
/usr/share/icons/Humanity/devices/24/music-player.svg
/usr/share/icons/Humanity/devices/24/network-wired.svg
/usr/share/icons/Humanity/devices/24/network-wireless.svg
/usr/share/icons/Humanity/devices/24/network-workgroup.svg
/usr/share/icons/Humanity/devices/24/network_fs.svg
/usr/share/icons/Humanity/devices/24/nfs.svg
/usr/share/icons/Humanity/devices/24/nm-device-wired.svg
/usr/share/icons/Humanity/devices/24/printer-remote.svg
/usr/share/icons/Humanity/devices/24/printer1.svg
/usr/share/icons/Humanity/devices/24/printmgr.svg
/usr/share/icons/Humanity/devices/24/samba.svg
/usr/share/icons/Humanity/devices/24/stock_cell-phone.svg
/usr/share/icons/Humanity/devices/24/stock_mic.svg
/usr/share/icons/Humanity/devices/24/stock_printers.svg
/usr/share/icons/Humanity/devices/24/system-floppy.svg
/usr/share/icons/Humanity/devices/24/system.svg
/usr/share/icons/Humanity/devices/24/usbpendrive_unmount.svg
/usr/share/icons/Humanity/devices/24/xfce-printer.svg
/usr/share/icons/Humanity/devices/24/xfce4-display.svg
/usr/share/icons/Humanity/devices/24/xfce4-keyboard.svg
/usr/share/icons/Humanity/devices/24/xfce4-mouse.svg
/usr/share/icons/Humanity/devices/24/yast_HD.svg
/usr/share/icons/Humanity/devices/24/yast_idetude.svg
/usr/share/icons/Humanity/devices/24/yast_mouse.svg
/usr/share/icons/Humanity/devices/24/yast_printer.svg
/usr/share/icons/Humanity/devices/32/3floppy_unmount.svg
/usr/share/icons/Humanity/devices/32/block-device.svg
/usr/share/icons/Humanity/devices/32/cdrom_unmount.svg
/usr/share/icons/Humanity/devices/32/cdwriter_unmount.svg
/usr/share/icons/Humanity/devices/32/drive-cdrom.svg
/usr/share/icons/Humanity/devices/32/drive-harddisk-scsi.svg
/usr/share/icons/Humanity/devices/32/drive-optical.svg
/usr/share/icons/Humanity/devices/32/dvd_unmount.svg
/usr/share/icons/Humanity/devices/32/gnome-cd.svg
/usr/share/icons/Humanity/devices/32/gnome-dev-cdrom-audio.svg
/usr/share/icons/Humanity/devices/32/gnome-dev-cdrom.svg
/usr/share/icons/Humanity/devices/32/gnome-dev-disc-cdr.svg
/usr/share/icons/Humanity/devices/32/gnome-dev-disc-cdrom.svg
/usr/share/icons/Humanity/devices/32/gnome-dev-disc-cdrw.svg
/usr/share/icons/Humanity/devices/32/gnome-dev-disc-dvdr-plus.svg
/usr/share/icons/Humanity/devices/32/gnome-dev-disc-dvdr.svg
/usr/share/icons/Humanity/devices/32/gnome-dev-disc-dvdram.svg
/usr/share/icons/Humanity/devices/32/gnome-dev-disc-dvdrom.svg
/usr/share/icons/Humanity/devices/32/gnome-dev-disc-dvdrw.svg
/usr/share/icons/Humanity/devices/32/gnome-dev-dvd-alt.svg
/usr/share/icons/Humanity/devices/32/gnome-dev-dvd.svg
/usr/share/icons/Humanity/devices/32/gnome-dev-floppy.svg
/usr/share/icons/Humanity/devices/32/gnome-dev-harddisk.svg
/usr/share/icons/Humanity/devices/32/gnome-dev-jazdisk.svg
/usr/share/icons/Humanity/devices/32/gnome-dev-keyboard.svg
/usr/share/icons/Humanity/devices/32/gtk-cdrom.svg
/usr/share/icons/Humanity/devices/32/gtk-floppy.svg
/usr/share/icons/Humanity/devices/32/gtk-harddisk.svg
/usr/share/icons/Humanity/devices/32/harddrive.svg
/usr/share/icons/Humanity/devices/32/hdd_unmount.svg
/usr/share/icons/Humanity/devices/32/keyboard.svg
/usr/share/icons/Humanity/devices/32/kxkb.svg
/usr/share/icons/Humanity/devices/32/media-cdr.svg
/usr/share/icons/Humanity/devices/32/media-cdrom.svg
/usr/share/icons/Humanity/devices/32/media-cdrw.svg
/usr/share/icons/Humanity/devices/32/media-dvd.svg
/usr/share/icons/Humanity/devices/32/media-dvdrw.svg
/usr/share/icons/Humanity/devices/32/media-jaz.svg
/usr/share/icons/Humanity/devices/32/media-optical-audio.svg
/usr/share/icons/Humanity/devices/32/media-optical-cd-r.svg
/usr/share/icons/Humanity/devices/32/media-optical-cd-rw.svg
/usr/share/icons/Humanity/devices/32/media-optical-cd.svg
/usr/share/icons/Humanity/devices/32/media-optical-cdr.svg
/usr/share/icons/Humanity/devices/32/media-optical-dvd-r-plus.svg
/usr/share/icons/Humanity/devices/32/media-optical-dvd-r.svg
/usr/share/icons/Humanity/devices/32/media-optical-dvd-ram.svg
/usr/share/icons/Humanity/devices/32/media-optical-dvd-rom.svg
/usr/share/icons/Humanity/devices/32/media-optical-dvd-rw.svg
/usr/share/icons/Humanity/devices/32/media-optical-dvd.svg
/usr/share/icons/Humanity/devices/32/multimedia-player-apple-ipod-touch.svg
/usr/share/icons/Humanity/devices/32/system-floppy.svg
/usr/share/icons/Humanity/devices/32/xfce4-keyboard.svg
/usr/share/icons/Humanity/devices/32/yast_HD.svg
/usr/share/icons/Humanity/devices/32/yast_idetude.svg
/usr/share/icons/Humanity/devices/48/3floppy_unmount.svg
/usr/share/icons/Humanity/devices/48/block-device.svg
/usr/share/icons/Humanity/devices/48/camera_unmount.svg
/usr/share/icons/Humanity/devices/48/cdrom_unmount.svg
/usr/share/icons/Humanity/devices/48/cdwriter_unmount.svg
/usr/share/icons/Humanity/devices/48/chardevice.svg
/usr/share/icons/Humanity/devices/48/display.svg
/usr/share/icons/Humanity/devices/48/drive-cdrom.svg
/usr/share/icons/Humanity/devices/48/drive-harddisk-ieee1394.svg
/usr/share/icons/Humanity/devices/48/drive-harddisk-scsi.svg
/usr/share/icons/Humanity/devices/48/drive-harddisk-usb.svg
/usr/share/icons/Humanity/devices/48/drive-removable-media-ieee1394.svg
/usr/share/icons/Humanity/devices/48/dvd_unmount.svg
/usr/share/icons/Humanity/devices/48/gnome-cd.svg
/usr/share/icons/Humanity/devices/48/gnome-computer.svg
/usr/share/icons/Humanity/devices/48/gnome-dev-battery.svg
/usr/share/icons/Humanity/devices/48/gnome-dev-cdrom-audio.svg
/usr/share/icons/Humanity/devices/48/gnome-dev-cdrom.svg
/usr/share/icons/Humanity/devices/48/gnome-dev-computer.svg
/usr/share/icons/Humanity/devices/48/gnome-dev-disc-audio.svg
/usr/share/icons/Humanity/devices/48/gnome-dev-disc-cdr.svg
/usr/share/icons/Humanity/devices/48/gnome-dev-disc-cdrom.svg
/usr/share/icons/Humanity/devices/48/gnome-dev-disc-cdrw.svg
/usr/share/icons/Humanity/devices/48/gnome-dev-disc-dvdram.svg
/usr/share/icons/Humanity/devices/48/gnome-dev-disc-dvdrom.svg
/usr/share/icons/Humanity/devices/48/gnome-dev-disc-dvdrw.svg
/usr/share/icons/Humanity/devices/48/gnome-dev-dvd-alt.svg
/usr/share/icons/Humanity/devices/48/gnome-dev-dvd.svg
/usr/share/icons/Humanity/devices/48/gnome-dev-flashdisk.svg
/usr/share/icons/Humanity/devices/48/gnome-dev-flashkey.svg
/usr/share/icons/Humanity/devices/48/gnome-dev-floppy.svg
/usr/share/icons/Humanity/devices/48/gnome-dev-harddisk.svg
/usr/share/icons/Humanity/devices/48/gnome-dev-ipod.svg
/usr/share/icons/Humanity/devices/48/gnome-dev-keyboard.svg
/usr/share/icons/Humanity/devices/48/gnome-dev-media-memory.svg
/usr/share/icons/Humanity/devices/48/gnome-dev-mouse-ball.svg
/usr/share/icons/Humanity/devices/48/gnome-dev-mouse-optical.svg
/usr/share/icons/Humanity/devices/48/gnome-dev-network.svg
/usr/share/icons/Humanity/devices/48/gnome-dev-printer.svg
/usr/share/icons/Humanity/devices/48/gnome-dev-removable-1394.svg
/usr/share/icons/Humanity/devices/48/gnome-dev-removable-usb.svg
/usr/share/icons/Humanity/devices/48/gnome-dev-removable.svg
/usr/share/icons/Humanity/devices/48/gnome-dev-trash-empty.svg
/usr/share/icons/Humanity/devices/48/gnome-dev-trash-full.svg
/usr/share/icons/Humanity/devices/48/gnome-dev-unknown-1394.svg
/usr/share/icons/Humanity/devices/48/gnome-dev-unknown-usb.svg
/usr/share/icons/Humanity/devices/48/gnome-fs-client.svg
/usr/share/icons/Humanity/devices/48/gnome-phone-manager.svg
/usr/share/icons/Humanity/devices/48/gnome-stock-mic.svg
/usr/share/icons/Humanity/devices/48/gtk-cdrom.svg
/usr/share/icons/Humanity/devices/48/gtk-floppy.svg
/usr/share/icons/Humanity/devices/48/gtk-harddisk.svg
/usr/share/icons/Humanity/devices/48/gtkpod.svg
/usr/share/icons/Humanity/devices/48/harddrive.svg
/usr/share/icons/Humanity/devices/48/hdd_unmount.svg
/usr/share/icons/Humanity/devices/48/ipod_mount.svg
/usr/share/icons/Humanity/devices/48/keyboard.svg
/usr/share/icons/Humanity/devices/48/kjobviewer.svg
/usr/share/icons/Humanity/devices/48/kxkb.svg
/usr/share/icons/Humanity/devices/48/media-cdrom.svg
/usr/share/icons/Humanity/devices/48/media-dvdrw.svg
/usr/share/icons/Humanity/devices/48/media-flash-cf.svg
/usr/share/icons/Humanity/devices/48/media-flash-ms.svg
/usr/share/icons/Humanity/devices/48/media-flash.svg
/usr/share/icons/Humanity/devices/48/media-jaz.svg
/usr/share/icons/Humanity/devices/48/media-memory-sd.svg
/usr/share/icons/Humanity/devices/48/media-memory-sm.svg
/usr/share/icons/Humanity/devices/48/media-memory.svg
/usr/share/icons/Humanity/devices/48/media-optical-audio.svg
/usr/share/icons/Humanity/devices/48/media-optical-cd-r.svg
/usr/share/icons/Humanity/devices/48/media-optical-cd-rw.svg
/usr/share/icons/Humanity/devices/48/media-optical-cd.svg
/usr/share/icons/Humanity/devices/48/media-optical-cdr.svg
/usr/share/icons/Humanity/devices/48/media-optical-dvd-r-plus.svg
/usr/share/icons/Humanity/devices/48/media-optical-dvd-r.svg
/usr/share/icons/Humanity/devices/48/media-optical-dvd-ram.svg
/usr/share/icons/Humanity/devices/48/media-optical-dvd-rom.svg
/usr/share/icons/Humanity/devices/48/media-optical-dvd-rw.svg
/usr/share/icons/Humanity/devices/48/media-optical-dvd.svg
/usr/share/icons/Humanity/devices/48/media-zip.svg
/usr/share/icons/Humanity/devices/48/monitor.svg
/usr/share/icons/Humanity/devices/48/mouse.svg
/usr/share/icons/Humanity/devices/48/multimedia-player-apple-ipod-touch.svg
/usr/share/icons/Humanity/devices/48/multimedia-player-apple-ipod.svg
/usr/share/icons/Humanity/devices/48/music-player.svg
/usr/share/icons/Humanity/devices/48/network-workgroup.svg
/usr/share/icons/Humanity/devices/48/network_fs.svg
/usr/share/icons/Humanity/devices/48/nfs.svg
/usr/share/icons/Humanity/devices/48/printer-remote.svg
/usr/share/icons/Humanity/devices/48/printer1.svg
/usr/share/icons/Humanity/devices/48/printmgr.svg
/usr/share/icons/Humanity/devices/48/samba.svg
/usr/share/icons/Humanity/devices/48/stock_cell-phone.svg
/usr/share/icons/Humanity/devices/48/stock_mic.svg
/usr/share/icons/Humanity/devices/48/stock_printers.svg
/usr/share/icons/Humanity/devices/48/system-floppy.svg
/usr/share/icons/Humanity/devices/48/system.svg
/usr/share/icons/Humanity/devices/48/usbpendrive_unmount.svg
/usr/share/icons/Humanity/devices/48/xfce-printer.svg
/usr/share/icons/Humanity/devices/48/xfce4-display.svg
/usr/share/icons/Humanity/devices/48/xfce4-keyboard.svg
/usr/share/icons/Humanity/devices/48/xfce4-mouse.svg
/usr/share/icons/Humanity/devices/48/yast_HD.svg
/usr/share/icons/Humanity/devices/48/yast_idetude.svg
/usr/share/icons/Humanity/devices/48/yast_mouse.svg
/usr/share/icons/Humanity/devices/48/yast_printer.svg
/usr/share/icons/Humanity/devices/48/yast_soundcard.svg
/usr/share/icons/Humanity/devices/64/block-device.svg
/usr/share/icons/Humanity/devices/64/cdrom_unmount.svg
/usr/share/icons/Humanity/devices/64/drive-cdrom.svg
/usr/share/icons/Humanity/devices/64/drive-harddisk-scsi.svg
/usr/share/icons/Humanity/devices/64/drive-optical.svg
/usr/share/icons/Humanity/devices/64/gnome-cd.svg
/usr/share/icons/Humanity/devices/64/gnome-computer.svg
/usr/share/icons/Humanity/devices/64/gnome-dev-cdrom.svg
/usr/share/icons/Humanity/devices/64/gnome-dev-computer.svg
/usr/share/icons/Humanity/devices/64/gnome-dev-disc-cdrom.svg
/usr/share/icons/Humanity/devices/64/gnome-dev-harddisk.svg
/usr/share/icons/Humanity/devices/64/gnome-fs-client.svg
/usr/share/icons/Humanity/devices/64/gtk-cdrom.svg
/usr/share/icons/Humanity/devices/64/gtk-harddisk.svg
/usr/share/icons/Humanity/devices/64/harddrive.svg
/usr/share/icons/Humanity/devices/64/hdd_unmount.svg
/usr/share/icons/Humanity/devices/64/media-cdrom.svg
/usr/share/icons/Humanity/devices/64/media-optical-cd.svg
/usr/share/icons/Humanity/devices/64/multimedia-player-apple-ipod-touch.svg
/usr/share/icons/Humanity/devices/64/system.svg
/usr/share/icons/Humanity/devices/64/yast_HD.svg
/usr/share/icons/Humanity/devices/64/yast_idetude.svg
/usr/share/icons/Humanity/devices@2
/usr/share/icons/Humanity/emblems/16/emblem-art.svg
/usr/share/icons/Humanity/emblems/16/emblem-danger.svg
/usr/share/icons/Humanity/emblems/16/emblem-desktop.svg
/usr/share/icons/Humanity/emblems/16/emblem-development.svg
/usr/share/icons/Humanity/emblems/16/emblem-documents.svg
/usr/share/icons/Humanity/emblems/16/emblem-favorite.svg
/usr/share/icons/Humanity/emblems/16/emblem-new.svg
/usr/share/icons/Humanity/emblems/16/emblem-package.svg
/usr/share/icons/Humanity/emblems/16/emblem-people.svg
/usr/share/icons/Humanity/emblems/16/emblem-personal.svg
/usr/share/icons/Humanity/emblems/16/emblem-pictures.svg
/usr/share/icons/Humanity/emblems/16/emblem-sound.svg
/usr/share/icons/Humanity/emblems/16/emblem-system.svg
/usr/share/icons/Humanity/emblems/16/emblem-urgent.svg
/usr/share/icons/Humanity/emblems/16/emblem-videos.svg
/usr/share/icons/Humanity/emblems/22/emblem-art.svg
/usr/share/icons/Humanity/emblems/22/emblem-camera.svg
/usr/share/icons/Humanity/emblems/22/emblem-danger.svg
/usr/share/icons/Humanity/emblems/22/emblem-desktop.svg
/usr/share/icons/Humanity/emblems/22/emblem-development.svg
/usr/share/icons/Humanity/emblems/22/emblem-documents.svg
/usr/share/icons/Humanity/emblems/22/emblem-new.svg
/usr/share/icons/Humanity/emblems/22/emblem-people.svg
/usr/share/icons/Humanity/emblems/22/emblem-personal.svg
/usr/share/icons/Humanity/emblems/22/emblem-pictures.svg
/usr/share/icons/Humanity/emblems/22/emblem-system.svg
/usr/share/icons/Humanity/emblems/22/emblem-videos.svg
/usr/share/icons/Humanity/emblems/24/emblem-art.svg
/usr/share/icons/Humanity/emblems/24/emblem-camera.svg
/usr/share/icons/Humanity/emblems/24/emblem-danger.svg
/usr/share/icons/Humanity/emblems/24/emblem-desktop.svg
/usr/share/icons/Humanity/emblems/24/emblem-development.svg
/usr/share/icons/Humanity/emblems/24/emblem-documents.svg
/usr/share/icons/Humanity/emblems/24/emblem-favorite.svg
/usr/share/icons/Humanity/emblems/24/emblem-multimedia.svg
/usr/share/icons/Humanity/emblems/24/emblem-new.svg
/usr/share/icons/Humanity/emblems/24/emblem-package.svg
/usr/share/icons/Humanity/emblems/24/emblem-people.svg
/usr/share/icons/Humanity/emblems/24/emblem-personal.svg
/usr/share/icons/Humanity/emblems/24/emblem-pictures.svg
/usr/share/icons/Humanity/emblems/24/emblem-shared.svg
/usr/share/icons/Humanity/emblems/24/emblem-system.svg
/usr/share/icons/Humanity/emblems/24/emblem-urgent.svg
/usr/share/icons/Humanity/emblems/24/emblem-videos.svg
/usr/share/icons/Humanity/emblems/32/emblem-art.svg
/usr/share/icons/Humanity/emblems/32/emblem-danger.svg
/usr/share/icons/Humanity/emblems/32/emblem-desktop.svg
/usr/share/icons/Humanity/emblems/32/emblem-development.svg
/usr/share/icons/Humanity/emblems/32/emblem-documents.svg
/usr/share/icons/Humanity/emblems/32/emblem-new.svg
/usr/share/icons/Humanity/emblems/32/emblem-package.svg
/usr/share/icons/Humanity/emblems/32/emblem-people.svg
/usr/share/icons/Humanity/emblems/32/emblem-personal.svg
/usr/share/icons/Humanity/emblems/32/emblem-pictures.svg
/usr/share/icons/Humanity/emblems/32/emblem-plan.svg
/usr/share/icons/Humanity/emblems/32/emblem-system.svg
/usr/share/icons/Humanity/emblems/32/emblem-videos.svg
/usr/share/icons/Humanity/emblems/48/emblem-art.svg
/usr/share/icons/Humanity/emblems/48/emblem-camera.svg
/usr/share/icons/Humanity/emblems/48/emblem-danger.svg
/usr/share/icons/Humanity/emblems/48/emblem-desktop.svg
/usr/share/icons/Humanity/emblems/48/emblem-development.svg
/usr/share/icons/Humanity/emblems/48/emblem-documents.svg
/usr/share/icons/Humanity/emblems/48/emblem-favorite.svg
/usr/share/icons/Humanity/emblems/48/emblem-multimedia.svg
/usr/share/icons/Humanity/emblems/48/emblem-new.svg
/usr/share/icons/Humanity/emblems/48/emblem-package.svg
/usr/share/icons/Humanity/emblems/48/emblem-people.svg
/usr/share/icons/Humanity/emblems/48/emblem-personal.svg
/usr/share/icons/Humanity/emblems/48/emblem-pictures.svg
/usr/share/icons/Humanity/emblems/48/emblem-plan.svg
/usr/share/icons/Humanity/emblems/48/emblem-shared.svg
/usr/share/icons/Humanity/emblems/48/emblem-system.svg
/usr/share/icons/Humanity/emblems/48/emblem-urgent.svg
/usr/share/icons/Humanity/emblems/48/emblem-videos.svg
/usr/share/icons/Humanity/emblems@2
/usr/share/icons/Humanity/mimes/128/application-vnd.oasis.opendocument.database.svg
/usr/share/icons/Humanity/mimes/128/application-vnd.oasis.opendocument.drawing.svg
/usr/share/icons/Humanity/mimes/128/application-vnd.oasis.opendocument.presentation.svg
/usr/share/icons/Humanity/mimes/128/application-vnd.oasis.opendocument.spreadsheet.svg
/usr/share/icons/Humanity/mimes/128/application-vnd.oasis.opendocument.text-web.svg
/usr/share/icons/Humanity/mimes/128/application-vnd.oasis.opendocument.text.svg
/usr/share/icons/Humanity/mimes/128/application-x-class-file.svg
/usr/share/icons/Humanity/mimes/128/application-x-compress.svg
/usr/share/icons/Humanity/mimes/128/application-x-java.svg
/usr/share/icons/Humanity/mimes/128/application-x-javascript.svg
/usr/share/icons/Humanity/mimes/128/application-xml.svg
/usr/share/icons/Humanity/mimes/128/archive.svg
/usr/share/icons/Humanity/mimes/128/empty.svg
/usr/share/icons/Humanity/mimes/128/gnome-fs-regular.svg
/usr/share/icons/Humanity/mimes/128/gnome-mime-application-vnd.oasis.opendocument.text-web.svg
/usr/share/icons/Humanity/mimes/128/gnome-mime-application-x-archive.svg
/usr/share/icons/Humanity/mimes/128/gnome-mime-application-x-class-file.svg
/usr/share/icons/Humanity/mimes/128/gnome-mime-application-x-compress.svg
/usr/share/icons/Humanity/mimes/128/gnome-mime-application-x-java.svg
/usr/share/icons/Humanity/mimes/128/gnome-mime-application-x-javascript.svg
/usr/share/icons/Humanity/mimes/128/gnome-mime-application-x-tarz.svg
/usr/share/icons/Humanity/mimes/128/gnome-mime-application-xhtml+xml.svg
/usr/share/icons/Humanity/mimes/128/gnome-mime-text-html.svg
/usr/share/icons/Humanity/mimes/128/gnome-mime-text-vnd.wap.wml.svg
/usr/share/icons/Humanity/mimes/128/gnome-mime-text-x-java-source.svg
/usr/share/icons/Humanity/mimes/128/gnome-mime-text-x-java.svg
/usr/share/icons/Humanity/mimes/128/gnome-mime-text-x-javascript.svg
/usr/share/icons/Humanity/mimes/128/gnome-package.svg
/usr/share/icons/Humanity/mimes/128/gtk-file.svg
/usr/share/icons/Humanity/mimes/128/html.svg
/usr/share/icons/Humanity/mimes/128/package.svg
/usr/share/icons/Humanity/mimes/128/text-htmlh.svg
/usr/share/icons/Humanity/mimes/128/text-x-java.svg
/usr/share/icons/Humanity/mimes/128/text-x-javascript.svg
/usr/share/icons/Humanity/mimes/128/text-xml.svg
/usr/share/icons/Humanity/mimes/128/tgz.svg
/usr/share/icons/Humanity/mimes/16/application-7zip.svg
/usr/share/icons/Humanity/mimes/16/application-illustrator.svg
/usr/share/icons/Humanity/mimes/16/application-ogg.svg
/usr/share/icons/Humanity/mimes/16/application-pdf.svg
/usr/share/icons/Humanity/mimes/16/application-rtf.svg
/usr/share/icons/Humanity/mimes/16/application-vnd.ms-cab-compressed.svg
/usr/share/icons/Humanity/mimes/16/application-vnd.oasis.opendocument.database.svg
/usr/share/icons/Humanity/mimes/16/application-vnd.oasis.opendocument.drawing-template.png
/usr/share/icons/Humanity/mimes/16/application-vnd.oasis.opendocument.drawing.svg
/usr/share/icons/Humanity/mimes/16/application-vnd.oasis.opendocument.formula.png
/usr/share/icons/Humanity/mimes/16/application-vnd.oasis.opendocument.graphics.svg
/usr/share/icons/Humanity/mimes/16/application-vnd.oasis.opendocument.master-document.png
/usr/share/icons/Humanity/mimes/16/application-vnd.oasis.opendocument.presentation-template.png
/usr/share/icons/Humanity/mimes/16/application-vnd.oasis.opendocument.presentation.svg
/usr/share/icons/Humanity/mimes/16/application-vnd.oasis.opendocument.spreadsheet-template.png
/usr/share/icons/Humanity/mimes/16/application-vnd.oasis.opendocument.spreadsheet.svg
/usr/share/icons/Humanity/mimes/16/application-vnd.oasis.opendocument.text-template.png
/usr/share/icons/Humanity/mimes/16/application-vnd.oasis.opendocument.text-web.svg
/usr/share/icons/Humanity/mimes/16/application-vnd.oasis.opendocument.text.svg
/usr/share/icons/Humanity/mimes/16/application-vnd.oasis.opendocument.web-template.png
/usr/share/icons/Humanity/mimes/16/application-vnd.openxmlformats-officedocument.presentationml.presentation.svg
/usr/share/icons/Humanity/mimes/16/application-vnd.openxmlformats-officedocument.presentationml.slideshow.svg
/usr/share/icons/Humanity/mimes/16/application-vnd.openxmlformats-officedocument.spreadsheetml.sheet.svg
/usr/share/icons/Humanity/mimes/16/application-vnd.openxmlformats-officedocument.wordprocessingml.document.svg
/usr/share/icons/Humanity/mimes/16/application-vnd.rn-realmedia.svg
/usr/share/icons/Humanity/mimes/16/application-vnd.sun.xml.calc.svg
/usr/share/icons/Humanity/mimes/16/application-vnd.sun.xml.draw.svg
/usr/share/icons/Humanity/mimes/16/application-vnd.sun.xml.writer.svg
/usr/share/icons/Humanity/mimes/16/application-vnd.wordperfect.svg
/usr/share/icons/Humanity/mimes/16/application-x-7z-compressed.svg
/usr/share/icons/Humanity/mimes/16/application-x-ace.svg
/usr/share/icons/Humanity/mimes/16/application-x-arj.svg
/usr/share/icons/Humanity/mimes/16/application-x-bzip-compressed-tar.svg
/usr/share/icons/Humanity/mimes/16/application-x-bzip.svg
/usr/share/icons/Humanity/mimes/16/application-x-compress.svg
/usr/share/icons/Humanity/mimes/16/application-x-compressed-tar.svg
/usr/share/icons/Humanity/mimes/16/application-x-cpio.svg
/usr/share/icons/Humanity/mimes/16/application-x-csproj.svg
/usr/share/icons/Humanity/mimes/16/application-x-deb.svg
/usr/share/icons/Humanity/mimes/16/application-x-gnumeric.svg
/usr/share/icons/Humanity/mimes/16/application-x-gzip.svg
/usr/share/icons/Humanity/mimes/16/application-x-jar.svg
/usr/share/icons/Humanity/mimes/16/application-x-java-archive.svg
/usr/share/icons/Humanity/mimes/16/application-x-lha.svg
/usr/share/icons/Humanity/mimes/16/application-x-lhz.svg
/usr/share/icons/Humanity/mimes/16/application-x-lzma-compressed-tar.svg
/usr/share/icons/Humanity/mimes/16/application-x-lzma.svg
/usr/share/icons/Humanity/mimes/16/application-x-lzop.svg
/usr/share/icons/Humanity/mimes/16/application-x-m4.svg
/usr/share/icons/Humanity/mimes/16/application-x-matroska.svg
/usr/share/icons/Humanity/mimes/16/application-x-python-bytecode.svg
/usr/share/icons/Humanity/mimes/16/application-x-rar.svg
/usr/share/icons/Humanity/mimes/16/application-x-rpm.svg
/usr/share/icons/Humanity/mimes/16/application-x-shar.svg
/usr/share/icons/Humanity/mimes/16/application-x-shellscript.svg
/usr/share/icons/Humanity/mimes/16/application-x-shockwave-flash.svg
/usr/share/icons/Humanity/mimes/16/application-x-stuffit.svg
/usr/share/icons/Humanity/mimes/16/application-x-tar.svg
/usr/share/icons/Humanity/mimes/16/application-x-zip.svg
/usr/share/icons/Humanity/mimes/16/application-x-zoo.svg
/usr/share/icons/Humanity/mimes/16/application-xml.svg
/usr/share/icons/Humanity/mimes/16/application-zip.svg
/usr/share/icons/Humanity/mimes/16/archive.svg
/usr/share/icons/Humanity/mimes/16/ascii.svg
/usr/share/icons/Humanity/mimes/16/audio-mpeg.svg
/usr/share/icons/Humanity/mimes/16/audio-x-adpcm.svg
/usr/share/icons/Humanity/mimes/16/audio-x-flac+ogg.svg
/usr/share/icons/Humanity/mimes/16/audio-x-mp3-playlist.svg
/usr/share/icons/Humanity/mimes/16/audio-x-mpeg.svg
/usr/share/icons/Humanity/mimes/16/audio-x-mpegurl.svg
/usr/share/icons/Humanity/mimes/16/audio-x-ms-wma.svg
/usr/share/icons/Humanity/mimes/16/audio-x-scpls.svg
/usr/share/icons/Humanity/mimes/16/audio-x-speex+ogg.svg
/usr/share/icons/Humanity/mimes/16/audio-x-vorbis+ogg.svg
/usr/share/icons/Humanity/mimes/16/audio-x-wav.svg
/usr/share/icons/Humanity/mimes/16/contents2.svg
/usr/share/icons/Humanity/mimes/16/deb.svg
/usr/share/icons/Humanity/mimes/16/document.svg
/usr/share/icons/Humanity/mimes/16/empty.svg
/usr/share/icons/Humanity/mimes/16/folder_tar.svg
/usr/share/icons/Humanity/mimes/16/font.svg
/usr/share/icons/Humanity/mimes/16/font_bitmap.svg
/usr/share/icons/Humanity/mimes/16/font_truetype.svg
/usr/share/icons/Humanity/mimes/16/font_type1.svg
/usr/share/icons/Humanity/mimes/16/gnome-fs-regular.svg
/usr/share/icons/Humanity/mimes/16/gnome-mime-application-msword.svg
/usr/share/icons/Humanity/mimes/16/gnome-mime-application-ogg.svg
/usr/share/icons/Humanity/mimes/16/gnome-mime-application-postscript.svg
/usr/share/icons/Humanity/mimes/16/gnome-mime-application-rtf.svg
/usr/share/icons/Humanity/mimes/16/gnome-mime-application-vnd.lotus-1-2-3.svg
/usr/share/icons/Humanity/mimes/16/gnome-mime-application-vnd.ms-cab-compressed.svg
/usr/share/icons/Humanity/mimes/16/gnome-mime-application-vnd.ms-excel.svg
/usr/share/icons/Humanity/mimes/16/gnome-mime-application-vnd.oasis.opendocument.graphics.svg
/usr/share/icons/Humanity/mimes/16/gnome-mime-application-vnd.oasis.opendocument.image.svg
/usr/share/icons/Humanity/mimes/16/gnome-mime-application-vnd.oasis.opendocument.spreadsheet.svg
/usr/share/icons/Humanity/mimes/16/gnome-mime-application-vnd.oasis.opendocument.text-web.svg
/usr/share/icons/Humanity/mimes/16/gnome-mime-application-vnd.oasis.opendocument.text.svg
/usr/share/icons/Humanity/mimes/16/gnome-mime-application-vnd.openxmlformats-officedocument.presentationml.presentation.svg
/usr/share/icons/Humanity/mimes/16/gnome-mime-application-vnd.openxmlformats-officedocument.presentationml.slideshow.svg
/usr/share/icons/Humanity/mimes/16/gnome-mime-application-vnd.openxmlformats-officedocument.spreadsheetml.sheet.svg
/usr/share/icons/Humanity/mimes/16/gnome-mime-application-vnd.openxmlformats-officedocument.wordprocessingml.document.svg
/usr/share/icons/Humanity/mimes/16/gnome-mime-application-vnd.rn-realmedia-secure.svg
/usr/share/icons/Humanity/mimes/16/gnome-mime-application-vnd.rn-realmedia-vbr.svg
/usr/share/icons/Humanity/mimes/16/gnome-mime-application-vnd.rn-realmedia.svg
/usr/share/icons/Humanity/mimes/16/gnome-mime-application-vnd.stardivision.calc.svg
/usr/share/icons/Humanity/mimes/16/gnome-mime-application-vnd.stardivision.writer.svg
/usr/share/icons/Humanity/mimes/16/gnome-mime-application-vnd.sun.xml.calc.svg
/usr/share/icons/Humanity/mimes/16/gnome-mime-application-vnd.sun.xml.draw.svg
/usr/share/icons/Humanity/mimes/16/gnome-mime-application-vnd.sun.xml.writer.svg
/usr/share/icons/Humanity/mimes/16/gnome-mime-application-wordperfect.svg
/usr/share/icons/Humanity/mimes/16/gnome-mime-application-x-7z-compressed.svg
/usr/share/icons/Humanity/mimes/16/gnome-mime-application-x-abiword.svg
/usr/share/icons/Humanity/mimes/16/gnome-mime-application-x-ace.svg
/usr/share/icons/Humanity/mimes/16/gnome-mime-application-x-applix-spreadsheet.svg
/usr/share/icons/Humanity/mimes/16/gnome-mime-application-x-applix-word.svg
/usr/share/icons/Humanity/mimes/16/gnome-mime-application-x-archive.svg
/usr/share/icons/Humanity/mimes/16/gnome-mime-application-x-arj.svg
/usr/share/icons/Humanity/mimes/16/gnome-mime-application-x-bzip-compressed-tar.svg
/usr/share/icons/Humanity/mimes/16/gnome-mime-application-x-bzip.svg
/usr/share/icons/Humanity/mimes/16/gnome-mime-application-x-compress.svg
/usr/share/icons/Humanity/mimes/16/gnome-mime-application-x-compressed-tar.svg
/usr/share/icons/Humanity/mimes/16/gnome-mime-application-x-cpio-compressed.svg
/usr/share/icons/Humanity/mimes/16/gnome-mime-application-x-cpio.svg
/usr/share/icons/Humanity/mimes/16/gnome-mime-application-x-deb.svg
/usr/share/icons/Humanity/mimes/16/gnome-mime-application-x-dvi.svg
/usr/share/icons/Humanity/mimes/16/gnome-mime-application-x-font-afm.svg
/usr/share/icons/Humanity/mimes/16/gnome-mime-application-x-font-bdf.svg
/usr/share/icons/Humanity/mimes/16/gnome-mime-application-x-font-linux-psf.svg
/usr/share/icons/Humanity/mimes/16/gnome-mime-application-x-font-pcf.svg
/usr/share/icons/Humanity/mimes/16/gnome-mime-application-x-font-sunos-news.svg
/usr/share/icons/Humanity/mimes/16/gnome-mime-application-x-font-ttf.svg
/usr/share/icons/Humanity/mimes/16/gnome-mime-application-x-gnumeric.svg
/usr/share/icons/Humanity/mimes/16/gnome-mime-application-x-gzip.svg
/usr/share/icons/Humanity/mimes/16/gnome-mime-application-x-gzpostscript.svg
/usr/share/icons/Humanity/mimes/16/gnome-mime-application-x-jar.svg
/usr/share/icons/Humanity/mimes/16/gnome-mime-application-x-java-archive.svg
/usr/share/icons/Humanity/mimes/16/gnome-mime-application-x-killustrator.svg
/usr/share/icons/Humanity/mimes/16/gnome-mime-application-x-kspread.svg
/usr/share/icons/Humanity/mimes/16/gnome-mime-application-x-kword.svg
/usr/share/icons/Humanity/mimes/16/gnome-mime-application-x-lha.svg
/usr/share/icons/Humanity/mimes/16/gnome-mime-application-x-lhz.svg
/usr/share/icons/Humanity/mimes/16/gnome-mime-application-x-lzma-compressed-tar.svg
/usr/share/icons/Humanity/mimes/16/gnome-mime-application-x-lzma.svg
/usr/share/icons/Humanity/mimes/16/gnome-mime-application-x-lzop.svg
/usr/share/icons/Humanity/mimes/16/gnome-mime-application-x-perl.svg
/usr/share/icons/Humanity/mimes/16/gnome-mime-application-x-php.svg
/usr/share/icons/Humanity/mimes/16/gnome-mime-application-x-python-bytecode.svg
/usr/share/icons/Humanity/mimes/16/gnome-mime-application-x-rar.svg
/usr/share/icons/Humanity/mimes/16/gnome-mime-application-x-rpm.svg
/usr/share/icons/Humanity/mimes/16/gnome-mime-application-x-scribus.svg
/usr/share/icons/Humanity/mimes/16/gnome-mime-application-x-shar.svg
/usr/share/icons/Humanity/mimes/16/gnome-mime-application-x-shellscript.svg
/usr/share/icons/Humanity/mimes/16/gnome-mime-application-x-shockwave-flash.svg
/usr/share/icons/Humanity/mimes/16/gnome-mime-application-x-stuffit.svg
/usr/share/icons/Humanity/mimes/16/gnome-mime-application-x-tar.svg
/usr/share/icons/Humanity/mimes/16/gnome-mime-application-x-tarz.svg
/usr/share/icons/Humanity/mimes/16/gnome-mime-application-x-tex.svg
/usr/share/icons/Humanity/mimes/16/gnome-mime-application-x-zip.svg
/usr/share/icons/Humanity/mimes/16/gnome-mime-application-x-zoo.svg
/usr/share/icons/Humanity/mimes/16/gnome-mime-application-xhtml+xml.svg
/usr/share/icons/Humanity/mimes/16/gnome-mime-application-xml.svg
/usr/share/icons/Humanity/mimes/16/gnome-mime-application-zip.svg
/usr/share/icons/Humanity/mimes/16/gnome-mime-audio.svg
/usr/share/icons/Humanity/mimes/16/gnome-mime-image-bmp.svg
/usr/share/icons/Humanity/mimes/16/gnome-mime-image-gif.svg
/usr/share/icons/Humanity/mimes/16/gnome-mime-image-jpeg.svg
/usr/share/icons/Humanity/mimes/16/gnome-mime-image-png.svg
/usr/share/icons/Humanity/mimes/16/gnome-mime-image-tiff.svg
/usr/share/icons/Humanity/mimes/16/gnome-mime-image-x-cmu-raster.svg
/usr/share/icons/Humanity/mimes/16/gnome-mime-image-x-portable-bitmap.svg
/usr/share/icons/Humanity/mimes/16/gnome-mime-image-x-xpixmap.svg
/usr/share/icons/Humanity/mimes/16/gnome-mime-image.svg
/usr/share/icons/Humanity/mimes/16/gnome-mime-text-css.svg
/usr/share/icons/Humanity/mimes/16/gnome-mime-text-html.svg
/usr/share/icons/Humanity/mimes/16/gnome-mime-text-vnd.wap.wml.svg
/usr/share/icons/Humanity/mimes/16/gnome-mime-text-x-authors.svg
/usr/share/icons/Humanity/mimes/16/gnome-mime-text-x-c++.svg
/usr/share/icons/Humanity/mimes/16/gnome-mime-text-x-c++src.svg
/usr/share/icons/Humanity/mimes/16/gnome-mime-text-x-c.svg
/usr/share/icons/Humanity/mimes/16/gnome-mime-text-x-changelog.svg
/usr/share/icons/Humanity/mimes/16/gnome-mime-text-x-chdr.svg
/usr/share/icons/Humanity/mimes/16/gnome-mime-text-x-copying.svg
/usr/share/icons/Humanity/mimes/16/gnome-mime-text-x-credits.svg
/usr/share/icons/Humanity/mimes/16/gnome-mime-text-x-csh.svg
/usr/share/icons/Humanity/mimes/16/gnome-mime-text-x-csharp.svg
/usr/share/icons/Humanity/mimes/16/gnome-mime-text-x-csrc.svg
/usr/share/icons/Humanity/mimes/16/gnome-mime-text-x-install.svg
/usr/share/icons/Humanity/mimes/16/gnome-mime-text-x-makefile.svg
/usr/share/icons/Humanity/mimes/16/gnome-mime-text-x-python.svg
/usr/share/icons/Humanity/mimes/16/gnome-mime-text-x-readme.svg
/usr/share/icons/Humanity/mimes/16/gnome-mime-text-x-sh.svg
/usr/share/icons/Humanity/mimes/16/gnome-mime-text-x-vcalendar.svg
/usr/share/icons/Humanity/mimes/16/gnome-mime-text-x-vcard.svg
/usr/share/icons/Humanity/mimes/16/gnome-mime-text-x-zsh.svg
/usr/share/icons/Humanity/mimes/16/gnome-mime-text.svg
/usr/share/icons/Humanity/mimes/16/gnome-mime-video-x-ms-asf.svg
/usr/share/icons/Humanity/mimes/16/gnome-mime-video-x-ms-wmv.svg
/usr/share/icons/Humanity/mimes/16/gnome-mime-video.svg
/usr/share/icons/Humanity/mimes/16/gnome-mime-x-font-afm.svg
/usr/share/icons/Humanity/mimes/16/gnome-package.svg
/usr/share/icons/Humanity/mimes/16/gtk-file.svg
/usr/share/icons/Humanity/mimes/16/html.svg
/usr/share/icons/Humanity/mimes/16/image-bmp.svg
/usr/share/icons/Humanity/mimes/16/image-gif.svg
/usr/share/icons/Humanity/mimes/16/image-jpeg.svg
/usr/share/icons/Humanity/mimes/16/image-jpeg2000.svg
/usr/share/icons/Humanity/mimes/16/image-png.svg
/usr/share/icons/Humanity/mimes/16/image-tiff.svg
/usr/share/icons/Humanity/mimes/16/image-x-ico.svg
/usr/share/icons/Humanity/mimes/16/image-x-portable-bitmap.svg
/usr/share/icons/Humanity/mimes/16/image-x-svg+xml.svg
/usr/share/icons/Humanity/mimes/16/image-x-tga.svg
/usr/share/icons/Humanity/mimes/16/image-x-win-bitmap.svg
/usr/share/icons/Humanity/mimes/16/image.svg
/usr/share/icons/Humanity/mimes/16/jpeg.svg
/usr/share/icons/Humanity/mimes/16/jpg.svg
/usr/share/icons/Humanity/mimes/16/media-audio.svg
/usr/share/icons/Humanity/mimes/16/media-image.svg
/usr/share/icons/Humanity/mimes/16/media-video.svg
/usr/share/icons/Humanity/mimes/16/mime_ascii.svg
/usr/share/icons/Humanity/mimes/16/misc.svg
/usr/share/icons/Humanity/mimes/16/office-contact.svg
/usr/share/icons/Humanity/mimes/16/office-document.svg
/usr/share/icons/Humanity/mimes/16/office-illustration.svg
/usr/share/icons/Humanity/mimes/16/office-spreadsheet.svg
/usr/share/icons/Humanity/mimes/16/package.svg
/usr/share/icons/Humanity/mimes/16/package_editors.svg
/usr/share/icons/Humanity/mimes/16/package_wordprocessing.svg
/usr/share/icons/Humanity/mimes/16/rar.svg
/usr/share/icons/Humanity/mimes/16/rpm.svg
/usr/share/icons/Humanity/mimes/16/shellscript.svg
/usr/share/icons/Humanity/mimes/16/sound.svg
/usr/share/icons/Humanity/mimes/16/spreadsheet.svg
/usr/share/icons/Humanity/mimes/16/stock_addressbook.svg
/usr/share/icons/Humanity/mimes/16/stock_calendar.svg
/usr/share/icons/Humanity/mimes/16/stock_script.svg
/usr/share/icons/Humanity/mimes/16/svg.svg
/usr/share/icons/Humanity/mimes/16/tar.svg
/usr/share/icons/Humanity/mimes/16/template_source.svg
/usr/share/icons/Humanity/mimes/16/text-enriched.svg
/usr/share/icons/Humanity/mimes/16/text-htmlh.svg
/usr/share/icons/Humanity/mimes/16/text-plain.svg
/usr/share/icons/Humanity/mimes/16/text-richtext.svg
/usr/share/icons/Humanity/mimes/16/text-spreadsheet.svg
/usr/share/icons/Humanity/mimes/16/text-x-changelog.svg
/usr/share/icons/Humanity/mimes/16/text-x-copying.svg
/usr/share/icons/Humanity/mimes/16/text-x-csharp.svg
/usr/share/icons/Humanity/mimes/16/text-x-source.svg
/usr/share/icons/Humanity/mimes/16/text-xml.svg
/usr/share/icons/Humanity/mimes/16/text.svg
/usr/share/icons/Humanity/mimes/16/text2.svg
/usr/share/icons/Humanity/mimes/16/tgz.svg
/usr/share/icons/Humanity/mimes/16/txt.svg
/usr/share/icons/Humanity/mimes/16/txt2.svg
/usr/share/icons/Humanity/mimes/16/unknown.svg
/usr/share/icons/Humanity/mimes/16/vcard.svg
/usr/share/icons/Humanity/mimes/16/video.svg
/usr/share/icons/Humanity/mimes/16/vnd.oasis.opendocument.drawing.svg
/usr/share/icons/Humanity/mimes/16/wordprocessing.svg
/usr/share/icons/Humanity/mimes/16/www.svg
/usr/share/icons/Humanity/mimes/16/x-office-address-book.svg
/usr/share/icons/Humanity/mimes/16/x-office-calendar.svg
/usr/share/icons/Humanity/mimes/16/zip.svg
/usr/share/icons/Humanity/mimes/22/application-7zip.svg
/usr/share/icons/Humanity/mimes/22/application-atom+xml.svg
/usr/share/icons/Humanity/mimes/22/application-illustrator.svg
/usr/share/icons/Humanity/mimes/22/application-octet-stream.svg
/usr/share/icons/Humanity/mimes/22/application-ogg.svg
/usr/share/icons/Humanity/mimes/22/application-pdf.svg
/usr/share/icons/Humanity/mimes/22/application-postscript.svg
/usr/share/icons/Humanity/mimes/22/application-rtf.svg
/usr/share/icons/Humanity/mimes/22/application-vnd.ms-cab-compressed.svg
/usr/share/icons/Humanity/mimes/22/application-vnd.oasis.opendocument.graphics.svg
/usr/share/icons/Humanity/mimes/22/application-vnd.oasis.opendocument.text-web.svg
/usr/share/icons/Humanity/mimes/22/application-vnd.openxmlformats-officedocument.presentationml.presentation.svg
/usr/share/icons/Humanity/mimes/22/application-vnd.openxmlformats-officedocument.presentationml.slideshow.svg
/usr/share/icons/Humanity/mimes/22/application-vnd.openxmlformats-officedocument.spreadsheetml.sheet.svg
/usr/share/icons/Humanity/mimes/22/application-vnd.openxmlformats-officedocument.wordprocessingml.document.svg
/usr/share/icons/Humanity/mimes/22/application-vnd.rn-realmedia.svg
/usr/share/icons/Humanity/mimes/22/application-vnd.sun.xml.calc.svg
/usr/share/icons/Humanity/mimes/22/application-vnd.sun.xml.draw.svg
/usr/share/icons/Humanity/mimes/22/application-vnd.sun.xml.writer.svg
/usr/share/icons/Humanity/mimes/22/application-vnd.wordperfect.svg
/usr/share/icons/Humanity/mimes/22/application-x-7z-compressed.svg
/usr/share/icons/Humanity/mimes/22/application-x-ace.svg
/usr/share/icons/Humanity/mimes/22/application-x-arj.svg
/usr/share/icons/Humanity/mimes/22/application-x-bzip-compressed-tar.svg
/usr/share/icons/Humanity/mimes/22/application-x-bzip.svg
/usr/share/icons/Humanity/mimes/22/application-x-class-file.svg
/usr/share/icons/Humanity/mimes/22/application-x-compress.svg
/usr/share/icons/Humanity/mimes/22/application-x-compressed-tar.svg
/usr/share/icons/Humanity/mimes/22/application-x-cpio.svg
/usr/share/icons/Humanity/mimes/22/application-x-csproj.svg
/usr/share/icons/Humanity/mimes/22/application-x-deb.svg
/usr/share/icons/Humanity/mimes/22/application-x-desktop.svg
/usr/share/icons/Humanity/mimes/22/application-x-gnome-theme-package.svg
/usr/share/icons/Humanity/mimes/22/application-x-gnumeric.svg
/usr/share/icons/Humanity/mimes/22/application-x-gzip.svg
/usr/share/icons/Humanity/mimes/22/application-x-jar.svg
/usr/share/icons/Humanity/mimes/22/application-x-java-archive.svg
/usr/share/icons/Humanity/mimes/22/application-x-java.svg
/usr/share/icons/Humanity/mimes/22/application-x-javascript.svg
/usr/share/icons/Humanity/mimes/22/application-x-lha.svg
/usr/share/icons/Humanity/mimes/22/application-x-lhz.svg
/usr/share/icons/Humanity/mimes/22/application-x-lzma-compressed-tar.svg
/usr/share/icons/Humanity/mimes/22/application-x-lzma.svg
/usr/share/icons/Humanity/mimes/22/application-x-lzop.svg
/usr/share/icons/Humanity/mimes/22/application-x-m4.svg
/usr/share/icons/Humanity/mimes/22/application-x-matroska.svg
/usr/share/icons/Humanity/mimes/22/application-x-ole-storage.svg
/usr/share/icons/Humanity/mimes/22/application-x-perl.svg
/usr/share/icons/Humanity/mimes/22/application-x-php.svg
/usr/share/icons/Humanity/mimes/22/application-x-python-bytecode.svg
/usr/share/icons/Humanity/mimes/22/application-x-rar.svg
/usr/share/icons/Humanity/mimes/22/application-x-rpm.svg
/usr/share/icons/Humanity/mimes/22/application-x-ruby.svg
/usr/share/icons/Humanity/mimes/22/application-x-shar.svg
/usr/share/icons/Humanity/mimes/22/application-x-shellscript.svg
/usr/share/icons/Humanity/mimes/22/application-x-shockwave-flash.svg
/usr/share/icons/Humanity/mimes/22/application-x-sqlite2.svg
/usr/share/icons/Humanity/mimes/22/application-x-sqlite3.svg
/usr/share/icons/Humanity/mimes/22/application-x-stuffit.svg
/usr/share/icons/Humanity/mimes/22/application-x-tar.svg
/usr/share/icons/Humanity/mimes/22/application-x-zip.svg
/usr/share/icons/Humanity/mimes/22/application-x-zoo.svg
/usr/share/icons/Humanity/mimes/22/application-xml.svg
/usr/share/icons/Humanity/mimes/22/application-zip.svg
/usr/share/icons/Humanity/mimes/22/archive.svg
/usr/share/icons/Humanity/mimes/22/ascii.svg
/usr/share/icons/Humanity/mimes/22/audio-mpeg.svg
/usr/share/icons/Humanity/mimes/22/audio-x-adpcm.svg
/usr/share/icons/Humanity/mimes/22/audio-x-flac+ogg.svg
/usr/share/icons/Humanity/mimes/22/audio-x-mpeg.svg
/usr/share/icons/Humanity/mimes/22/audio-x-mpegurl.svg
/usr/share/icons/Humanity/mimes/22/audio-x-ms-wma.svg
/usr/share/icons/Humanity/mimes/22/audio-x-scpls.svg
/usr/share/icons/Humanity/mimes/22/audio-x-speex+ogg.svg
/usr/share/icons/Humanity/mimes/22/audio-x-vorbis+ogg.svg
/usr/share/icons/Humanity/mimes/22/audio-x-wav.svg
/usr/share/icons/Humanity/mimes/22/contents2.svg
/usr/share/icons/Humanity/mimes/22/deb.svg
/usr/share/icons/Humanity/mimes/22/document.svg
/usr/share/icons/Humanity/mimes/22/empty.icon
/usr/share/icons/Humanity/mimes/22/empty.svg
/usr/share/icons/Humanity/mimes/22/folder_tar.svg
/usr/share/icons/Humanity/mimes/22/font.svg
/usr/share/icons/Humanity/mimes/22/font_bitmap.svg
/usr/share/icons/Humanity/mimes/22/font_truetype.svg
/usr/share/icons/Humanity/mimes/22/font_type1.svg
/usr/share/icons/Humanity/mimes/22/gnome-fs-regular.icon
/usr/share/icons/Humanity/mimes/22/gnome-fs-regular.svg
/usr/share/icons/Humanity/mimes/22/gnome-mime-application-atom+xml.svg
/usr/share/icons/Humanity/mimes/22/gnome-mime-application-msword.svg
/usr/share/icons/Humanity/mimes/22/gnome-mime-application-ogg.svg
/usr/share/icons/Humanity/mimes/22/gnome-mime-application-postscript.svg
/usr/share/icons/Humanity/mimes/22/gnome-mime-application-rss+xml.svg
/usr/share/icons/Humanity/mimes/22/gnome-mime-application-rtf.svg
/usr/share/icons/Humanity/mimes/22/gnome-mime-application-vnd.lotus-1-2-3.svg
/usr/share/icons/Humanity/mimes/22/gnome-mime-application-vnd.ms-cab-compressed.svg
/usr/share/icons/Humanity/mimes/22/gnome-mime-application-vnd.ms-excel.svg
/usr/share/icons/Humanity/mimes/22/gnome-mime-application-vnd.oasis.opendocument.graphics.svg
/usr/share/icons/Humanity/mimes/22/gnome-mime-application-vnd.oasis.opendocument.image.svg
/usr/share/icons/Humanity/mimes/22/gnome-mime-application-vnd.oasis.opendocument.spreadsheet.svg
/usr/share/icons/Humanity/mimes/22/gnome-mime-application-vnd.oasis.opendocument.text-web.svg
/usr/share/icons/Humanity/mimes/22/gnome-mime-application-vnd.oasis.opendocument.text.svg
/usr/share/icons/Humanity/mimes/22/gnome-mime-application-vnd.openxmlformats-officedocument.presentationml.presentation.svg
/usr/share/icons/Humanity/mimes/22/gnome-mime-application-vnd.openxmlformats-officedocument.presentationml.slideshow.svg
/usr/share/icons/Humanity/mimes/22/gnome-mime-application-vnd.openxmlformats-officedocument.spreadsheetml.sheet.svg
/usr/share/icons/Humanity/mimes/22/gnome-mime-application-vnd.openxmlformats-officedocument.wordprocessingml.document.svg
/usr/share/icons/Humanity/mimes/22/gnome-mime-application-vnd.rn-realmedia-secure.svg
/usr/share/icons/Humanity/mimes/22/gnome-mime-application-vnd.rn-realmedia-vbr.svg
/usr/share/icons/Humanity/mimes/22/gnome-mime-application-vnd.rn-realmedia.svg
/usr/share/icons/Humanity/mimes/22/gnome-mime-application-vnd.stardivision.calc.svg
/usr/share/icons/Humanity/mimes/22/gnome-mime-application-vnd.stardivision.writer.svg
/usr/share/icons/Humanity/mimes/22/gnome-mime-application-vnd.sun.xml.calc.svg
/usr/share/icons/Humanity/mimes/22/gnome-mime-application-vnd.sun.xml.draw.svg
/usr/share/icons/Humanity/mimes/22/gnome-mime-application-vnd.sun.xml.writer.svg
/usr/share/icons/Humanity/mimes/22/gnome-mime-application-wordperfect.svg
/usr/share/icons/Humanity/mimes/22/gnome-mime-application-x-7z-compressed.svg
/usr/share/icons/Humanity/mimes/22/gnome-mime-application-x-abiword.svg
/usr/share/icons/Humanity/mimes/22/gnome-mime-application-x-ace.svg
/usr/share/icons/Humanity/mimes/22/gnome-mime-application-x-applix-spreadsheet.svg
/usr/share/icons/Humanity/mimes/22/gnome-mime-application-x-applix-word.svg
/usr/share/icons/Humanity/mimes/22/gnome-mime-application-x-archive.svg
/usr/share/icons/Humanity/mimes/22/gnome-mime-application-x-arj.svg
/usr/share/icons/Humanity/mimes/22/gnome-mime-application-x-bittorrent.svg
/usr/share/icons/Humanity/mimes/22/gnome-mime-application-x-bzip-compressed-tar.svg
/usr/share/icons/Humanity/mimes/22/gnome-mime-application-x-bzip.svg
/usr/share/icons/Humanity/mimes/22/gnome-mime-application-x-class-file.svg
/usr/share/icons/Humanity/mimes/22/gnome-mime-application-x-compress.svg
/usr/share/icons/Humanity/mimes/22/gnome-mime-application-x-compressed-tar.svg
/usr/share/icons/Humanity/mimes/22/gnome-mime-application-x-cpio-compressed.svg
/usr/share/icons/Humanity/mimes/22/gnome-mime-application-x-cpio.svg
/usr/share/icons/Humanity/mimes/22/gnome-mime-application-x-deb.svg
/usr/share/icons/Humanity/mimes/22/gnome-mime-application-x-desktop.svg
/usr/share/icons/Humanity/mimes/22/gnome-mime-application-x-dvi.svg
/usr/share/icons/Humanity/mimes/22/gnome-mime-application-x-font-afm.svg
/usr/share/icons/Humanity/mimes/22/gnome-mime-application-x-font-bdf.svg
/usr/share/icons/Humanity/mimes/22/gnome-mime-application-x-font-linux-psf.svg
/usr/share/icons/Humanity/mimes/22/gnome-mime-application-x-font-pcf.svg
/usr/share/icons/Humanity/mimes/22/gnome-mime-application-x-font-sunos-news.svg
/usr/share/icons/Humanity/mimes/22/gnome-mime-application-x-font-ttf.svg
/usr/share/icons/Humanity/mimes/22/gnome-mime-application-x-gnome-app-info.svg
/usr/share/icons/Humanity/mimes/22/gnome-mime-application-x-gnome-theme-package.svg
/usr/share/icons/Humanity/mimes/22/gnome-mime-application-x-gnumeric.svg
/usr/share/icons/Humanity/mimes/22/gnome-mime-application-x-gzip.svg
/usr/share/icons/Humanity/mimes/22/gnome-mime-application-x-gzpostscript.svg
/usr/share/icons/Humanity/mimes/22/gnome-mime-application-x-jar.svg
/usr/share/icons/Humanity/mimes/22/gnome-mime-application-x-java-archive.svg
/usr/share/icons/Humanity/mimes/22/gnome-mime-application-x-java.svg
/usr/share/icons/Humanity/mimes/22/gnome-mime-application-x-javascript.svg
/usr/share/icons/Humanity/mimes/22/gnome-mime-application-x-killustrator.svg
/usr/share/icons/Humanity/mimes/22/gnome-mime-application-x-kspread.svg
/usr/share/icons/Humanity/mimes/22/gnome-mime-application-x-kword.svg
/usr/share/icons/Humanity/mimes/22/gnome-mime-application-x-lha.svg
/usr/share/icons/Humanity/mimes/22/gnome-mime-application-x-lhz.svg
/usr/share/icons/Humanity/mimes/22/gnome-mime-application-x-lzma-compressed-tar.svg
/usr/share/icons/Humanity/mimes/22/gnome-mime-application-x-lzma.svg
/usr/share/icons/Humanity/mimes/22/gnome-mime-application-x-lzop.svg
/usr/share/icons/Humanity/mimes/22/gnome-mime-application-x-perl.svg
/usr/share/icons/Humanity/mimes/22/gnome-mime-application-x-php.svg
/usr/share/icons/Humanity/mimes/22/gnome-mime-application-x-python-bytecode.svg
/usr/share/icons/Humanity/mimes/22/gnome-mime-application-x-rar.svg
/usr/share/icons/Humanity/mimes/22/gnome-mime-application-x-rpm.svg
/usr/share/icons/Humanity/mimes/22/gnome-mime-application-x-ruby.svg
/usr/share/icons/Humanity/mimes/22/gnome-mime-application-x-scribus.svg
/usr/share/icons/Humanity/mimes/22/gnome-mime-application-x-shar.svg
/usr/share/icons/Humanity/mimes/22/gnome-mime-application-x-shellscript.svg
/usr/share/icons/Humanity/mimes/22/gnome-mime-application-x-shockwave-flash.svg
/usr/share/icons/Humanity/mimes/22/gnome-mime-application-x-stuffit.svg
/usr/share/icons/Humanity/mimes/22/gnome-mime-application-x-tar.svg
/usr/share/icons/Humanity/mimes/22/gnome-mime-application-x-tarz.svg
/usr/share/icons/Humanity/mimes/22/gnome-mime-application-x-tex.svg
/usr/share/icons/Humanity/mimes/22/gnome-mime-application-x-theme.svg
/usr/share/icons/Humanity/mimes/22/gnome-mime-application-x-zip.svg
/usr/share/icons/Humanity/mimes/22/gnome-mime-application-x-zoo.svg
/usr/share/icons/Humanity/mimes/22/gnome-mime-application-xhtml+xml.svg
/usr/share/icons/Humanity/mimes/22/gnome-mime-application-xml.svg
/usr/share/icons/Humanity/mimes/22/gnome-mime-application-zip.svg
/usr/share/icons/Humanity/mimes/22/gnome-mime-audio.svg
/usr/share/icons/Humanity/mimes/22/gnome-mime-image-bmp.svg
/usr/share/icons/Humanity/mimes/22/gnome-mime-image-gif.svg
/usr/share/icons/Humanity/mimes/22/gnome-mime-image-jpeg.svg
/usr/share/icons/Humanity/mimes/22/gnome-mime-image-png.svg
/usr/share/icons/Humanity/mimes/22/gnome-mime-image-tiff.svg
/usr/share/icons/Humanity/mimes/22/gnome-mime-image-x-cmu-raster.svg
/usr/share/icons/Humanity/mimes/22/gnome-mime-image-x-portable-bitmap.svg
/usr/share/icons/Humanity/mimes/22/gnome-mime-image-x-psd.svg
/usr/share/icons/Humanity/mimes/22/gnome-mime-image-x-xpixmap.svg
/usr/share/icons/Humanity/mimes/22/gnome-mime-image.svg
/usr/share/icons/Humanity/mimes/22/gnome-mime-text-css.svg
/usr/share/icons/Humanity/mimes/22/gnome-mime-text-html.svg
/usr/share/icons/Humanity/mimes/22/gnome-mime-text-vnd.wap.wml.svg
/usr/share/icons/Humanity/mimes/22/gnome-mime-text-x-authors.svg
/usr/share/icons/Humanity/mimes/22/gnome-mime-text-x-c++.svg
/usr/share/icons/Humanity/mimes/22/gnome-mime-text-x-c++src.svg
/usr/share/icons/Humanity/mimes/22/gnome-mime-text-x-c.svg
/usr/share/icons/Humanity/mimes/22/gnome-mime-text-x-changelog.svg
/usr/share/icons/Humanity/mimes/22/gnome-mime-text-x-chdr.svg
/usr/share/icons/Humanity/mimes/22/gnome-mime-text-x-copying.svg
/usr/share/icons/Humanity/mimes/22/gnome-mime-text-x-credits.svg
/usr/share/icons/Humanity/mimes/22/gnome-mime-text-x-csh.svg
/usr/share/icons/Humanity/mimes/22/gnome-mime-text-x-csharp.svg
/usr/share/icons/Humanity/mimes/22/gnome-mime-text-x-csrc.svg
/usr/share/icons/Humanity/mimes/22/gnome-mime-text-x-gtkrc.svg
/usr/share/icons/Humanity/mimes/22/gnome-mime-text-x-install.svg
/usr/share/icons/Humanity/mimes/22/gnome-mime-text-x-java-source.svg
/usr/share/icons/Humanity/mimes/22/gnome-mime-text-x-java.svg
/usr/share/icons/Humanity/mimes/22/gnome-mime-text-x-javascript.svg
/usr/share/icons/Humanity/mimes/22/gnome-mime-text-x-makefile.svg
/usr/share/icons/Humanity/mimes/22/gnome-mime-text-x-python.svg
/usr/share/icons/Humanity/mimes/22/gnome-mime-text-x-readme.svg
/usr/share/icons/Humanity/mimes/22/gnome-mime-text-x-sh.svg
/usr/share/icons/Humanity/mimes/22/gnome-mime-text-x-source.svg
/usr/share/icons/Humanity/mimes/22/gnome-mime-text-x-vcalendar.svg
/usr/share/icons/Humanity/mimes/22/gnome-mime-text-x-vcard.svg
/usr/share/icons/Humanity/mimes/22/gnome-mime-text-x-zsh.svg
/usr/share/icons/Humanity/mimes/22/gnome-mime-text.svg
/usr/share/icons/Humanity/mimes/22/gnome-mime-video-x-ms-asf.svg
/usr/share/icons/Humanity/mimes/22/gnome-mime-video-x-ms-wmv.svg
/usr/share/icons/Humanity/mimes/22/gnome-mime-video.svg
/usr/share/icons/Humanity/mimes/22/gnome-mime-x-font-afm.svg
/usr/share/icons/Humanity/mimes/22/gnome-package.svg
/usr/share/icons/Humanity/mimes/22/gtk-file.icon
/usr/share/icons/Humanity/mimes/22/gtk-file.svg
/usr/share/icons/Humanity/mimes/22/html.svg
/usr/share/icons/Humanity/mimes/22/image-bmp.svg
/usr/share/icons/Humanity/mimes/22/image-gif.svg
/usr/share/icons/Humanity/mimes/22/image-jpeg.svg
/usr/share/icons/Humanity/mimes/22/image-jpeg2000.svg
/usr/share/icons/Humanity/mimes/22/image-png.svg
/usr/share/icons/Humanity/mimes/22/image-tiff.svg
/usr/share/icons/Humanity/mimes/22/image-x-ico.svg
/usr/share/icons/Humanity/mimes/22/image-x-portable-bitmap.svg
/usr/share/icons/Humanity/mimes/22/image-x-psdimage-x-psd.svg
/usr/share/icons/Humanity/mimes/22/image-x-svg+xml.svg
/usr/share/icons/Humanity/mimes/22/image-x-tga.svg
/usr/share/icons/Humanity/mimes/22/image-x-win-bitmap.svg
/usr/share/icons/Humanity/mimes/22/image.svg
/usr/share/icons/Humanity/mimes/22/jpeg.svg
/usr/share/icons/Humanity/mimes/22/jpg.svg
/usr/share/icons/Humanity/mimes/22/media-audio.svg
/usr/share/icons/Humanity/mimes/22/media-image.svg
/usr/share/icons/Humanity/mimes/22/media-video.svg
/usr/share/icons/Humanity/mimes/22/mime_ascii.svg
/usr/share/icons/Humanity/mimes/22/misc.svg
/usr/share/icons/Humanity/mimes/22/office-contact.svg
/usr/share/icons/Humanity/mimes/22/office-document.svg
/usr/share/icons/Humanity/mimes/22/office-illustration.svg
/usr/share/icons/Humanity/mimes/22/office-spreadsheet.svg
/usr/share/icons/Humanity/mimes/22/openofficeorg3-database.svg
/usr/share/icons/Humanity/mimes/22/openofficeorg3-drawing.svg
/usr/share/icons/Humanity/mimes/22/openofficeorg3-oasis-database.svg
/usr/share/icons/Humanity/mimes/22/openofficeorg3-oasis-spreadsheet.svg
/usr/share/icons/Humanity/mimes/22/package.svg
/usr/share/icons/Humanity/mimes/22/package_editors.svg
/usr/share/icons/Humanity/mimes/22/package_wordprocessing.svg
/usr/share/icons/Humanity/mimes/22/plan.svg
/usr/share/icons/Humanity/mimes/22/rar.svg
/usr/share/icons/Humanity/mimes/22/rpm.svg
/usr/share/icons/Humanity/mimes/22/shellscript.svg
/usr/share/icons/Humanity/mimes/22/sound.svg
/usr/share/icons/Humanity/mimes/22/spreadsheet.svg
/usr/share/icons/Humanity/mimes/22/stock_addressbook.svg
/usr/share/icons/Humanity/mimes/22/stock_calendar.svg
/usr/share/icons/Humanity/mimes/22/stock_script.svg
/usr/share/icons/Humanity/mimes/22/svg.svg
/usr/share/icons/Humanity/mimes/22/tar.svg
/usr/share/icons/Humanity/mimes/22/template_source.svg
/usr/share/icons/Humanity/mimes/22/text-css.svg
/usr/share/icons/Humanity/mimes/22/text-enriched.svg
/usr/share/icons/Humanity/mimes/22/text-htmlh.svg
/usr/share/icons/Humanity/mimes/22/text-plain.svg
/usr/share/icons/Humanity/mimes/22/text-richtext.svg
/usr/share/icons/Humanity/mimes/22/text-spreadsheet.svg
/usr/share/icons/Humanity/mimes/22/text-x-authors.svg
/usr/share/icons/Humanity/mimes/22/text-x-c++.svg
/usr/share/icons/Humanity/mimes/22/text-x-c++src.svg
/usr/share/icons/Humanity/mimes/22/text-x-c.svg
/usr/share/icons/Humanity/mimes/22/text-x-changelog.svg
/usr/share/icons/Humanity/mimes/22/text-x-chdr.svg
/usr/share/icons/Humanity/mimes/22/text-x-copying.svg
/usr/share/icons/Humanity/mimes/22/text-x-credits.svg
/usr/share/icons/Humanity/mimes/22/text-x-csharp.svg
/usr/share/icons/Humanity/mimes/22/text-x-csrc.svg
/usr/share/icons/Humanity/mimes/22/text-x-css.svg
/usr/share/icons/Humanity/mimes/22/text-x-gtkrc.svg
/usr/share/icons/Humanity/mimes/22/text-x-java.svg
/usr/share/icons/Humanity/mimes/22/text-x-javascript.svg
/usr/share/icons/Humanity/mimes/22/text-x-lua.svg
/usr/share/icons/Humanity/mimes/22/text-x-perl.svg
/usr/share/icons/Humanity/mimes/22/text-x-python.svg
/usr/share/icons/Humanity/mimes/22/text-x-ruby.svg
/usr/share/icons/Humanity/mimes/22/text-x-source.svg
/usr/share/icons/Humanity/mimes/22/text-x-sql.svg
/usr/share/icons/Humanity/mimes/22/text-x-vala.svg
/usr/share/icons/Humanity/mimes/22/text-xml.svg
/usr/share/icons/Humanity/mimes/22/text.svg
/usr/share/icons/Humanity/mimes/22/text2.svg
/usr/share/icons/Humanity/mimes/22/tgz.svg
/usr/share/icons/Humanity/mimes/22/txt.svg
/usr/share/icons/Humanity/mimes/22/txt2.svg
/usr/share/icons/Humanity/mimes/22/vcalendar.svg
/usr/share/icons/Humanity/mimes/22/vcard.svg
/usr/share/icons/Humanity/mimes/22/video.svg
/usr/share/icons/Humanity/mimes/22/vnd.oasis.opendocument.drawing.svg
/usr/share/icons/Humanity/mimes/22/wordprocessing.svg
/usr/share/icons/Humanity/mimes/22/www.svg
/usr/share/icons/Humanity/mimes/22/x-office-address-book.svg
/usr/share/icons/Humanity/mimes/22/x-office-calendar.svg
/usr/share/icons/Humanity/mimes/22/zip.svg
/usr/share/icons/Humanity/mimes/24/application-7zip.svg
/usr/share/icons/Humanity/mimes/24/application-atom+xml.svg
/usr/share/icons/Humanity/mimes/24/application-illustrator.svg
/usr/share/icons/Humanity/mimes/24/application-octet-stream.svg
/usr/share/icons/Humanity/mimes/24/application-ogg.svg
/usr/share/icons/Humanity/mimes/24/application-pdf.svg
/usr/share/icons/Humanity/mimes/24/application-postscript.svg
/usr/share/icons/Humanity/mimes/24/application-rtf.svg
/usr/share/icons/Humanity/mimes/24/application-vnd.ms-cab-compressed.svg
/usr/share/icons/Humanity/mimes/24/application-vnd.oasis.opendocument.graphics.svg
/usr/share/icons/Humanity/mimes/24/application-vnd.oasis.opendocument.text-web.svg
/usr/share/icons/Humanity/mimes/24/application-vnd.openxmlformats-officedocument.presentationml.presentation.svg
/usr/share/icons/Humanity/mimes/24/application-vnd.openxmlformats-officedocument.presentationml.slideshow.svg
/usr/share/icons/Humanity/mimes/24/application-vnd.openxmlformats-officedocument.spreadsheetml.sheet.svg
/usr/share/icons/Humanity/mimes/24/application-vnd.openxmlformats-officedocument.wordprocessingml.document.svg
/usr/share/icons/Humanity/mimes/24/application-vnd.rn-realmedia.svg
/usr/share/icons/Humanity/mimes/24/application-vnd.sun.xml.calc.svg
/usr/share/icons/Humanity/mimes/24/application-vnd.sun.xml.draw.svg
/usr/share/icons/Humanity/mimes/24/application-vnd.sun.xml.writer.svg
/usr/share/icons/Humanity/mimes/24/application-vnd.wordperfect.svg
/usr/share/icons/Humanity/mimes/24/application-x-7z-compressed.svg
/usr/share/icons/Humanity/mimes/24/application-x-ace.svg
/usr/share/icons/Humanity/mimes/24/application-x-arj.svg
/usr/share/icons/Humanity/mimes/24/application-x-bzip-compressed-tar.svg
/usr/share/icons/Humanity/mimes/24/application-x-bzip.svg
/usr/share/icons/Humanity/mimes/24/application-x-class-file.svg
/usr/share/icons/Humanity/mimes/24/application-x-compress.svg
/usr/share/icons/Humanity/mimes/24/application-x-compressed-tar.svg
/usr/share/icons/Humanity/mimes/24/application-x-cpio.svg
/usr/share/icons/Humanity/mimes/24/application-x-csproj.svg
/usr/share/icons/Humanity/mimes/24/application-x-deb.svg
/usr/share/icons/Humanity/mimes/24/application-x-desktop.svg
/usr/share/icons/Humanity/mimes/24/application-x-gnome-theme-package.svg
/usr/share/icons/Humanity/mimes/24/application-x-gnumeric.svg
/usr/share/icons/Humanity/mimes/24/application-x-gzip.svg
/usr/share/icons/Humanity/mimes/24/application-x-jar.svg
/usr/share/icons/Humanity/mimes/24/application-x-java-archive.svg
/usr/share/icons/Humanity/mimes/24/application-x-java.svg
/usr/share/icons/Humanity/mimes/24/application-x-javascript.svg
/usr/share/icons/Humanity/mimes/24/application-x-lha.svg
/usr/share/icons/Humanity/mimes/24/application-x-lhz.svg
/usr/share/icons/Humanity/mimes/24/application-x-lzma-compressed-tar.svg
/usr/share/icons/Humanity/mimes/24/application-x-lzma.svg
/usr/share/icons/Humanity/mimes/24/application-x-lzop.svg
/usr/share/icons/Humanity/mimes/24/application-x-m4.svg
/usr/share/icons/Humanity/mimes/24/application-x-matroska.svg
/usr/share/icons/Humanity/mimes/24/application-x-ole-storage.svg
/usr/share/icons/Humanity/mimes/24/application-x-perl.svg
/usr/share/icons/Humanity/mimes/24/application-x-php.svg
/usr/share/icons/Humanity/mimes/24/application-x-python-bytecode.svg
/usr/share/icons/Humanity/mimes/24/application-x-rar.svg
/usr/share/icons/Humanity/mimes/24/application-x-rpm.svg
/usr/share/icons/Humanity/mimes/24/application-x-ruby.svg
/usr/share/icons/Humanity/mimes/24/application-x-shar.svg
/usr/share/icons/Humanity/mimes/24/application-x-shellscript.svg
/usr/share/icons/Humanity/mimes/24/application-x-shockwave-flash.svg
/usr/share/icons/Humanity/mimes/24/application-x-sqlite2.svg
/usr/share/icons/Humanity/mimes/24/application-x-sqlite3.svg
/usr/share/icons/Humanity/mimes/24/application-x-stuffit.svg
/usr/share/icons/Humanity/mimes/24/application-x-tar.svg
/usr/share/icons/Humanity/mimes/24/application-x-zip.svg
/usr/share/icons/Humanity/mimes/24/application-x-zoo.svg
/usr/share/icons/Humanity/mimes/24/application-xml.svg
/usr/share/icons/Humanity/mimes/24/application-zip.svg
/usr/share/icons/Humanity/mimes/24/archive.svg
/usr/share/icons/Humanity/mimes/24/ascii.svg
/usr/share/icons/Humanity/mimes/24/audio-mpeg.svg
/usr/share/icons/Humanity/mimes/24/audio-x-adpcm.svg
/usr/share/icons/Humanity/mimes/24/audio-x-flac+ogg.svg
/usr/share/icons/Humanity/mimes/24/audio-x-mpeg.svg
/usr/share/icons/Humanity/mimes/24/audio-x-mpegurl.svg
/usr/share/icons/Humanity/mimes/24/audio-x-ms-wma.svg
/usr/share/icons/Humanity/mimes/24/audio-x-scpls.svg
/usr/share/icons/Humanity/mimes/24/audio-x-speex+ogg.svg
/usr/share/icons/Humanity/mimes/24/audio-x-vorbis+ogg.svg
/usr/share/icons/Humanity/mimes/24/audio-x-wav.svg
/usr/share/icons/Humanity/mimes/24/contents2.svg
/usr/share/icons/Humanity/mimes/24/deb.svg
/usr/share/icons/Humanity/mimes/24/document.svg
/usr/share/icons/Humanity/mimes/24/empty.icon
/usr/share/icons/Humanity/mimes/24/empty.svg
/usr/share/icons/Humanity/mimes/24/folder_tar.svg
/usr/share/icons/Humanity/mimes/24/font.svg
/usr/share/icons/Humanity/mimes/24/font_bitmap.svg
/usr/share/icons/Humanity/mimes/24/font_truetype.svg
/usr/share/icons/Humanity/mimes/24/font_type1.svg
/usr/share/icons/Humanity/mimes/24/gnome-fs-regular.icon
/usr/share/icons/Humanity/mimes/24/gnome-fs-regular.svg
/usr/share/icons/Humanity/mimes/24/gnome-mime-application-atom+xml.svg
/usr/share/icons/Humanity/mimes/24/gnome-mime-application-msword.svg
/usr/share/icons/Humanity/mimes/24/gnome-mime-application-ogg.svg
/usr/share/icons/Humanity/mimes/24/gnome-mime-application-postscript.svg
/usr/share/icons/Humanity/mimes/24/gnome-mime-application-rss+xml.svg
/usr/share/icons/Humanity/mimes/24/gnome-mime-application-rtf.svg
/usr/share/icons/Humanity/mimes/24/gnome-mime-application-vnd.lotus-1-2-3.svg
/usr/share/icons/Humanity/mimes/24/gnome-mime-application-vnd.ms-cab-compressed.svg
/usr/share/icons/Humanity/mimes/24/gnome-mime-application-vnd.ms-excel.svg
/usr/share/icons/Humanity/mimes/24/gnome-mime-application-vnd.oasis.opendocument.graphics.svg
/usr/share/icons/Humanity/mimes/24/gnome-mime-application-vnd.oasis.opendocument.image.svg
/usr/share/icons/Humanity/mimes/24/gnome-mime-application-vnd.oasis.opendocument.spreadsheet.svg
/usr/share/icons/Humanity/mimes/24/gnome-mime-application-vnd.oasis.opendocument.text-web.svg
/usr/share/icons/Humanity/mimes/24/gnome-mime-application-vnd.oasis.opendocument.text.svg
/usr/share/icons/Humanity/mimes/24/gnome-mime-application-vnd.openxmlformats-officedocument.presentationml.presentation.svg
/usr/share/icons/Humanity/mimes/24/gnome-mime-application-vnd.openxmlformats-officedocument.presentationml.slideshow.svg
/usr/share/icons/Humanity/mimes/24/gnome-mime-application-vnd.openxmlformats-officedocument.spreadsheetml.sheet.svg
/usr/share/icons/Humanity/mimes/24/gnome-mime-application-vnd.openxmlformats-officedocument.wordprocessingml.document.svg
/usr/share/icons/Humanity/mimes/24/gnome-mime-application-vnd.rn-realmedia-secure.svg
/usr/share/icons/Humanity/mimes/24/gnome-mime-application-vnd.rn-realmedia-vbr.svg
/usr/share/icons/Humanity/mimes/24/gnome-mime-application-vnd.rn-realmedia.svg
/usr/share/icons/Humanity/mimes/24/gnome-mime-application-vnd.stardivision.calc.svg
/usr/share/icons/Humanity/mimes/24/gnome-mime-application-vnd.stardivision.writer.svg
/usr/share/icons/Humanity/mimes/24/gnome-mime-application-vnd.sun.xml.calc.svg
/usr/share/icons/Humanity/mimes/24/gnome-mime-application-vnd.sun.xml.draw.svg
/usr/share/icons/Humanity/mimes/24/gnome-mime-application-vnd.sun.xml.writer.svg
/usr/share/icons/Humanity/mimes/24/gnome-mime-application-wordperfect.svg
/usr/share/icons/Humanity/mimes/24/gnome-mime-application-x-7z-compressed.svg
/usr/share/icons/Humanity/mimes/24/gnome-mime-application-x-abiword.svg
/usr/share/icons/Humanity/mimes/24/gnome-mime-application-x-ace.svg
/usr/share/icons/Humanity/mimes/24/gnome-mime-application-x-applix-spreadsheet.svg
/usr/share/icons/Humanity/mimes/24/gnome-mime-application-x-applix-word.svg
/usr/share/icons/Humanity/mimes/24/gnome-mime-application-x-archive.svg
/usr/share/icons/Humanity/mimes/24/gnome-mime-application-x-arj.svg
/usr/share/icons/Humanity/mimes/24/gnome-mime-application-x-bittorrent.svg
/usr/share/icons/Humanity/mimes/24/gnome-mime-application-x-bzip-compressed-tar.svg
/usr/share/icons/Humanity/mimes/24/gnome-mime-application-x-bzip.svg
/usr/share/icons/Humanity/mimes/24/gnome-mime-application-x-class-file.svg
/usr/share/icons/Humanity/mimes/24/gnome-mime-application-x-compress.svg
/usr/share/icons/Humanity/mimes/24/gnome-mime-application-x-compressed-tar.svg
/usr/share/icons/Humanity/mimes/24/gnome-mime-application-x-cpio-compressed.svg
/usr/share/icons/Humanity/mimes/24/gnome-mime-application-x-cpio.svg
/usr/share/icons/Humanity/mimes/24/gnome-mime-application-x-deb.svg
/usr/share/icons/Humanity/mimes/24/gnome-mime-application-x-desktop.svg
/usr/share/icons/Humanity/mimes/24/gnome-mime-application-x-dvi.svg
/usr/share/icons/Humanity/mimes/24/gnome-mime-application-x-font-afm.svg
/usr/share/icons/Humanity/mimes/24/gnome-mime-application-x-font-bdf.svg
/usr/share/icons/Humanity/mimes/24/gnome-mime-application-x-font-linux-psf.svg
/usr/share/icons/Humanity/mimes/24/gnome-mime-application-x-font-pcf.svg
/usr/share/icons/Humanity/mimes/24/gnome-mime-application-x-font-sunos-news.svg
/usr/share/icons/Humanity/mimes/24/gnome-mime-application-x-font-ttf.svg
/usr/share/icons/Humanity/mimes/24/gnome-mime-application-x-gnome-app-info.svg
/usr/share/icons/Humanity/mimes/24/gnome-mime-application-x-gnome-theme-package.svg
/usr/share/icons/Humanity/mimes/24/gnome-mime-application-x-gnumeric.svg
/usr/share/icons/Humanity/mimes/24/gnome-mime-application-x-gzip.svg
/usr/share/icons/Humanity/mimes/24/gnome-mime-application-x-gzpostscript.svg
/usr/share/icons/Humanity/mimes/24/gnome-mime-application-x-jar.svg
/usr/share/icons/Humanity/mimes/24/gnome-mime-application-x-java-archive.svg
/usr/share/icons/Humanity/mimes/24/gnome-mime-application-x-java.svg
/usr/share/icons/Humanity/mimes/24/gnome-mime-application-x-javascript.svg
/usr/share/icons/Humanity/mimes/24/gnome-mime-application-x-killustrator.svg
/usr/share/icons/Humanity/mimes/24/gnome-mime-application-x-kspread.svg
/usr/share/icons/Humanity/mimes/24/gnome-mime-application-x-kword.svg
/usr/share/icons/Humanity/mimes/24/gnome-mime-application-x-lha.svg
/usr/share/icons/Humanity/mimes/24/gnome-mime-application-x-lhz.svg
/usr/share/icons/Humanity/mimes/24/gnome-mime-application-x-lzma-compressed-tar.svg
/usr/share/icons/Humanity/mimes/24/gnome-mime-application-x-lzma.svg
/usr/share/icons/Humanity/mimes/24/gnome-mime-application-x-lzop.svg
/usr/share/icons/Humanity/mimes/24/gnome-mime-application-x-perl.svg
/usr/share/icons/Humanity/mimes/24/gnome-mime-application-x-php.svg
/usr/share/icons/Humanity/mimes/24/gnome-mime-application-x-python-bytecode.svg
/usr/share/icons/Humanity/mimes/24/gnome-mime-application-x-rar.svg
/usr/share/icons/Humanity/mimes/24/gnome-mime-application-x-rpm.svg
/usr/share/icons/Humanity/mimes/24/gnome-mime-application-x-ruby.svg
/usr/share/icons/Humanity/mimes/24/gnome-mime-application-x-scribus.svg
/usr/share/icons/Humanity/mimes/24/gnome-mime-application-x-shar.svg
/usr/share/icons/Humanity/mimes/24/gnome-mime-application-x-shellscript.svg
/usr/share/icons/Humanity/mimes/24/gnome-mime-application-x-shockwave-flash.svg
/usr/share/icons/Humanity/mimes/24/gnome-mime-application-x-stuffit.svg
/usr/share/icons/Humanity/mimes/24/gnome-mime-application-x-tar.svg
/usr/share/icons/Humanity/mimes/24/gnome-mime-application-x-tarz.svg
/usr/share/icons/Humanity/mimes/24/gnome-mime-application-x-tex.svg
/usr/share/icons/Humanity/mimes/24/gnome-mime-application-x-theme.svg
/usr/share/icons/Humanity/mimes/24/gnome-mime-application-x-zip.svg
/usr/share/icons/Humanity/mimes/24/gnome-mime-application-x-zoo.svg
/usr/share/icons/Humanity/mimes/24/gnome-mime-application-xhtml+xml.svg
/usr/share/icons/Humanity/mimes/24/gnome-mime-application-xml.svg
/usr/share/icons/Humanity/mimes/24/gnome-mime-application-zip.svg
/usr/share/icons/Humanity/mimes/24/gnome-mime-audio.svg
/usr/share/icons/Humanity/mimes/24/gnome-mime-image-bmp.svg
/usr/share/icons/Humanity/mimes/24/gnome-mime-image-gif.svg
/usr/share/icons/Humanity/mimes/24/gnome-mime-image-jpeg.svg
/usr/share/icons/Humanity/mimes/24/gnome-mime-image-png.svg
/usr/share/icons/Humanity/mimes/24/gnome-mime-image-tiff.svg
/usr/share/icons/Humanity/mimes/24/gnome-mime-image-x-cmu-raster.svg
/usr/share/icons/Humanity/mimes/24/gnome-mime-image-x-portable-bitmap.svg
/usr/share/icons/Humanity/mimes/24/gnome-mime-image-x-psd.svg
/usr/share/icons/Humanity/mimes/24/gnome-mime-image-x-xpixmap.svg
/usr/share/icons/Humanity/mimes/24/gnome-mime-image.svg
/usr/share/icons/Humanity/mimes/24/gnome-mime-text-css.svg
/usr/share/icons/Humanity/mimes/24/gnome-mime-text-html.svg
/usr/share/icons/Humanity/mimes/24/gnome-mime-text-vnd.wap.wml.svg
/usr/share/icons/Humanity/mimes/24/gnome-mime-text-x-authors.svg
/usr/share/icons/Humanity/mimes/24/gnome-mime-text-x-c++.svg
/usr/share/icons/Humanity/mimes/24/gnome-mime-text-x-c++src.svg
/usr/share/icons/Humanity/mimes/24/gnome-mime-text-x-c.svg
/usr/share/icons/Humanity/mimes/24/gnome-mime-text-x-changelog.svg
/usr/share/icons/Humanity/mimes/24/gnome-mime-text-x-chdr.svg
/usr/share/icons/Humanity/mimes/24/gnome-mime-text-x-copying.svg
/usr/share/icons/Humanity/mimes/24/gnome-mime-text-x-credits.svg
/usr/share/icons/Humanity/mimes/24/gnome-mime-text-x-csh.svg
/usr/share/icons/Humanity/mimes/24/gnome-mime-text-x-csharp.svg
/usr/share/icons/Humanity/mimes/24/gnome-mime-text-x-csrc.svg
/usr/share/icons/Humanity/mimes/24/gnome-mime-text-x-gtkrc.svg
/usr/share/icons/Humanity/mimes/24/gnome-mime-text-x-install.svg
/usr/share/icons/Humanity/mimes/24/gnome-mime-text-x-java-source.svg
/usr/share/icons/Humanity/mimes/24/gnome-mime-text-x-java.svg
/usr/share/icons/Humanity/mimes/24/gnome-mime-text-x-javascript.svg
/usr/share/icons/Humanity/mimes/24/gnome-mime-text-x-makefile.svg
/usr/share/icons/Humanity/mimes/24/gnome-mime-text-x-python.svg
/usr/share/icons/Humanity/mimes/24/gnome-mime-text-x-readme.svg
/usr/share/icons/Humanity/mimes/24/gnome-mime-text-x-sh.svg
/usr/share/icons/Humanity/mimes/24/gnome-mime-text-x-source.svg
/usr/share/icons/Humanity/mimes/24/gnome-mime-text-x-vcalendar.svg
/usr/share/icons/Humanity/mimes/24/gnome-mime-text-x-vcard.svg
/usr/share/icons/Humanity/mimes/24/gnome-mime-text-x-zsh.svg
/usr/share/icons/Humanity/mimes/24/gnome-mime-text.svg
/usr/share/icons/Humanity/mimes/24/gnome-mime-video-x-ms-asf.svg
/usr/share/icons/Humanity/mimes/24/gnome-mime-video-x-ms-wmv.svg
/usr/share/icons/Humanity/mimes/24/gnome-mime-video.svg
/usr/share/icons/Humanity/mimes/24/gnome-mime-x-font-afm.svg
/usr/share/icons/Humanity/mimes/24/gnome-package.svg
/usr/share/icons/Humanity/mimes/24/gtk-file.icon
/usr/share/icons/Humanity/mimes/24/gtk-file.svg
/usr/share/icons/Humanity/mimes/24/html.svg
/usr/share/icons/Humanity/mimes/24/image-bmp.svg
/usr/share/icons/Humanity/mimes/24/image-gif.svg
/usr/share/icons/Humanity/mimes/24/image-jpeg.svg
/usr/share/icons/Humanity/mimes/24/image-jpeg2000.svg
/usr/share/icons/Humanity/mimes/24/image-png.svg
/usr/share/icons/Humanity/mimes/24/image-tiff.svg
/usr/share/icons/Humanity/mimes/24/image-x-ico.svg
/usr/share/icons/Humanity/mimes/24/image-x-portable-bitmap.svg
/usr/share/icons/Humanity/mimes/24/image-x-psdimage-x-psd.svg
/usr/share/icons/Humanity/mimes/24/image-x-svg+xml.svg
/usr/share/icons/Humanity/mimes/24/image-x-tga.svg
/usr/share/icons/Humanity/mimes/24/image-x-win-bitmap.svg
/usr/share/icons/Humanity/mimes/24/image.svg
/usr/share/icons/Humanity/mimes/24/jpeg.svg
/usr/share/icons/Humanity/mimes/24/jpg.svg
/usr/share/icons/Humanity/mimes/24/media-audio.svg
/usr/share/icons/Humanity/mimes/24/media-image.svg
/usr/share/icons/Humanity/mimes/24/media-video.svg
/usr/share/icons/Humanity/mimes/24/mime_ascii.svg
/usr/share/icons/Humanity/mimes/24/misc.svg
/usr/share/icons/Humanity/mimes/24/office-contact.svg
/usr/share/icons/Humanity/mimes/24/office-document.svg
/usr/share/icons/Humanity/mimes/24/office-illustration.svg
/usr/share/icons/Humanity/mimes/24/office-spreadsheet.svg
/usr/share/icons/Humanity/mimes/24/openofficeorg3-database.svg
/usr/share/icons/Humanity/mimes/24/openofficeorg3-drawing.svg
/usr/share/icons/Humanity/mimes/24/openofficeorg3-oasis-database.svg
/usr/share/icons/Humanity/mimes/24/openofficeorg3-oasis-spreadsheet.svg
/usr/share/icons/Humanity/mimes/24/package.svg
/usr/share/icons/Humanity/mimes/24/package_editors.svg
/usr/share/icons/Humanity/mimes/24/package_wordprocessing.svg
/usr/share/icons/Humanity/mimes/24/plan.svg
/usr/share/icons/Humanity/mimes/24/rar.svg
/usr/share/icons/Humanity/mimes/24/rpm.svg
/usr/share/icons/Humanity/mimes/24/shellscript.svg
/usr/share/icons/Humanity/mimes/24/sound.svg
/usr/share/icons/Humanity/mimes/24/spreadsheet.svg
/usr/share/icons/Humanity/mimes/24/stock_addressbook.svg
/usr/share/icons/Humanity/mimes/24/stock_calendar.svg
/usr/share/icons/Humanity/mimes/24/stock_script.svg
/usr/share/icons/Humanity/mimes/24/svg.svg
/usr/share/icons/Humanity/mimes/24/tar.svg
/usr/share/icons/Humanity/mimes/24/template_source.svg
/usr/share/icons/Humanity/mimes/24/text-css.svg
/usr/share/icons/Humanity/mimes/24/text-enriched.svg
/usr/share/icons/Humanity/mimes/24/text-htmlh.svg
/usr/share/icons/Humanity/mimes/24/text-plain.svg
/usr/share/icons/Humanity/mimes/24/text-richtext.svg
/usr/share/icons/Humanity/mimes/24/text-spreadsheet.svg
/usr/share/icons/Humanity/mimes/24/text-x-authors.svg
/usr/share/icons/Humanity/mimes/24/text-x-c++.svg
/usr/share/icons/Humanity/mimes/24/text-x-c++src.svg
/usr/share/icons/Humanity/mimes/24/text-x-c.svg
/usr/share/icons/Humanity/mimes/24/text-x-changelog.svg
/usr/share/icons/Humanity/mimes/24/text-x-chdr.svg
/usr/share/icons/Humanity/mimes/24/text-x-copying.svg
/usr/share/icons/Humanity/mimes/24/text-x-credits.svg
/usr/share/icons/Humanity/mimes/24/text-x-csharp.svg
/usr/share/icons/Humanity/mimes/24/text-x-csrc.svg
/usr/share/icons/Humanity/mimes/24/text-x-css.svg
/usr/share/icons/Humanity/mimes/24/text-x-gtkrc.svg
/usr/share/icons/Humanity/mimes/24/text-x-java.svg
/usr/share/icons/Humanity/mimes/24/text-x-javascript.svg
/usr/share/icons/Humanity/mimes/24/text-x-lua.svg
/usr/share/icons/Humanity/mimes/24/text-x-perl.svg
/usr/share/icons/Humanity/mimes/24/text-x-python.svg
/usr/share/icons/Humanity/mimes/24/text-x-ruby.svg
/usr/share/icons/Humanity/mimes/24/text-x-source.svg
/usr/share/icons/Humanity/mimes/24/text-x-sql.svg
/usr/share/icons/Humanity/mimes/24/text-x-vala.svg
/usr/share/icons/Humanity/mimes/24/text-xml.svg
/usr/share/icons/Humanity/mimes/24/text.svg
/usr/share/icons/Humanity/mimes/24/text2.svg
/usr/share/icons/Humanity/mimes/24/tgz.svg
/usr/share/icons/Humanity/mimes/24/txt.svg
/usr/share/icons/Humanity/mimes/24/txt2.svg
/usr/share/icons/Humanity/mimes/24/vcalendar.svg
/usr/share/icons/Humanity/mimes/24/vcard.svg
/usr/share/icons/Humanity/mimes/24/video.svg
/usr/share/icons/Humanity/mimes/24/vnd.oasis.opendocument.drawing.svg
/usr/share/icons/Humanity/mimes/24/wordprocessing.svg
/usr/share/icons/Humanity/mimes/24/www.svg
/usr/share/icons/Humanity/mimes/24/x-office-address-book.svg
/usr/share/icons/Humanity/mimes/24/x-office-calendar.svg
/usr/share/icons/Humanity/mimes/24/zip.svg
/usr/share/icons/Humanity/mimes/256/application-vnd.oasis.opendocument.database.svg
/usr/share/icons/Humanity/mimes/256/application-vnd.oasis.opendocument.drawing.svg
/usr/share/icons/Humanity/mimes/256/application-vnd.oasis.opendocument.presentation.svg
/usr/share/icons/Humanity/mimes/256/application-vnd.oasis.opendocument.spreadsheet.svg
/usr/share/icons/Humanity/mimes/256/application-vnd.oasis.opendocument.text.svg
/usr/share/icons/Humanity/mimes/32/application-7zip.svg
/usr/share/icons/Humanity/mimes/32/application-postscript.svg
/usr/share/icons/Humanity/mimes/32/application-rtf.svg
/usr/share/icons/Humanity/mimes/32/application-vnd.ms-cab-compressed.svg
/usr/share/icons/Humanity/mimes/32/application-vnd.oasis.opendocument.database.svg
/usr/share/icons/Humanity/mimes/32/application-vnd.oasis.opendocument.drawing-template.png
/usr/share/icons/Humanity/mimes/32/application-vnd.oasis.opendocument.drawing.svg
/usr/share/icons/Humanity/mimes/32/application-vnd.oasis.opendocument.formula.png
/usr/share/icons/Humanity/mimes/32/application-vnd.oasis.opendocument.master-document.png
/usr/share/icons/Humanity/mimes/32/application-vnd.oasis.opendocument.presentation-template.png
/usr/share/icons/Humanity/mimes/32/application-vnd.oasis.opendocument.presentation.svg
/usr/share/icons/Humanity/mimes/32/application-vnd.oasis.opendocument.spreadsheet-template.png
/usr/share/icons/Humanity/mimes/32/application-vnd.oasis.opendocument.spreadsheet.svg
/usr/share/icons/Humanity/mimes/32/application-vnd.oasis.opendocument.text-template.png
/usr/share/icons/Humanity/mimes/32/application-vnd.oasis.opendocument.text-web.svg
/usr/share/icons/Humanity/mimes/32/application-vnd.oasis.opendocument.text.svg
/usr/share/icons/Humanity/mimes/32/application-vnd.oasis.opendocument.web-template.png
/usr/share/icons/Humanity/mimes/32/application-vnd.openxmlformats-officedocument.presentationml.presentation.svg
/usr/share/icons/Humanity/mimes/32/application-vnd.openxmlformats-officedocument.presentationml.slideshow.svg
/usr/share/icons/Humanity/mimes/32/application-vnd.openxmlformats-officedocument.spreadsheetml.sheet.svg
/usr/share/icons/Humanity/mimes/32/application-vnd.openxmlformats-officedocument.wordprocessingml.document.svg
/usr/share/icons/Humanity/mimes/32/application-vnd.rn-realmedia.svg
/usr/share/icons/Humanity/mimes/32/application-vnd.sun.xml.writer.svg
/usr/share/icons/Humanity/mimes/32/application-vnd.wordperfect.svg
/usr/share/icons/Humanity/mimes/32/application-x-7z-compressed.svg
/usr/share/icons/Humanity/mimes/32/application-x-ace.svg
/usr/share/icons/Humanity/mimes/32/application-x-arj.svg
/usr/share/icons/Humanity/mimes/32/application-x-bzip-compressed-tar.svg
/usr/share/icons/Humanity/mimes/32/application-x-bzip.svg
/usr/share/icons/Humanity/mimes/32/application-x-compress.svg
/usr/share/icons/Humanity/mimes/32/application-x-compressed-tar.svg
/usr/share/icons/Humanity/mimes/32/application-x-cpio.svg
/usr/share/icons/Humanity/mimes/32/application-x-deb.svg
/usr/share/icons/Humanity/mimes/32/application-x-gzip.svg
/usr/share/icons/Humanity/mimes/32/application-x-jar.svg
/usr/share/icons/Humanity/mimes/32/application-x-java-archive.svg
/usr/share/icons/Humanity/mimes/32/application-x-lha.svg
/usr/share/icons/Humanity/mimes/32/application-x-lhz.svg
/usr/share/icons/Humanity/mimes/32/application-x-lzma-compressed-tar.svg
/usr/share/icons/Humanity/mimes/32/application-x-lzma.svg
/usr/share/icons/Humanity/mimes/32/application-x-lzop.svg
/usr/share/icons/Humanity/mimes/32/application-x-m4.svg
/usr/share/icons/Humanity/mimes/32/application-x-matroska.svg
/usr/share/icons/Humanity/mimes/32/application-x-rar.svg
/usr/share/icons/Humanity/mimes/32/application-x-rpm.svg
/usr/share/icons/Humanity/mimes/32/application-x-shar.svg
/usr/share/icons/Humanity/mimes/32/application-x-stuffit.svg
/usr/share/icons/Humanity/mimes/32/application-x-tar.svg
/usr/share/icons/Humanity/mimes/32/application-x-zip.svg
/usr/share/icons/Humanity/mimes/32/application-x-zoo.svg
/usr/share/icons/Humanity/mimes/32/application-xml.svg
/usr/share/icons/Humanity/mimes/32/application-zip.svg
/usr/share/icons/Humanity/mimes/32/archive.svg
/usr/share/icons/Humanity/mimes/32/ascii.svg
/usr/share/icons/Humanity/mimes/32/deb.svg
/usr/share/icons/Humanity/mimes/32/empty.svg
/usr/share/icons/Humanity/mimes/32/folder_tar.svg
/usr/share/icons/Humanity/mimes/32/gnome-fs-regular.svg
/usr/share/icons/Humanity/mimes/32/gnome-mime-application-msword.svg
/usr/share/icons/Humanity/mimes/32/gnome-mime-application-postscript.svg
/usr/share/icons/Humanity/mimes/32/gnome-mime-application-rtf.svg
/usr/share/icons/Humanity/mimes/32/gnome-mime-application-vnd.ms-cab-compressed.svg
/usr/share/icons/Humanity/mimes/32/gnome-mime-application-vnd.ms-excel.svg
/usr/share/icons/Humanity/mimes/32/gnome-mime-application-vnd.oasis.opendocument.text-web.svg
/usr/share/icons/Humanity/mimes/32/gnome-mime-application-vnd.oasis.opendocument.text.svg
/usr/share/icons/Humanity/mimes/32/gnome-mime-application-vnd.openxmlformats-officedocument.presentationml.presentation.svg
/usr/share/icons/Humanity/mimes/32/gnome-mime-application-vnd.openxmlformats-officedocument.presentationml.slideshow.svg
/usr/share/icons/Humanity/mimes/32/gnome-mime-application-vnd.openxmlformats-officedocument.spreadsheetml.sheet.svg
/usr/share/icons/Humanity/mimes/32/gnome-mime-application-vnd.openxmlformats-officedocument.wordprocessingml.document.svg
/usr/share/icons/Humanity/mimes/32/gnome-mime-application-vnd.rn-realmedia-secure.svg
/usr/share/icons/Humanity/mimes/32/gnome-mime-application-vnd.rn-realmedia-vbr.svg
/usr/share/icons/Humanity/mimes/32/gnome-mime-application-vnd.rn-realmedia.svg
/usr/share/icons/Humanity/mimes/32/gnome-mime-application-vnd.stardivision.writer.svg
/usr/share/icons/Humanity/mimes/32/gnome-mime-application-vnd.sun.xml.writer.svg
/usr/share/icons/Humanity/mimes/32/gnome-mime-application-wordperfect.svg
/usr/share/icons/Humanity/mimes/32/gnome-mime-application-x-7z-compressed.svg
/usr/share/icons/Humanity/mimes/32/gnome-mime-application-x-abiword.svg
/usr/share/icons/Humanity/mimes/32/gnome-mime-application-x-ace.svg
/usr/share/icons/Humanity/mimes/32/gnome-mime-application-x-applix-word.svg
/usr/share/icons/Humanity/mimes/32/gnome-mime-application-x-archive.svg
/usr/share/icons/Humanity/mimes/32/gnome-mime-application-x-arj.svg
/usr/share/icons/Humanity/mimes/32/gnome-mime-application-x-bzip-compressed-tar.svg
/usr/share/icons/Humanity/mimes/32/gnome-mime-application-x-bzip.svg
/usr/share/icons/Humanity/mimes/32/gnome-mime-application-x-compress.svg
/usr/share/icons/Humanity/mimes/32/gnome-mime-application-x-compressed-tar.svg
/usr/share/icons/Humanity/mimes/32/gnome-mime-application-x-cpio-compressed.svg
/usr/share/icons/Humanity/mimes/32/gnome-mime-application-x-cpio.svg
/usr/share/icons/Humanity/mimes/32/gnome-mime-application-x-deb.svg
/usr/share/icons/Humanity/mimes/32/gnome-mime-application-x-dvi.svg
/usr/share/icons/Humanity/mimes/32/gnome-mime-application-x-gzip.svg
/usr/share/icons/Humanity/mimes/32/gnome-mime-application-x-gzpostscript.svg
/usr/share/icons/Humanity/mimes/32/gnome-mime-application-x-jar.svg
/usr/share/icons/Humanity/mimes/32/gnome-mime-application-x-java-archive.svg
/usr/share/icons/Humanity/mimes/32/gnome-mime-application-x-kword.svg
/usr/share/icons/Humanity/mimes/32/gnome-mime-application-x-lha.svg
/usr/share/icons/Humanity/mimes/32/gnome-mime-application-x-lhz.svg
/usr/share/icons/Humanity/mimes/32/gnome-mime-application-x-lzma-compressed-tar.svg
/usr/share/icons/Humanity/mimes/32/gnome-mime-application-x-lzma.svg
/usr/share/icons/Humanity/mimes/32/gnome-mime-application-x-lzop.svg
/usr/share/icons/Humanity/mimes/32/gnome-mime-application-x-rar.svg
/usr/share/icons/Humanity/mimes/32/gnome-mime-application-x-rpm.svg
/usr/share/icons/Humanity/mimes/32/gnome-mime-application-x-scribus.svg
/usr/share/icons/Humanity/mimes/32/gnome-mime-application-x-shar.svg
/usr/share/icons/Humanity/mimes/32/gnome-mime-application-x-shockwave-flash.svg
/usr/share/icons/Humanity/mimes/32/gnome-mime-application-x-stuffit.svg
/usr/share/icons/Humanity/mimes/32/gnome-mime-application-x-tar.svg
/usr/share/icons/Humanity/mimes/32/gnome-mime-application-x-tarz.svg
/usr/share/icons/Humanity/mimes/32/gnome-mime-application-x-tex.svg
/usr/share/icons/Humanity/mimes/32/gnome-mime-application-x-zip.svg
/usr/share/icons/Humanity/mimes/32/gnome-mime-application-x-zoo.svg
/usr/share/icons/Humanity/mimes/32/gnome-mime-application-xhtml+xml.svg
/usr/share/icons/Humanity/mimes/32/gnome-mime-application-zip.svg
/usr/share/icons/Humanity/mimes/32/gnome-mime-image-x-xpixmap.svg
/usr/share/icons/Humanity/mimes/32/gnome-mime-image.svg
/usr/share/icons/Humanity/mimes/32/gnome-mime-text-html.svg
/usr/share/icons/Humanity/mimes/32/gnome-mime-text-vnd.wap.wml.svg
/usr/share/icons/Humanity/mimes/32/gnome-mime-text-x-authors.svg
/usr/share/icons/Humanity/mimes/32/gnome-mime-text-x-changelog.svg
/usr/share/icons/Humanity/mimes/32/gnome-mime-text-x-copying.svg
/usr/share/icons/Humanity/mimes/32/gnome-mime-text-x-credits.svg
/usr/share/icons/Humanity/mimes/32/gnome-mime-text-x-readme.svg
/usr/share/icons/Humanity/mimes/32/gnome-mime-text.svg
/usr/share/icons/Humanity/mimes/32/gnome-mime-video-x-ms-asf.svg
/usr/share/icons/Humanity/mimes/32/gnome-mime-video-x-ms-wmv.svg
/usr/share/icons/Humanity/mimes/32/gnome-mime-video.svg
/usr/share/icons/Humanity/mimes/32/gnome-package.svg
/usr/share/icons/Humanity/mimes/32/gtk-file.svg
/usr/share/icons/Humanity/mimes/32/html.svg
/usr/share/icons/Humanity/mimes/32/image.svg
/usr/share/icons/Humanity/mimes/32/media-image.svg
/usr/share/icons/Humanity/mimes/32/media-video.svg
/usr/share/icons/Humanity/mimes/32/mime_ascii.svg
/usr/share/icons/Humanity/mimes/32/misc.svg
/usr/share/icons/Humanity/mimes/32/office-document.svg
/usr/share/icons/Humanity/mimes/32/package.svg
/usr/share/icons/Humanity/mimes/32/package_editors.svg
/usr/share/icons/Humanity/mimes/32/package_wordprocessing.svg
/usr/share/icons/Humanity/mimes/32/rar.svg
/usr/share/icons/Humanity/mimes/32/rpm.svg
/usr/share/icons/Humanity/mimes/32/tar.svg
/usr/share/icons/Humanity/mimes/32/text-enriched.svg
/usr/share/icons/Humanity/mimes/32/text-htmlh.svg
/usr/share/icons/Humanity/mimes/32/text-plain.svg
/usr/share/icons/Humanity/mimes/32/text-richtext.svg
/usr/share/icons/Humanity/mimes/32/text-x-changelog.svg
/usr/share/icons/Humanity/mimes/32/text-x-copying.svg
/usr/share/icons/Humanity/mimes/32/text-xml.svg
/usr/share/icons/Humanity/mimes/32/text.svg
/usr/share/icons/Humanity/mimes/32/text2.svg
/usr/share/icons/Humanity/mimes/32/tgz.svg
/usr/share/icons/Humanity/mimes/32/txt.svg
/usr/share/icons/Humanity/mimes/32/txt2.svg
/usr/share/icons/Humanity/mimes/32/video.svg
/usr/share/icons/Humanity/mimes/32/wordprocessing.svg
/usr/share/icons/Humanity/mimes/32/zip.svg
/usr/share/icons/Humanity/mimes/48/application-atom+xml.svg
/usr/share/icons/Humanity/mimes/48/application-illustrator.svg
/usr/share/icons/Humanity/mimes/48/application-octet-stream.svg
/usr/share/icons/Humanity/mimes/48/application-ogg.svg
/usr/share/icons/Humanity/mimes/48/application-pdf.svg
/usr/share/icons/Humanity/mimes/48/application-postscript.svg
/usr/share/icons/Humanity/mimes/48/application-rtf.svg
/usr/share/icons/Humanity/mimes/48/application-vnd.oasis.opendocument.database.svg
/usr/share/icons/Humanity/mimes/48/application-vnd.oasis.opendocument.drawing-template.png
/usr/share/icons/Humanity/mimes/48/application-vnd.oasis.opendocument.drawing.svg
/usr/share/icons/Humanity/mimes/48/application-vnd.oasis.opendocument.formula.png
/usr/share/icons/Humanity/mimes/48/application-vnd.oasis.opendocument.graphics.svg
/usr/share/icons/Humanity/mimes/48/application-vnd.oasis.opendocument.master-document.png
/usr/share/icons/Humanity/mimes/48/application-vnd.oasis.opendocument.presentation-template.png
/usr/share/icons/Humanity/mimes/48/application-vnd.oasis.opendocument.presentation.svg
/usr/share/icons/Humanity/mimes/48/application-vnd.oasis.opendocument.spreadsheet-template.png
/usr/share/icons/Humanity/mimes/48/application-vnd.oasis.opendocument.spreadsheet.svg
/usr/share/icons/Humanity/mimes/48/application-vnd.oasis.opendocument.text-template.png
/usr/share/icons/Humanity/mimes/48/application-vnd.oasis.opendocument.text-web.svg
/usr/share/icons/Humanity/mimes/48/application-vnd.oasis.opendocument.text.svg
/usr/share/icons/Humanity/mimes/48/application-vnd.oasis.opendocument.web-template.png
/usr/share/icons/Humanity/mimes/48/application-vnd.openxmlformats-officedocument.presentationml.presentation.svg
/usr/share/icons/Humanity/mimes/48/application-vnd.openxmlformats-officedocument.presentationml.slideshow.svg
/usr/share/icons/Humanity/mimes/48/application-vnd.openxmlformats-officedocument.spreadsheetml.sheet.svg
/usr/share/icons/Humanity/mimes/48/application-vnd.openxmlformats-officedocument.wordprocessingml.document.svg
/usr/share/icons/Humanity/mimes/48/application-vnd.rn-realmedia.svg
/usr/share/icons/Humanity/mimes/48/application-vnd.sun.xml.calc.svg
/usr/share/icons/Humanity/mimes/48/application-vnd.sun.xml.draw.svg
/usr/share/icons/Humanity/mimes/48/application-vnd.sun.xml.writer.svg
/usr/share/icons/Humanity/mimes/48/application-vnd.wordperfect.svg
/usr/share/icons/Humanity/mimes/48/application-x-7z-compressed.svg
/usr/share/icons/Humanity/mimes/48/application-x-class-file.svg
/usr/share/icons/Humanity/mimes/48/application-x-compress.svg
/usr/share/icons/Humanity/mimes/48/application-x-csproj.svg
/usr/share/icons/Humanity/mimes/48/application-x-desktop.svg
/usr/share/icons/Humanity/mimes/48/application-x-gnome-theme-package.svg
/usr/share/icons/Humanity/mimes/48/application-x-gnumeric.svg
/usr/share/icons/Humanity/mimes/48/application-x-java-archive.svg
/usr/share/icons/Humanity/mimes/48/application-x-java.svg
/usr/share/icons/Humanity/mimes/48/application-x-javascript.svg
/usr/share/icons/Humanity/mimes/48/application-x-m4.svg
/usr/share/icons/Humanity/mimes/48/application-x-matroska.svg
/usr/share/icons/Humanity/mimes/48/application-x-ole-storage.svg
/usr/share/icons/Humanity/mimes/48/application-x-perl.svg
/usr/share/icons/Humanity/mimes/48/application-x-php.svg
/usr/share/icons/Humanity/mimes/48/application-x-python-bytecode.svg
/usr/share/icons/Humanity/mimes/48/application-x-ruby.svg
/usr/share/icons/Humanity/mimes/48/application-x-shellscript.svg
/usr/share/icons/Humanity/mimes/48/application-x-shockwave-flash.svg
/usr/share/icons/Humanity/mimes/48/application-x-sqlite2.svg
/usr/share/icons/Humanity/mimes/48/application-x-sqlite3.svg
/usr/share/icons/Humanity/mimes/48/application-x-tar.svg
/usr/share/icons/Humanity/mimes/48/application-x-zip.svg
/usr/share/icons/Humanity/mimes/48/application-xml.svg
/usr/share/icons/Humanity/mimes/48/archive.svg
/usr/share/icons/Humanity/mimes/48/ascii.svg
/usr/share/icons/Humanity/mimes/48/audio-mpeg.svg
/usr/share/icons/Humanity/mimes/48/audio-x-adpcm.svg
/usr/share/icons/Humanity/mimes/48/audio-x-flac+ogg.svg
/usr/share/icons/Humanity/mimes/48/audio-x-mpegurl.svg
/usr/share/icons/Humanity/mimes/48/audio-x-scpls.svg
/usr/share/icons/Humanity/mimes/48/audio-x-speex+ogg.svg
/usr/share/icons/Humanity/mimes/48/contents2.svg
/usr/share/icons/Humanity/mimes/48/deb.svg
/usr/share/icons/Humanity/mimes/48/document.svg
/usr/share/icons/Humanity/mimes/48/empty.icon
/usr/share/icons/Humanity/mimes/48/empty.svg
/usr/share/icons/Humanity/mimes/48/folder_tar.svg
/usr/share/icons/Humanity/mimes/48/font.svg
/usr/share/icons/Humanity/mimes/48/font_bitmap.svg
/usr/share/icons/Humanity/mimes/48/font_truetype.svg
/usr/share/icons/Humanity/mimes/48/font_type1.svg
/usr/share/icons/Humanity/mimes/48/gnome-fs-regular.icon
/usr/share/icons/Humanity/mimes/48/gnome-fs-regular.svg
/usr/share/icons/Humanity/mimes/48/gnome-mime-application-atom+xml.svg
/usr/share/icons/Humanity/mimes/48/gnome-mime-application-msword.svg
/usr/share/icons/Humanity/mimes/48/gnome-mime-application-ogg.svg
/usr/share/icons/Humanity/mimes/48/gnome-mime-application-postscript.svg
/usr/share/icons/Humanity/mimes/48/gnome-mime-application-rss+xml.svg
/usr/share/icons/Humanity/mimes/48/gnome-mime-application-rtf.svg
/usr/share/icons/Humanity/mimes/48/gnome-mime-application-vnd.lotus-1-2-3.svg
/usr/share/icons/Humanity/mimes/48/gnome-mime-application-vnd.ms-cab-compressed.svg
/usr/share/icons/Humanity/mimes/48/gnome-mime-application-vnd.ms-excel.svg
/usr/share/icons/Humanity/mimes/48/gnome-mime-application-vnd.oasis.opendocument.graphics.svg
/usr/share/icons/Humanity/mimes/48/gnome-mime-application-vnd.oasis.opendocument.image.svg
/usr/share/icons/Humanity/mimes/48/gnome-mime-application-vnd.oasis.opendocument.spreadsheet.svg
/usr/share/icons/Humanity/mimes/48/gnome-mime-application-vnd.oasis.opendocument.text-web.svg
/usr/share/icons/Humanity/mimes/48/gnome-mime-application-vnd.oasis.opendocument.text.svg
/usr/share/icons/Humanity/mimes/48/gnome-mime-application-vnd.openxmlformats-officedocument.presentationml.presentation.svg
/usr/share/icons/Humanity/mimes/48/gnome-mime-application-vnd.openxmlformats-officedocument.presentationml.slideshow.svg
/usr/share/icons/Humanity/mimes/48/gnome-mime-application-vnd.openxmlformats-officedocument.spreadsheetml.sheet.svg
/usr/share/icons/Humanity/mimes/48/gnome-mime-application-vnd.openxmlformats-officedocument.wordprocessingml.document.svg
/usr/share/icons/Humanity/mimes/48/gnome-mime-application-vnd.rn-realmedia-secure.svg
/usr/share/icons/Humanity/mimes/48/gnome-mime-application-vnd.rn-realmedia-vbr.svg
/usr/share/icons/Humanity/mimes/48/gnome-mime-application-vnd.rn-realmedia.svg
/usr/share/icons/Humanity/mimes/48/gnome-mime-application-vnd.stardivision.calc.svg
/usr/share/icons/Humanity/mimes/48/gnome-mime-application-vnd.stardivision.writer.svg
/usr/share/icons/Humanity/mimes/48/gnome-mime-application-vnd.sun.xml.calc.svg
/usr/share/icons/Humanity/mimes/48/gnome-mime-application-vnd.sun.xml.draw.svg
/usr/share/icons/Humanity/mimes/48/gnome-mime-application-vnd.sun.xml.writer.svg
/usr/share/icons/Humanity/mimes/48/gnome-mime-application-wordperfect.svg
/usr/share/icons/Humanity/mimes/48/gnome-mime-application-x-7z-compressed.svg
/usr/share/icons/Humanity/mimes/48/gnome-mime-application-x-abiword.svg
/usr/share/icons/Humanity/mimes/48/gnome-mime-application-x-ace.svg
/usr/share/icons/Humanity/mimes/48/gnome-mime-application-x-applix-spreadsheet.svg
/usr/share/icons/Humanity/mimes/48/gnome-mime-application-x-applix-word.svg
/usr/share/icons/Humanity/mimes/48/gnome-mime-application-x-archive.svg
/usr/share/icons/Humanity/mimes/48/gnome-mime-application-x-arj.svg
/usr/share/icons/Humanity/mimes/48/gnome-mime-application-x-bittorrent.svg
/usr/share/icons/Humanity/mimes/48/gnome-mime-application-x-bzip-compressed-tar.svg
/usr/share/icons/Humanity/mimes/48/gnome-mime-application-x-bzip.svg
/usr/share/icons/Humanity/mimes/48/gnome-mime-application-x-class-file.svg
/usr/share/icons/Humanity/mimes/48/gnome-mime-application-x-compress.svg
/usr/share/icons/Humanity/mimes/48/gnome-mime-application-x-compressed-tar.svg
/usr/share/icons/Humanity/mimes/48/gnome-mime-application-x-cpio-compressed.svg
/usr/share/icons/Humanity/mimes/48/gnome-mime-application-x-cpio.svg
/usr/share/icons/Humanity/mimes/48/gnome-mime-application-x-deb.svg
/usr/share/icons/Humanity/mimes/48/gnome-mime-application-x-desktop.svg
/usr/share/icons/Humanity/mimes/48/gnome-mime-application-x-dvi.svg
/usr/share/icons/Humanity/mimes/48/gnome-mime-application-x-font-afm.svg
/usr/share/icons/Humanity/mimes/48/gnome-mime-application-x-font-bdf.svg
/usr/share/icons/Humanity/mimes/48/gnome-mime-application-x-font-linux-psf.svg
/usr/share/icons/Humanity/mimes/48/gnome-mime-application-x-font-pcf.svg
/usr/share/icons/Humanity/mimes/48/gnome-mime-application-x-font-sunos-news.svg
/usr/share/icons/Humanity/mimes/48/gnome-mime-application-x-font-ttf.svg
/usr/share/icons/Humanity/mimes/48/gnome-mime-application-x-gnome-app-info.svg
/usr/share/icons/Humanity/mimes/48/gnome-mime-application-x-gnome-theme-package.svg
/usr/share/icons/Humanity/mimes/48/gnome-mime-application-x-gnumeric.svg
/usr/share/icons/Humanity/mimes/48/gnome-mime-application-x-gzip.svg
/usr/share/icons/Humanity/mimes/48/gnome-mime-application-x-gzpostscript.svg
/usr/share/icons/Humanity/mimes/48/gnome-mime-application-x-jar.svg
/usr/share/icons/Humanity/mimes/48/gnome-mime-application-x-java-archive.svg
/usr/share/icons/Humanity/mimes/48/gnome-mime-application-x-java.svg
/usr/share/icons/Humanity/mimes/48/gnome-mime-application-x-javascript.svg
/usr/share/icons/Humanity/mimes/48/gnome-mime-application-x-killustrator.svg
/usr/share/icons/Humanity/mimes/48/gnome-mime-application-x-kspread.svg
/usr/share/icons/Humanity/mimes/48/gnome-mime-application-x-kword.svg
/usr/share/icons/Humanity/mimes/48/gnome-mime-application-x-lha.svg
/usr/share/icons/Humanity/mimes/48/gnome-mime-application-x-lhz.svg
/usr/share/icons/Humanity/mimes/48/gnome-mime-application-x-lzma-compressed-tar.svg
/usr/share/icons/Humanity/mimes/48/gnome-mime-application-x-lzma.svg
/usr/share/icons/Humanity/mimes/48/gnome-mime-application-x-lzop.svg
/usr/share/icons/Humanity/mimes/48/gnome-mime-application-x-perl.svg
/usr/share/icons/Humanity/mimes/48/gnome-mime-application-x-php.svg
/usr/share/icons/Humanity/mimes/48/gnome-mime-application-x-python-bytecode.svg
/usr/share/icons/Humanity/mimes/48/gnome-mime-application-x-rar.svg
/usr/share/icons/Humanity/mimes/48/gnome-mime-application-x-rpm.svg
/usr/share/icons/Humanity/mimes/48/gnome-mime-application-x-ruby.svg
/usr/share/icons/Humanity/mimes/48/gnome-mime-application-x-scribus.svg
/usr/share/icons/Humanity/mimes/48/gnome-mime-application-x-shar.svg
/usr/share/icons/Humanity/mimes/48/gnome-mime-application-x-shellscript.svg
/usr/share/icons/Humanity/mimes/48/gnome-mime-application-x-shockwave-flash.svg
/usr/share/icons/Humanity/mimes/48/gnome-mime-application-x-stuffit.svg
/usr/share/icons/Humanity/mimes/48/gnome-mime-application-x-tar.svg
/usr/share/icons/Humanity/mimes/48/gnome-mime-application-x-tarz.svg
/usr/share/icons/Humanity/mimes/48/gnome-mime-application-x-tex.svg
/usr/share/icons/Humanity/mimes/48/gnome-mime-application-x-theme.svg
/usr/share/icons/Humanity/mimes/48/gnome-mime-application-x-zip.svg
/usr/share/icons/Humanity/mimes/48/gnome-mime-application-x-zoo.svg
/usr/share/icons/Humanity/mimes/48/gnome-mime-application-xhtml+xml.svg
/usr/share/icons/Humanity/mimes/48/gnome-mime-application-xml.svg
/usr/share/icons/Humanity/mimes/48/gnome-mime-application-zip.svg
/usr/share/icons/Humanity/mimes/48/gnome-mime-audio.svg
/usr/share/icons/Humanity/mimes/48/gnome-mime-image-bmp.svg
/usr/share/icons/Humanity/mimes/48/gnome-mime-image-gif.svg
/usr/share/icons/Humanity/mimes/48/gnome-mime-image-jpeg.svg
/usr/share/icons/Humanity/mimes/48/gnome-mime-image-png.svg
/usr/share/icons/Humanity/mimes/48/gnome-mime-image-tiff.svg
/usr/share/icons/Humanity/mimes/48/gnome-mime-image-x-cmu-raster.svg
/usr/share/icons/Humanity/mimes/48/gnome-mime-image-x-portable-bitmap.svg
/usr/share/icons/Humanity/mimes/48/gnome-mime-image-x-psd.svg
/usr/share/icons/Humanity/mimes/48/gnome-mime-image-x-xpixmap.svg
/usr/share/icons/Humanity/mimes/48/gnome-mime-image.svg
/usr/share/icons/Humanity/mimes/48/gnome-mime-text-css.svg
/usr/share/icons/Humanity/mimes/48/gnome-mime-text-html.svg
/usr/share/icons/Humanity/mimes/48/gnome-mime-text-vnd.wap.wml.svg
/usr/share/icons/Humanity/mimes/48/gnome-mime-text-x-authors.svg
/usr/share/icons/Humanity/mimes/48/gnome-mime-text-x-c++.svg
/usr/share/icons/Humanity/mimes/48/gnome-mime-text-x-c++src.svg
/usr/share/icons/Humanity/mimes/48/gnome-mime-text-x-c.svg
/usr/share/icons/Humanity/mimes/48/gnome-mime-text-x-changelog.svg
/usr/share/icons/Humanity/mimes/48/gnome-mime-text-x-chdr.svg
/usr/share/icons/Humanity/mimes/48/gnome-mime-text-x-copying.svg
/usr/share/icons/Humanity/mimes/48/gnome-mime-text-x-credits.svg
/usr/share/icons/Humanity/mimes/48/gnome-mime-text-x-csh.svg
/usr/share/icons/Humanity/mimes/48/gnome-mime-text-x-csharp.svg
/usr/share/icons/Humanity/mimes/48/gnome-mime-text-x-csrc.svg
/usr/share/icons/Humanity/mimes/48/gnome-mime-text-x-gtkrc.svg
/usr/share/icons/Humanity/mimes/48/gnome-mime-text-x-install.svg
/usr/share/icons/Humanity/mimes/48/gnome-mime-text-x-java-source.svg
/usr/share/icons/Humanity/mimes/48/gnome-mime-text-x-java.svg
/usr/share/icons/Humanity/mimes/48/gnome-mime-text-x-javascript.svg
/usr/share/icons/Humanity/mimes/48/gnome-mime-text-x-makefile.svg
/usr/share/icons/Humanity/mimes/48/gnome-mime-text-x-python.svg
/usr/share/icons/Humanity/mimes/48/gnome-mime-text-x-readme.svg
/usr/share/icons/Humanity/mimes/48/gnome-mime-text-x-sh.svg
/usr/share/icons/Humanity/mimes/48/gnome-mime-text-x-source.svg
/usr/share/icons/Humanity/mimes/48/gnome-mime-text-x-vcalendar.svg
/usr/share/icons/Humanity/mimes/48/gnome-mime-text-x-vcard.svg
/usr/share/icons/Humanity/mimes/48/gnome-mime-text-x-zsh.svg
/usr/share/icons/Humanity/mimes/48/gnome-mime-text.svg
/usr/share/icons/Humanity/mimes/48/gnome-mime-video-x-ms-asf.svg
/usr/share/icons/Humanity/mimes/48/gnome-mime-video-x-ms-wmv.svg
/usr/share/icons/Humanity/mimes/48/gnome-mime-video.svg
/usr/share/icons/Humanity/mimes/48/gnome-mime-x-font-afm.svg
/usr/share/icons/Humanity/mimes/48/gnome-package.svg
/usr/share/icons/Humanity/mimes/48/gtk-file.icon
/usr/share/icons/Humanity/mimes/48/gtk-file.svg
/usr/share/icons/Humanity/mimes/48/html.svg
/usr/share/icons/Humanity/mimes/48/image-jpeg2000.svg
/usr/share/icons/Humanity/mimes/48/image-x-portable-bitmap.svg
/usr/share/icons/Humanity/mimes/48/image-x-psdimage-x-psd.svg
/usr/share/icons/Humanity/mimes/48/image-x-svg+xml.svg
/usr/share/icons/Humanity/mimes/48/image-x-tga.svg
/usr/share/icons/Humanity/mimes/48/image-x-win-bitmap.svg
/usr/share/icons/Humanity/mimes/48/image.svg
/usr/share/icons/Humanity/mimes/48/jpeg.svg
/usr/share/icons/Humanity/mimes/48/jpg.svg
/usr/share/icons/Humanity/mimes/48/media-audio.svg
/usr/share/icons/Humanity/mimes/48/media-image.svg
/usr/share/icons/Humanity/mimes/48/media-video.svg
/usr/share/icons/Humanity/mimes/48/mime_ascii.svg
/usr/share/icons/Humanity/mimes/48/misc.svg
/usr/share/icons/Humanity/mimes/48/office-contact.svg
/usr/share/icons/Humanity/mimes/48/office-document.svg
/usr/share/icons/Humanity/mimes/48/office-illustration.svg
/usr/share/icons/Humanity/mimes/48/office-spreadsheet.svg
/usr/share/icons/Humanity/mimes/48/openofficeorg3-database.svg
/usr/share/icons/Humanity/mimes/48/openofficeorg3-drawing.svg
/usr/share/icons/Humanity/mimes/48/openofficeorg3-oasis-database.svg
/usr/share/icons/Humanity/mimes/48/openofficeorg3-oasis-spreadsheet.svg
/usr/share/icons/Humanity/mimes/48/package.svg
/usr/share/icons/Humanity/mimes/48/package_editors.svg
/usr/share/icons/Humanity/mimes/48/package_wordprocessing.svg
/usr/share/icons/Humanity/mimes/48/plan.svg
/usr/share/icons/Humanity/mimes/48/rar.svg
/usr/share/icons/Humanity/mimes/48/rpm.svg
/usr/share/icons/Humanity/mimes/48/shellscript.svg
/usr/share/icons/Humanity/mimes/48/sound.svg
/usr/share/icons/Humanity/mimes/48/spreadsheet.svg
/usr/share/icons/Humanity/mimes/48/stock_addressbook.svg
/usr/share/icons/Humanity/mimes/48/stock_calendar.svg
/usr/share/icons/Humanity/mimes/48/stock_script.svg
/usr/share/icons/Humanity/mimes/48/svg.svg
/usr/share/icons/Humanity/mimes/48/template_source.svg
/usr/share/icons/Humanity/mimes/48/text-enriched.svg
/usr/share/icons/Humanity/mimes/48/text-htmlh.svg
/usr/share/icons/Humanity/mimes/48/text-plain.svg
/usr/share/icons/Humanity/mimes/48/text-richtext.svg
/usr/share/icons/Humanity/mimes/48/text-spreadsheet.svg
/usr/share/icons/Humanity/mimes/48/text-x-authors.svg
/usr/share/icons/Humanity/mimes/48/text-x-c++src.svg
/usr/share/icons/Humanity/mimes/48/text-x-chdr.svg
/usr/share/icons/Humanity/mimes/48/text-x-copying.svg
/usr/share/icons/Humanity/mimes/48/text-x-credits.svg
/usr/share/icons/Humanity/mimes/48/text-x-csrc.svg
/usr/share/icons/Humanity/mimes/48/text-x-css.svg
/usr/share/icons/Humanity/mimes/48/text-x-java.svg
/usr/share/icons/Humanity/mimes/48/text-x-javascript.svg
/usr/share/icons/Humanity/mimes/48/text-x-source.svg
/usr/share/icons/Humanity/mimes/48/text-xml.svg
/usr/share/icons/Humanity/mimes/48/text.svg
/usr/share/icons/Humanity/mimes/48/text2.svg
/usr/share/icons/Humanity/mimes/48/tgz.svg
/usr/share/icons/Humanity/mimes/48/txt.svg
/usr/share/icons/Humanity/mimes/48/txt2.svg
/usr/share/icons/Humanity/mimes/48/vcalendar.svg
/usr/share/icons/Humanity/mimes/48/vcard.svg
/usr/share/icons/Humanity/mimes/48/video.svg
/usr/share/icons/Humanity/mimes/48/vnd.oasis.opendocument.drawing.svg
/usr/share/icons/Humanity/mimes/48/wordprocessing.svg
/usr/share/icons/Humanity/mimes/48/www.svg
/usr/share/icons/Humanity/mimes/48/x-office-address-book.svg
/usr/share/icons/Humanity/mimes/48/x-office-calendar.svg
/usr/share/icons/Humanity/mimes/48/zip.svg
/usr/share/icons/Humanity/mimes/64/application-vnd.oasis.opendocument.text-web.svg
/usr/share/icons/Humanity/mimes/64/application-x-compress.svg
/usr/share/icons/Humanity/mimes/64/application-xml.svg
/usr/share/icons/Humanity/mimes/64/archive.svg
/usr/share/icons/Humanity/mimes/64/empty.svg
/usr/share/icons/Humanity/mimes/64/gnome-fs-regular.svg
/usr/share/icons/Humanity/mimes/64/gnome-mime-application-vnd.oasis.opendocument.text-web.svg
/usr/share/icons/Humanity/mimes/64/gnome-mime-application-x-archive.svg
/usr/share/icons/Humanity/mimes/64/gnome-mime-application-x-compress.svg
/usr/share/icons/Humanity/mimes/64/gnome-mime-application-x-tarz.svg
/usr/share/icons/Humanity/mimes/64/gnome-mime-application-xhtml+xml.svg
/usr/share/icons/Humanity/mimes/64/gnome-mime-text-html.svg
/usr/share/icons/Humanity/mimes/64/gnome-mime-text-vnd.wap.wml.svg
/usr/share/icons/Humanity/mimes/64/gnome-package.svg
/usr/share/icons/Humanity/mimes/64/gtk-file.svg
/usr/share/icons/Humanity/mimes/64/html.svg
/usr/share/icons/Humanity/mimes/64/package.svg
/usr/share/icons/Humanity/mimes/64/text-htmlh.svg
/usr/share/icons/Humanity/mimes/64/text-xml.svg
/usr/share/icons/Humanity/mimes/64/tgz.svg
/usr/share/icons/Humanity/mimes@2
/usr/share/icons/Humanity/places/128/desktop.svg
/usr/share/icons/Humanity/places/128/gnome-ccdesktop.svg
/usr/share/icons/Humanity/places/128/gnome-desktop-config.svg
/usr/share/icons/Humanity/places/128/gnome-fs-bookmark-missing.svg
/usr/share/icons/Humanity/places/128/gnome-fs-desktop.svg
/usr/share/icons/Humanity/places/128/other-desktop.svg
/usr/share/icons/Humanity/places/128/user-bookmarks.svg
/usr/share/icons/Humanity/places/16/application-x-gnome-saved-search.svg
/usr/share/icons/Humanity/places/16/desktop.svg
/usr/share/icons/Humanity/places/16/distributor-logo.svg
/usr/share/icons/Humanity/places/16/edittrash.svg
/usr/share/icons/Humanity/places/16/emptytrash.svg
/usr/share/icons/Humanity/places/16/folder-downloads.svg
/usr/share/icons/Humanity/places/16/folder-home.svg
/usr/share/icons/Humanity/places/16/folder-images.svg
/usr/share/icons/Humanity/places/16/folder-remote-ftp.svg
/usr/share/icons/Humanity/places/16/folder-remote-nfs.svg
/usr/share/icons/Humanity/places/16/folder-remote-smb.svg
/usr/share/icons/Humanity/places/16/folder-remote-ssh.svg
/usr/share/icons/Humanity/places/16/folder-videos.svg
/usr/share/icons/Humanity/places/16/folder_download.svg
/usr/share/icons/Humanity/places/16/folder_home.svg
/usr/share/icons/Humanity/places/16/folder_images.svg
/usr/share/icons/Humanity/places/16/folder_pictures.svg
/usr/share/icons/Humanity/places/16/gnome-ccdesktop.svg
/usr/share/icons/Humanity/places/16/gnome-desktop-config.svg
/usr/share/icons/Humanity/places/16/gnome-folder.svg
/usr/share/icons/Humanity/places/16/gnome-fs-blockdev.svg
/usr/share/icons/Humanity/places/16/gnome-fs-bookmark-missing.svg
/usr/share/icons/Humanity/places/16/gnome-fs-desktop.svg
/usr/share/icons/Humanity/places/16/gnome-fs-directory.svg
/usr/share/icons/Humanity/places/16/gnome-fs-ftp.svg
/usr/share/icons/Humanity/places/16/gnome-fs-home.svg
/usr/share/icons/Humanity/places/16/gnome-fs-network.svg
/usr/share/icons/Humanity/places/16/gnome-fs-nfs.svg
/usr/share/icons/Humanity/places/16/gnome-fs-share.svg
/usr/share/icons/Humanity/places/16/gnome-fs-smb.svg
/usr/share/icons/Humanity/places/16/gnome-fs-ssh.svg
/usr/share/icons/Humanity/places/16/gnome-fs-trash-empty-accept.svg
/usr/share/icons/Humanity/places/16/gnome-fs-trash-empty.svg
/usr/share/icons/Humanity/places/16/gnome-fs-trash-full.svg
/usr/share/icons/Humanity/places/16/gnome-home.svg
/usr/share/icons/Humanity/places/16/gnome-main-menu.svg
/usr/share/icons/Humanity/places/16/gnome-mime-x-directory-smb-share.svg
/usr/share/icons/Humanity/places/16/gnome-mime-x-directory-smb-workgroup.svg
/usr/share/icons/Humanity/places/16/gnome-stock-trash-full.svg
/usr/share/icons/Humanity/places/16/gnome-stock-trash.svg
/usr/share/icons/Humanity/places/16/gtk-directory.svg
/usr/share/icons/Humanity/places/16/gtk-network.svg
/usr/share/icons/Humanity/places/16/inode-directory.svg
/usr/share/icons/Humanity/places/16/network-workgroup.svg
/usr/share/icons/Humanity/places/16/network.svg
/usr/share/icons/Humanity/places/16/network_local.svg
/usr/share/icons/Humanity/places/16/novell-button.svg
/usr/share/icons/Humanity/places/16/other-desktop.svg
/usr/share/icons/Humanity/places/16/stock_folder.svg
/usr/share/icons/Humanity/places/16/stock_playlist.svg
/usr/share/icons/Humanity/places/16/stock_trash_full.svg
/usr/share/icons/Humanity/places/16/trashcan_empty.svg
/usr/share/icons/Humanity/places/16/trashcan_full.svg
/usr/share/icons/Humanity/places/16/user-bookmarks.svg
/usr/share/icons/Humanity/places/16/user-images.svg
/usr/share/icons/Humanity/places/16/user-pictures.svg
/usr/share/icons/Humanity/places/16/user-share.svg
/usr/share/icons/Humanity/places/16/xfce-trash_empty.svg
/usr/share/icons/Humanity/places/16/xfce-trash_full.svg
/usr/share/icons/Humanity/places/22/application-x-gnome-saved-search.svg
/usr/share/icons/Humanity/places/22/desktop.svg
/usr/share/icons/Humanity/places/22/distributor-logo.svg
/usr/share/icons/Humanity/places/22/edittrash.svg
/usr/share/icons/Humanity/places/22/emptytrash.svg
/usr/share/icons/Humanity/places/22/folder-downloads.svg
/usr/share/icons/Humanity/places/22/folder-home.svg
/usr/share/icons/Humanity/places/22/folder-images.svg
/usr/share/icons/Humanity/places/22/folder-open.svg
/usr/share/icons/Humanity/places/22/folder-remote-ftp.svg
/usr/share/icons/Humanity/places/22/folder-remote-nfs.svg
/usr/share/icons/Humanity/places/22/folder-remote-smb.svg
/usr/share/icons/Humanity/places/22/folder-remote-ssh.svg
/usr/share/icons/Humanity/places/22/folder-videos.svg
/usr/share/icons/Humanity/places/22/folder_download.svg
/usr/share/icons/Humanity/places/22/folder_home.svg
/usr/share/icons/Humanity/places/22/folder_images.svg
/usr/share/icons/Humanity/places/22/folder_pictures.svg
/usr/share/icons/Humanity/places/22/folders-documents.svg
/usr/share/icons/Humanity/places/22/folders-downloads.svg
/usr/share/icons/Humanity/places/22/folders-music.svg
/usr/share/icons/Humanity/places/22/folders-publicshare.svg
/usr/share/icons/Humanity/places/22/gnome-ccdesktop.svg
/usr/share/icons/Humanity/places/22/gnome-desktop-config.svg
/usr/share/icons/Humanity/places/22/gnome-folder.svg
/usr/share/icons/Humanity/places/22/gnome-fs-blockdev.svg
/usr/share/icons/Humanity/places/22/gnome-fs-bookmark-missing.svg
/usr/share/icons/Humanity/places/22/gnome-fs-desktop.svg
/usr/share/icons/Humanity/places/22/gnome-fs-directory.svg
/usr/share/icons/Humanity/places/22/gnome-fs-ftp.svg
/usr/share/icons/Humanity/places/22/gnome-fs-home.svg
/usr/share/icons/Humanity/places/22/gnome-fs-network.svg
/usr/share/icons/Humanity/places/22/gnome-fs-nfs.svg
/usr/share/icons/Humanity/places/22/gnome-fs-server.svg
/usr/share/icons/Humanity/places/22/gnome-fs-share.svg
/usr/share/icons/Humanity/places/22/gnome-fs-smb.svg
/usr/share/icons/Humanity/places/22/gnome-fs-ssh.svg
/usr/share/icons/Humanity/places/22/gnome-fs-trash-empty-accept.svg
/usr/share/icons/Humanity/places/22/gnome-fs-trash-empty.svg
/usr/share/icons/Humanity/places/22/gnome-fs-trash-full.svg
/usr/share/icons/Humanity/places/22/gnome-home.svg
/usr/share/icons/Humanity/places/22/gnome-main-menu.svg
/usr/share/icons/Humanity/places/22/gnome-mime-x-directory-nfs-server.svg
/usr/share/icons/Humanity/places/22/gnome-mime-x-directory-smb-server.svg
/usr/share/icons/Humanity/places/22/gnome-mime-x-directory-smb-share.svg
/usr/share/icons/Humanity/places/22/gnome-mime-x-directory-smb-workgroup.svg
/usr/share/icons/Humanity/places/22/gnome-stock-trash-full.svg
/usr/share/icons/Humanity/places/22/gnome-stock-trash.svg
/usr/share/icons/Humanity/places/22/gtk-directory.svg
/usr/share/icons/Humanity/places/22/gtk-network.svg
/usr/share/icons/Humanity/places/22/inode-directory.svg
/usr/share/icons/Humanity/places/22/network-workgroup.svg
/usr/share/icons/Humanity/places/22/network_local.svg
/usr/share/icons/Humanity/places/22/novell-button.svg
/usr/share/icons/Humanity/places/22/other-desktop.svg
/usr/share/icons/Humanity/places/22/redhat-network-server.svg
/usr/share/icons/Humanity/places/22/server.svg
/usr/share/icons/Humanity/places/22/stock_folder.svg
/usr/share/icons/Humanity/places/22/stock_trash_full.svg
/usr/share/icons/Humanity/places/22/trashcan_empty.svg
/usr/share/icons/Humanity/places/22/trashcan_full.svg
/usr/share/icons/Humanity/places/22/user-images.svg
/usr/share/icons/Humanity/places/22/user-pictures.svg
/usr/share/icons/Humanity/places/22/user-share.svg
/usr/share/icons/Humanity/places/22/xfce-trash_empty.svg
/usr/share/icons/Humanity/places/22/xfce-trash_full.svg
/usr/share/icons/Humanity/places/24/application-x-gnome-saved-search.svg
/usr/share/icons/Humanity/places/24/desktop.svg
/usr/share/icons/Humanity/places/24/distributor-logo.svg
/usr/share/icons/Humanity/places/24/edittrash.svg
/usr/share/icons/Humanity/places/24/emptytrash.svg
/usr/share/icons/Humanity/places/24/folder-downloads.svg
/usr/share/icons/Humanity/places/24/folder-home.svg
/usr/share/icons/Humanity/places/24/folder-images.svg
/usr/share/icons/Humanity/places/24/folder-open.svg
/usr/share/icons/Humanity/places/24/folder-remote-ftp.svg
/usr/share/icons/Humanity/places/24/folder-remote-nfs.svg
/usr/share/icons/Humanity/places/24/folder-remote-smb.svg
/usr/share/icons/Humanity/places/24/folder-remote-ssh.svg
/usr/share/icons/Humanity/places/24/folder-videos.svg
/usr/share/icons/Humanity/places/24/folder_download.svg
/usr/share/icons/Humanity/places/24/folder_home.svg
/usr/share/icons/Humanity/places/24/folder_images.svg
/usr/share/icons/Humanity/places/24/folder_pictures.svg
/usr/share/icons/Humanity/places/24/folders-documents.svg
/usr/share/icons/Humanity/places/24/folders-downloads.svg
/usr/share/icons/Humanity/places/24/folders-music.svg
/usr/share/icons/Humanity/places/24/folders-publicshare.svg
/usr/share/icons/Humanity/places/24/gnome-ccdesktop.svg
/usr/share/icons/Humanity/places/24/gnome-desktop-config.svg
/usr/share/icons/Humanity/places/24/gnome-folder.svg
/usr/share/icons/Humanity/places/24/gnome-fs-blockdev.svg
/usr/share/icons/Humanity/places/24/gnome-fs-bookmark-missing.svg
/usr/share/icons/Humanity/places/24/gnome-fs-desktop.svg
/usr/share/icons/Humanity/places/24/gnome-fs-directory.svg
/usr/share/icons/Humanity/places/24/gnome-fs-ftp.svg
/usr/share/icons/Humanity/places/24/gnome-fs-home.svg
/usr/share/icons/Humanity/places/24/gnome-fs-loading-icon.svg
/usr/share/icons/Humanity/places/24/gnome-fs-network.svg
/usr/share/icons/Humanity/places/24/gnome-fs-nfs.svg
/usr/share/icons/Humanity/places/24/gnome-fs-server.svg
/usr/share/icons/Humanity/places/24/gnome-fs-share.svg
/usr/share/icons/Humanity/places/24/gnome-fs-smb.svg
/usr/share/icons/Humanity/places/24/gnome-fs-ssh.svg
/usr/share/icons/Humanity/places/24/gnome-fs-trash-empty-accept.svg
/usr/share/icons/Humanity/places/24/gnome-fs-trash-empty.svg
/usr/share/icons/Humanity/places/24/gnome-fs-trash-full.svg
/usr/share/icons/Humanity/places/24/gnome-home.svg
/usr/share/icons/Humanity/places/24/gnome-main-menu.svg
/usr/share/icons/Humanity/places/24/gnome-mime-x-directory-nfs-server.svg
/usr/share/icons/Humanity/places/24/gnome-mime-x-directory-smb-server.svg
/usr/share/icons/Humanity/places/24/gnome-mime-x-directory-smb-share.svg
/usr/share/icons/Humanity/places/24/gnome-mime-x-directory-smb-workgroup.svg
/usr/share/icons/Humanity/places/24/gnome-stock-trash-full.svg
/usr/share/icons/Humanity/places/24/gnome-stock-trash.svg
/usr/share/icons/Humanity/places/24/gtk-directory.svg
/usr/share/icons/Humanity/places/24/gtk-network.svg
/usr/share/icons/Humanity/places/24/inode-directory.svg
/usr/share/icons/Humanity/places/24/network-workgroup.svg
/usr/share/icons/Humanity/places/24/network.svg
/usr/share/icons/Humanity/places/24/network_local.svg
/usr/share/icons/Humanity/places/24/novell-button.svg
/usr/share/icons/Humanity/places/24/other-desktop.svg
/usr/share/icons/Humanity/places/24/redhat-network-server.svg
/usr/share/icons/Humanity/places/24/server.svg
/usr/share/icons/Humanity/places/24/stock_folder.svg
/usr/share/icons/Humanity/places/24/stock_playlist.svg
/usr/share/icons/Humanity/places/24/stock_trash_full.svg
/usr/share/icons/Humanity/places/24/trashcan_empty.svg
/usr/share/icons/Humanity/places/24/trashcan_full.svg
/usr/share/icons/Humanity/places/24/user-bookmarks.svg
/usr/share/icons/Humanity/places/24/user-images.svg
/usr/share/icons/Humanity/places/24/user-pictures.svg
/usr/share/icons/Humanity/places/24/user-share.svg
/usr/share/icons/Humanity/places/24/xfce-trash_empty.svg
/usr/share/icons/Humanity/places/24/xfce-trash_full.svg
/usr/share/icons/Humanity/places/32/desktop.svg
/usr/share/icons/Humanity/places/32/edittrash.svg
/usr/share/icons/Humanity/places/32/emptytrash.svg
/usr/share/icons/Humanity/places/32/folder-downloads.svg
/usr/share/icons/Humanity/places/32/folder-home.svg
/usr/share/icons/Humanity/places/32/folder-images.svg
/usr/share/icons/Humanity/places/32/folder-open.svg
/usr/share/icons/Humanity/places/32/folder-remote-ftp.svg
/usr/share/icons/Humanity/places/32/folder-remote-nfs.svg
/usr/share/icons/Humanity/places/32/folder-remote-smb.svg
/usr/share/icons/Humanity/places/32/folder-remote-ssh.svg
/usr/share/icons/Humanity/places/32/folder-videos.svg
/usr/share/icons/Humanity/places/32/folder_download.svg
/usr/share/icons/Humanity/places/32/folder_home.svg
/usr/share/icons/Humanity/places/32/folder_images.svg
/usr/share/icons/Humanity/places/32/folder_pictures.svg
/usr/share/icons/Humanity/places/32/folders-documents.svg
/usr/share/icons/Humanity/places/32/folders-downloads.svg
/usr/share/icons/Humanity/places/32/folders-music.svg
/usr/share/icons/Humanity/places/32/folders-publicshare.svg
/usr/share/icons/Humanity/places/32/gnome-ccdesktop.svg
/usr/share/icons/Humanity/places/32/gnome-desktop-config.svg
/usr/share/icons/Humanity/places/32/gnome-folder.svg
/usr/share/icons/Humanity/places/32/gnome-fs-blockdev.svg
/usr/share/icons/Humanity/places/32/gnome-fs-bookmark-missing.svg
/usr/share/icons/Humanity/places/32/gnome-fs-desktop.svg
/usr/share/icons/Humanity/places/32/gnome-fs-directory.svg
/usr/share/icons/Humanity/places/32/gnome-fs-ftp.svg
/usr/share/icons/Humanity/places/32/gnome-fs-home.svg
/usr/share/icons/Humanity/places/32/gnome-fs-network.svg
/usr/share/icons/Humanity/places/32/gnome-fs-nfs.svg
/usr/share/icons/Humanity/places/32/gnome-fs-share.svg
/usr/share/icons/Humanity/places/32/gnome-fs-smb.svg
/usr/share/icons/Humanity/places/32/gnome-fs-ssh.svg
/usr/share/icons/Humanity/places/32/gnome-fs-trash-empty-accept.svg
/usr/share/icons/Humanity/places/32/gnome-fs-trash-empty.svg
/usr/share/icons/Humanity/places/32/gnome-fs-trash-full.svg
/usr/share/icons/Humanity/places/32/gnome-home.svg
/usr/share/icons/Humanity/places/32/gnome-mime-x-directory-smb-share.svg
/usr/share/icons/Humanity/places/32/gnome-mime-x-directory-smb-workgroup.svg
/usr/share/icons/Humanity/places/32/gnome-stock-trash-full.svg
/usr/share/icons/Humanity/places/32/gnome-stock-trash.svg
/usr/share/icons/Humanity/places/32/gtk-directory.svg
/usr/share/icons/Humanity/places/32/gtk-network.svg
/usr/share/icons/Humanity/places/32/inode-directory.svg
/usr/share/icons/Humanity/places/32/network-workgroup.svg
/usr/share/icons/Humanity/places/32/network.svg
/usr/share/icons/Humanity/places/32/network_local.svg
/usr/share/icons/Humanity/places/32/other-desktop.svg
/usr/share/icons/Humanity/places/32/stock_folder.svg
/usr/share/icons/Humanity/places/32/stock_trash_full.svg
/usr/share/icons/Humanity/places/32/trashcan_empty.svg
/usr/share/icons/Humanity/places/32/trashcan_full.svg
/usr/share/icons/Humanity/places/32/user-images.svg
/usr/share/icons/Humanity/places/32/user-pictures.svg
/usr/share/icons/Humanity/places/32/user-share.svg
/usr/share/icons/Humanity/places/32/xfce-trash_empty.svg
/usr/share/icons/Humanity/places/32/xfce-trash_full.svg
/usr/share/icons/Humanity/places/48/application-x-gnome-saved-search.svg
/usr/share/icons/Humanity/places/48/desktop.svg
/usr/share/icons/Humanity/places/48/distributor-logo.svg
/usr/share/icons/Humanity/places/48/edittrash.svg
/usr/share/icons/Humanity/places/48/emptytrash.svg
/usr/share/icons/Humanity/places/48/folder-downloads.svg
/usr/share/icons/Humanity/places/48/folder-home.svg
/usr/share/icons/Humanity/places/48/folder-images.svg
/usr/share/icons/Humanity/places/48/folder-open.svg
/usr/share/icons/Humanity/places/48/folder-remote-ftp.icon
/usr/share/icons/Humanity/places/48/folder-remote-ftp.svg
/usr/share/icons/Humanity/places/48/folder-remote-nfs.icon
/usr/share/icons/Humanity/places/48/folder-remote-nfs.svg
/usr/share/icons/Humanity/places/48/folder-remote-smb.icon
/usr/share/icons/Humanity/places/48/folder-remote-smb.svg
/usr/share/icons/Humanity/places/48/folder-remote-ssh.icon
/usr/share/icons/Humanity/places/48/folder-remote-ssh.svg
/usr/share/icons/Humanity/places/48/folder-remote.icon
/usr/share/icons/Humanity/places/48/folder-videos.svg
/usr/share/icons/Humanity/places/48/folder_download.svg
/usr/share/icons/Humanity/places/48/folder_home.svg
/usr/share/icons/Humanity/places/48/folder_images.svg
/usr/share/icons/Humanity/places/48/folder_pictures.svg
/usr/share/icons/Humanity/places/48/gnome-ccdesktop.svg
/usr/share/icons/Humanity/places/48/gnome-desktop-config.svg
/usr/share/icons/Humanity/places/48/gnome-folder.icon
/usr/share/icons/Humanity/places/48/gnome-folder.svg
/usr/share/icons/Humanity/places/48/gnome-fs-blockdev.icon
/usr/share/icons/Humanity/places/48/gnome-fs-blockdev.svg
/usr/share/icons/Humanity/places/48/gnome-fs-bookmark-missing.svg
/usr/share/icons/Humanity/places/48/gnome-fs-dav.svg
/usr/share/icons/Humanity/places/48/gnome-fs-desktop.svg
/usr/share/icons/Humanity/places/48/gnome-fs-directory.icon
/usr/share/icons/Humanity/places/48/gnome-fs-directory.svg
/usr/share/icons/Humanity/places/48/gnome-fs-ftp.icon
/usr/share/icons/Humanity/places/48/gnome-fs-ftp.svg
/usr/share/icons/Humanity/places/48/gnome-fs-home.svg
/usr/share/icons/Humanity/places/48/gnome-fs-loading-icon.svg
/usr/share/icons/Humanity/places/48/gnome-fs-network.icon
/usr/share/icons/Humanity/places/48/gnome-fs-network.svg
/usr/share/icons/Humanity/places/48/gnome-fs-nfs.icon
/usr/share/icons/Humanity/places/48/gnome-fs-nfs.svg
/usr/share/icons/Humanity/places/48/gnome-fs-server.svg
/usr/share/icons/Humanity/places/48/gnome-fs-share.icon
/usr/share/icons/Humanity/places/48/gnome-fs-share.svg
/usr/share/icons/Humanity/places/48/gnome-fs-smb.icon
/usr/share/icons/Humanity/places/48/gnome-fs-smb.svg
/usr/share/icons/Humanity/places/48/gnome-fs-ssh.icon
/usr/share/icons/Humanity/places/48/gnome-fs-ssh.svg
/usr/share/icons/Humanity/places/48/gnome-fs-trash-empty-accept.svg
/usr/share/icons/Humanity/places/48/gnome-fs-trash-empty.svg
/usr/share/icons/Humanity/places/48/gnome-fs-trash-full.svg
/usr/share/icons/Humanity/places/48/gnome-home.svg
/usr/share/icons/Humanity/places/48/gnome-main-menu.svg
/usr/share/icons/Humanity/places/48/gnome-mime-x-directory-nfs-server.svg
/usr/share/icons/Humanity/places/48/gnome-mime-x-directory-smb-server.svg
/usr/share/icons/Humanity/places/48/gnome-mime-x-directory-smb-share.icon
/usr/share/icons/Humanity/places/48/gnome-mime-x-directory-smb-share.svg
/usr/share/icons/Humanity/places/48/gnome-mime-x-directory-smb-workgroup.icon
/usr/share/icons/Humanity/places/48/gnome-mime-x-directory-smb-workgroup.svg
/usr/share/icons/Humanity/places/48/gnome-stock-trash-full.svg
/usr/share/icons/Humanity/places/48/gnome-stock-trash.svg
/usr/share/icons/Humanity/places/48/gtk-directory.icon
/usr/share/icons/Humanity/places/48/gtk-directory.svg
/usr/share/icons/Humanity/places/48/gtk-network.icon
/usr/share/icons/Humanity/places/48/gtk-network.svg
/usr/share/icons/Humanity/places/48/inode-directory.icon
/usr/share/icons/Humanity/places/48/inode-directory.svg
/usr/share/icons/Humanity/places/48/neat.icon
/usr/share/icons/Humanity/places/48/network-workgroup.icon
/usr/share/icons/Humanity/places/48/network-workgroup.svg
/usr/share/icons/Humanity/places/48/network.icon
/usr/share/icons/Humanity/places/48/network.svg
/usr/share/icons/Humanity/places/48/network_local.icon
/usr/share/icons/Humanity/places/48/network_local.svg
/usr/share/icons/Humanity/places/48/novell-button.svg
/usr/share/icons/Humanity/places/48/other-desktop.svg
/usr/share/icons/Humanity/places/48/redhat-network-server.svg
/usr/share/icons/Humanity/places/48/redhat-system-group.icon
/usr/share/icons/Humanity/places/48/server.svg
/usr/share/icons/Humanity/places/48/stock_folder.icon
/usr/share/icons/Humanity/places/48/stock_folder.svg
/usr/share/icons/Humanity/places/48/stock_playlist.svg
/usr/share/icons/Humanity/places/48/stock_shared-by-me.icon
/usr/share/icons/Humanity/places/48/stock_shared-to-me.icon
/usr/share/icons/Humanity/places/48/stock_trash_full.svg
/usr/share/icons/Humanity/places/48/trashcan_empty.svg
/usr/share/icons/Humanity/places/48/trashcan_full.svg
/usr/share/icons/Humanity/places/48/user-bookmarks.svg
/usr/share/icons/Humanity/places/48/user-images.svg
/usr/share/icons/Humanity/places/48/user-pictures.svg
/usr/share/icons/Humanity/places/48/user-share.icon
/usr/share/icons/Humanity/places/48/user-share.svg
/usr/share/icons/Humanity/places/48/xfce-trash_empty.svg
/usr/share/icons/Humanity/places/48/xfce-trash_full.svg
/usr/share/icons/Humanity/places/64/application-x-gnome-saved-search.svg
/usr/share/icons/Humanity/places/64/desktop.svg
/usr/share/icons/Humanity/places/64/distributor-logo.svg
/usr/share/icons/Humanity/places/64/edittrash.svg
/usr/share/icons/Humanity/places/64/emptytrash.svg
/usr/share/icons/Humanity/places/64/folder-downloads.svg
/usr/share/icons/Humanity/places/64/folder-home.svg
/usr/share/icons/Humanity/places/64/folder-images.svg
/usr/share/icons/Humanity/places/64/folder-open.svg
/usr/share/icons/Humanity/places/64/folder-remote-ftp.svg
/usr/share/icons/Humanity/places/64/folder-remote-nfs.svg
/usr/share/icons/Humanity/places/64/folder-remote-smb.svg
/usr/share/icons/Humanity/places/64/folder-remote-ssh.svg
/usr/share/icons/Humanity/places/64/folder-videos.svg
/usr/share/icons/Humanity/places/64/folder_download.svg
/usr/share/icons/Humanity/places/64/folder_home.svg
/usr/share/icons/Humanity/places/64/folder_images.svg
/usr/share/icons/Humanity/places/64/folder_pictures.svg
/usr/share/icons/Humanity/places/64/gnome-ccdesktop.svg
/usr/share/icons/Humanity/places/64/gnome-desktop-config.svg
/usr/share/icons/Humanity/places/64/gnome-folder.svg
/usr/share/icons/Humanity/places/64/gnome-fs-blockdev.svg
/usr/share/icons/Humanity/places/64/gnome-fs-bookmark-missing.svg
/usr/share/icons/Humanity/places/64/gnome-fs-desktop.svg
/usr/share/icons/Humanity/places/64/gnome-fs-directory.svg
/usr/share/icons/Humanity/places/64/gnome-fs-ftp.svg
/usr/share/icons/Humanity/places/64/gnome-fs-home.svg
/usr/share/icons/Humanity/places/64/gnome-fs-network.svg
/usr/share/icons/Humanity/places/64/gnome-fs-nfs.svg
/usr/share/icons/Humanity/places/64/gnome-fs-server.svg
/usr/share/icons/Humanity/places/64/gnome-fs-share.svg
/usr/share/icons/Humanity/places/64/gnome-fs-smb.svg
/usr/share/icons/Humanity/places/64/gnome-fs-ssh.svg
/usr/share/icons/Humanity/places/64/gnome-fs-trash-empty-accept.svg
/usr/share/icons/Humanity/places/64/gnome-fs-trash-empty.svg
/usr/share/icons/Humanity/places/64/gnome-fs-trash-full.svg
/usr/share/icons/Humanity/places/64/gnome-home.svg
/usr/share/icons/Humanity/places/64/gnome-main-menu.svg
/usr/share/icons/Humanity/places/64/gnome-mime-x-directory-nfs-server.svg
/usr/share/icons/Humanity/places/64/gnome-mime-x-directory-smb-server.svg
/usr/share/icons/Humanity/places/64/gnome-mime-x-directory-smb-share.svg
/usr/share/icons/Humanity/places/64/gnome-mime-x-directory-smb-workgroup.svg
/usr/share/icons/Humanity/places/64/gnome-stock-trash-full.svg
/usr/share/icons/Humanity/places/64/gnome-stock-trash.svg
/usr/share/icons/Humanity/places/64/gtk-directory.svg
/usr/share/icons/Humanity/places/64/gtk-network.svg
/usr/share/icons/Humanity/places/64/inode-directory.svg
/usr/share/icons/Humanity/places/64/network-workgroup.svg
/usr/share/icons/Humanity/places/64/network.svg
/usr/share/icons/Humanity/places/64/network_local.svg
/usr/share/icons/Humanity/places/64/novell-button.svg
/usr/share/icons/Humanity/places/64/other-desktop.svg
/usr/share/icons/Humanity/places/64/redhat-network-server.svg
/usr/share/icons/Humanity/places/64/server.svg
/usr/share/icons/Humanity/places/64/stock_folder.svg
/usr/share/icons/Humanity/places/64/stock_trash_full.svg
/usr/share/icons/Humanity/places/64/trashcan_empty.svg
/usr/share/icons/Humanity/places/64/trashcan_full.svg
/usr/share/icons/Humanity/places/64/user-bookmarks.svg
/usr/share/icons/Humanity/places/64/user-images.svg
/usr/share/icons/Humanity/places/64/user-pictures.svg
/usr/share/icons/Humanity/places/64/user-share.svg
/usr/share/icons/Humanity/places/64/xfce-trash_empty.svg
/usr/share/icons/Humanity/places/64/xfce-trash_full.svg
/usr/share/icons/Humanity/places@2
/usr/share/icons/Humanity/status/128/dialog-information.svg
/usr/share/icons/Humanity/status/128/dialog-question.svg
/usr/share/icons/Humanity/status/128/error.svg
/usr/share/icons/Humanity/status/128/gnome-unknown.svg
/usr/share/icons/Humanity/status/128/gtk-dialog-error.svg
/usr/share/icons/Humanity/status/128/gtk-dialog-info.svg
/usr/share/icons/Humanity/status/128/gtk-dialog-question.svg
/usr/share/icons/Humanity/status/128/gtk-dialog-warning.svg
/usr/share/icons/Humanity/status/128/important.svg
/usr/share/icons/Humanity/status/128/info.svg
/usr/share/icons/Humanity/status/128/messagebox_critical.svg
/usr/share/icons/Humanity/status/128/messagebox_info.svg
/usr/share/icons/Humanity/status/128/messagebox_warning.svg
/usr/share/icons/Humanity/status/128/stock_dialog-error.svg
/usr/share/icons/Humanity/status/128/stock_dialog-info.svg
/usr/share/icons/Humanity/status/128/stock_dialog-question.svg
/usr/share/icons/Humanity/status/128/stock_dialog-warning.svg
/usr/share/icons/Humanity/status/128/stock_unknown.svg
/usr/share/icons/Humanity/status/128/xfce-unknown.svg
/usr/share/icons/Humanity/status/16/audio-volume-low-zero-panel.svg
/usr/share/icons/Humanity/status/16/audio-volume-muted-blocking-panel.svg
/usr/share/icons/Humanity/status/16/battery-caution.svg
/usr/share/icons/Humanity/status/16/battery-low.svg
/usr/share/icons/Humanity/status/16/battery_charged.svg
/usr/share/icons/Humanity/status/16/battery_empty.svg
/usr/share/icons/Humanity/status/16/battery_full.svg
/usr/share/icons/Humanity/status/16/battery_plugged.svg
/usr/share/icons/Humanity/status/16/blueman-tray.svg
/usr/share/icons/Humanity/status/16/dialog-information.svg
/usr/share/icons/Humanity/status/16/dialog-password.png
/usr/share/icons/Humanity/status/16/dialog-question.svg
/usr/share/icons/Humanity/status/16/empathy-available.svg
/usr/share/icons/Humanity/status/16/empathy-away.svg
/usr/share/icons/Humanity/status/16/empathy-busy.svg
/usr/share/icons/Humanity/status/16/empathy-extended-away.svg
/usr/share/icons/Humanity/status/16/empathy-offline.svg
/usr/share/icons/Humanity/status/16/error.svg
/usr/share/icons/Humanity/status/16/gnome-dev-wavelan-encrypted.svg
/usr/share/icons/Humanity/status/16/gnome-unknown.svg
/usr/share/icons/Humanity/status/16/gpm-battery-empty.svg
/usr/share/icons/Humanity/status/16/gpm-primary-000-charging.svg
/usr/share/icons/Humanity/status/16/gpm-primary-000.svg
/usr/share/icons/Humanity/status/16/gpm-primary-020-charging.svg
/usr/share/icons/Humanity/status/16/gpm-primary-020.svg
/usr/share/icons/Humanity/status/16/gpm-primary-040-charging.svg
/usr/share/icons/Humanity/status/16/gpm-primary-040.svg
/usr/share/icons/Humanity/status/16/gpm-primary-060-charging.svg
/usr/share/icons/Humanity/status/16/gpm-primary-060.svg
/usr/share/icons/Humanity/status/16/gpm-primary-080-charging.svg
/usr/share/icons/Humanity/status/16/gpm-primary-080.svg
/usr/share/icons/Humanity/status/16/gpm-primary-100-charging.svg
/usr/share/icons/Humanity/status/16/gpm-primary-100.svg
/usr/share/icons/Humanity/status/16/gpm-primary-charged.svg
/usr/share/icons/Humanity/status/16/gpm-ups-000-charging.svg
/usr/share/icons/Humanity/status/16/gpm-ups-020-charging.svg
/usr/share/icons/Humanity/status/16/gpm-ups-020.svg
/usr/share/icons/Humanity/status/16/gpm-ups-040-charging.svg
/usr/share/icons/Humanity/status/16/gpm-ups-040.svg
/usr/share/icons/Humanity/status/16/gpm-ups-060-charging.svg
/usr/share/icons/Humanity/status/16/gpm-ups-060.svg
/usr/share/icons/Humanity/status/16/gpm-ups-080-charging.svg
/usr/share/icons/Humanity/status/16/gpm-ups-080.svg
/usr/share/icons/Humanity/status/16/gpm-ups-100-charging.svg
/usr/share/icons/Humanity/status/16/gpm-ups-100.svg
/usr/share/icons/Humanity/status/16/gpm-ups-missing.svg
/usr/share/icons/Humanity/status/16/gtk-dialog-authentication.png
/usr/share/icons/Humanity/status/16/gtk-dialog-error.svg
/usr/share/icons/Humanity/status/16/gtk-dialog-info.svg
/usr/share/icons/Humanity/status/16/gtk-dialog-question.svg
/usr/share/icons/Humanity/status/16/gtk-dialog-warning.svg
/usr/share/icons/Humanity/status/16/gtk-missing-image.svg
/usr/share/icons/Humanity/status/16/ibus-off.svg
/usr/share/icons/Humanity/status/16/important.svg
/usr/share/icons/Humanity/status/16/info.svg
/usr/share/icons/Humanity/status/16/keys.svg
/usr/share/icons/Humanity/status/16/keys.xpm
/usr/share/icons/Humanity/status/16/krb-valid-ticket.svg
/usr/share/icons/Humanity/status/16/messagebox_critical.svg
/usr/share/icons/Humanity/status/16/messagebox_info.svg
/usr/share/icons/Humanity/status/16/messagebox_warning.svg
/usr/share/icons/Humanity/status/16/network-wireless-encrypted.svg
/usr/share/icons/Humanity/status/16/status_lock.svg
/usr/share/icons/Humanity/status/16/stock_dialog-error.svg
/usr/share/icons/Humanity/status/16/stock_dialog-info.svg
/usr/share/icons/Humanity/status/16/stock_dialog-question.svg
/usr/share/icons/Humanity/status/16/stock_dialog-warning.svg
/usr/share/icons/Humanity/status/16/stock_lock.svg
/usr/share/icons/Humanity/status/16/stock_unknown.svg
/usr/share/icons/Humanity/status/16/stock_volume-0.svg
/usr/share/icons/Humanity/status/16/stock_volume-max.svg
/usr/share/icons/Humanity/status/16/stock_volume-med.svg
/usr/share/icons/Humanity/status/16/stock_volume-min.svg
/usr/share/icons/Humanity/status/16/stock_volume-mute.svg
/usr/share/icons/Humanity/status/16/stock_volume.svg
/usr/share/icons/Humanity/status/16/stock_weather-cloudy.svg
/usr/share/icons/Humanity/status/16/stock_weather-few-clouds.svg
/usr/share/icons/Humanity/status/16/stock_weather-fog.svg
/usr/share/icons/Humanity/status/16/stock_weather-night-clear.svg
/usr/share/icons/Humanity/status/16/stock_weather-night-few-clouds.svg
/usr/share/icons/Humanity/status/16/stock_weather-showers.svg
/usr/share/icons/Humanity/status/16/stock_weather-snow.svg
/usr/share/icons/Humanity/status/16/stock_weather-storm.svg
/usr/share/icons/Humanity/status/16/stock_weather-sunny.svg
/usr/share/icons/Humanity/status/16/sunny.svg
/usr/share/icons/Humanity/status/16/user-away.svg
/usr/share/icons/Humanity/status/16/weather-clear-night-000.svg
/usr/share/icons/Humanity/status/16/weather-clear-night-010.svg
/usr/share/icons/Humanity/status/16/weather-clear-night-020.svg
/usr/share/icons/Humanity/status/16/weather-clear-night-030.svg
/usr/share/icons/Humanity/status/16/weather-clear-night-040.svg
/usr/share/icons/Humanity/status/16/weather-clear-night-050.svg
/usr/share/icons/Humanity/status/16/weather-clear-night-060.svg
/usr/share/icons/Humanity/status/16/weather-clear-night-070.svg
/usr/share/icons/Humanity/status/16/weather-clear-night-080.svg
/usr/share/icons/Humanity/status/16/weather-clear-night-090.svg
/usr/share/icons/Humanity/status/16/weather-clear-night-100.svg
/usr/share/icons/Humanity/status/16/weather-clear-night-110.svg
/usr/share/icons/Humanity/status/16/weather-clear-night-120.svg
/usr/share/icons/Humanity/status/16/weather-clear-night-130.svg
/usr/share/icons/Humanity/status/16/weather-clear-night-140.svg
/usr/share/icons/Humanity/status/16/weather-clear-night-150.svg
/usr/share/icons/Humanity/status/16/weather-clear-night-160.svg
/usr/share/icons/Humanity/status/16/weather-clear-night-170.svg
/usr/share/icons/Humanity/status/16/weather-clear-night-180.svg
/usr/share/icons/Humanity/status/16/weather-clear-night-190.svg
/usr/share/icons/Humanity/status/16/weather-clear-night-200.svg
/usr/share/icons/Humanity/status/16/weather-clear-night-210.svg
/usr/share/icons/Humanity/status/16/weather-clear-night-220.svg
/usr/share/icons/Humanity/status/16/weather-clear-night-230.svg
/usr/share/icons/Humanity/status/16/weather-clear-night-240.svg
/usr/share/icons/Humanity/status/16/weather-clear-night-250.svg
/usr/share/icons/Humanity/status/16/weather-clear-night-260.svg
/usr/share/icons/Humanity/status/16/weather-clear-night-270.svg
/usr/share/icons/Humanity/status/16/weather-clear-night-280.svg
/usr/share/icons/Humanity/status/16/weather-clear-night-290.svg
/usr/share/icons/Humanity/status/16/weather-clear-night-300.svg
/usr/share/icons/Humanity/status/16/weather-clear-night-310.svg
/usr/share/icons/Humanity/status/16/weather-clear-night-320.svg
/usr/share/icons/Humanity/status/16/weather-clear-night-330.svg
/usr/share/icons/Humanity/status/16/weather-clear-night-340.svg
/usr/share/icons/Humanity/status/16/weather-clear-night-350.svg
/usr/share/icons/Humanity/status/16/weather-few-clouds-night-000.svg
/usr/share/icons/Humanity/status/16/weather-few-clouds-night-010.svg
/usr/share/icons/Humanity/status/16/weather-few-clouds-night-020.svg
/usr/share/icons/Humanity/status/16/weather-few-clouds-night-030.svg
/usr/share/icons/Humanity/status/16/weather-few-clouds-night-040.svg
/usr/share/icons/Humanity/status/16/weather-few-clouds-night-050.svg
/usr/share/icons/Humanity/status/16/weather-few-clouds-night-060.svg
/usr/share/icons/Humanity/status/16/weather-few-clouds-night-070.svg
/usr/share/icons/Humanity/status/16/weather-few-clouds-night-080.svg
/usr/share/icons/Humanity/status/16/weather-few-clouds-night-090.svg
/usr/share/icons/Humanity/status/16/weather-few-clouds-night-100.svg
/usr/share/icons/Humanity/status/16/weather-few-clouds-night-110.svg
/usr/share/icons/Humanity/status/16/weather-few-clouds-night-120.svg
/usr/share/icons/Humanity/status/16/weather-few-clouds-night-130.svg
/usr/share/icons/Humanity/status/16/weather-few-clouds-night-140.svg
/usr/share/icons/Humanity/status/16/weather-few-clouds-night-150.svg
/usr/share/icons/Humanity/status/16/weather-few-clouds-night-160.svg
/usr/share/icons/Humanity/status/16/weather-few-clouds-night-170.svg
/usr/share/icons/Humanity/status/16/weather-few-clouds-night-180.svg
/usr/share/icons/Humanity/status/16/weather-few-clouds-night-190.svg
/usr/share/icons/Humanity/status/16/weather-few-clouds-night-200.svg
/usr/share/icons/Humanity/status/16/weather-few-clouds-night-210.svg
/usr/share/icons/Humanity/status/16/weather-few-clouds-night-220.svg
/usr/share/icons/Humanity/status/16/weather-few-clouds-night-230.svg
/usr/share/icons/Humanity/status/16/weather-few-clouds-night-240.svg
/usr/share/icons/Humanity/status/16/weather-few-clouds-night-250.svg
/usr/share/icons/Humanity/status/16/weather-few-clouds-night-260.svg
/usr/share/icons/Humanity/status/16/weather-few-clouds-night-270.svg
/usr/share/icons/Humanity/status/16/weather-few-clouds-night-280.svg
/usr/share/icons/Humanity/status/16/weather-few-clouds-night-290.svg
/usr/share/icons/Humanity/status/16/weather-few-clouds-night-300.svg
/usr/share/icons/Humanity/status/16/weather-few-clouds-night-310.svg
/usr/share/icons/Humanity/status/16/weather-few-clouds-night-320.svg
/usr/share/icons/Humanity/status/16/weather-few-clouds-night-330.svg
/usr/share/icons/Humanity/status/16/weather-few-clouds-night-340.svg
/usr/share/icons/Humanity/status/16/weather-few-clouds-night-350.svg
/usr/share/icons/Humanity/status/16/xfce-system-lock.svg
/usr/share/icons/Humanity/status/16/xfce-unknown.svg
/usr/share/icons/Humanity/status/22/audio-volume-low-zero-panel.svg
/usr/share/icons/Humanity/status/22/audio-volume-muted-blocking-panel.svg
/usr/share/icons/Humanity/status/22/banshee-panel.svg
/usr/share/icons/Humanity/status/22/battery-caution.svg
/usr/share/icons/Humanity/status/22/battery-low.svg
/usr/share/icons/Humanity/status/22/battery_charged.svg
/usr/share/icons/Humanity/status/22/battery_empty.svg
/usr/share/icons/Humanity/status/22/battery_full.svg
/usr/share/icons/Humanity/status/22/battery_plugged.svg
/usr/share/icons/Humanity/status/22/connect_creating.svg
/usr/share/icons/Humanity/status/22/connect_established.svg
/usr/share/icons/Humanity/status/22/connect_no.svg
/usr/share/icons/Humanity/status/22/dialog-information.svg
/usr/share/icons/Humanity/status/22/dialog-question.svg
/usr/share/icons/Humanity/status/22/empathy-available.svg
/usr/share/icons/Humanity/status/22/empathy-away.svg
/usr/share/icons/Humanity/status/22/empathy-busy.svg
/usr/share/icons/Humanity/status/22/empathy-extended-away.svg
/usr/share/icons/Humanity/status/22/empathy-offline.svg
/usr/share/icons/Humanity/status/22/error.svg
/usr/share/icons/Humanity/status/22/gnome-dev-wavelan-encrypted.svg
/usr/share/icons/Humanity/status/22/gnome-netstatus-0-24.svg
/usr/share/icons/Humanity/status/22/gnome-netstatus-25-49.svg
/usr/share/icons/Humanity/status/22/gnome-netstatus-50-74.svg
/usr/share/icons/Humanity/status/22/gnome-netstatus-75-100.svg
/usr/share/icons/Humanity/status/22/gnome-netstatus-disconn.svg
/usr/share/icons/Humanity/status/22/gnome-netstatus-error.svg
/usr/share/icons/Humanity/status/22/gnome-netstatus-idle.svg
/usr/share/icons/Humanity/status/22/gnome-netstatus-rx.svg
/usr/share/icons/Humanity/status/22/gnome-netstatus-tx.svg
/usr/share/icons/Humanity/status/22/gnome-netstatus-txrx.svg
/usr/share/icons/Humanity/status/22/gnome-unknown.svg
/usr/share/icons/Humanity/status/22/gpm-battery-empty.svg
/usr/share/icons/Humanity/status/22/gpm-primary-000-charging.svg
/usr/share/icons/Humanity/status/22/gpm-primary-000.svg
/usr/share/icons/Humanity/status/22/gpm-primary-020-charging.svg
/usr/share/icons/Humanity/status/22/gpm-primary-020.svg
/usr/share/icons/Humanity/status/22/gpm-primary-040-charging.svg
/usr/share/icons/Humanity/status/22/gpm-primary-040.svg
/usr/share/icons/Humanity/status/22/gpm-primary-060-charging.svg
/usr/share/icons/Humanity/status/22/gpm-primary-060.svg
/usr/share/icons/Humanity/status/22/gpm-primary-080-charging.svg
/usr/share/icons/Humanity/status/22/gpm-primary-080.svg
/usr/share/icons/Humanity/status/22/gpm-primary-100-charging.svg
/usr/share/icons/Humanity/status/22/gpm-primary-100.svg
/usr/share/icons/Humanity/status/22/gpm-primary-charged.svg
/usr/share/icons/Humanity/status/22/gpm-ups-000-charging.svg
/usr/share/icons/Humanity/status/22/gpm-ups-000.svg
/usr/share/icons/Humanity/status/22/gpm-ups-020-charging.svg
/usr/share/icons/Humanity/status/22/gpm-ups-020.svg
/usr/share/icons/Humanity/status/22/gpm-ups-040-charging.svg
/usr/share/icons/Humanity/status/22/gpm-ups-040.svg
/usr/share/icons/Humanity/status/22/gpm-ups-060-charging.svg
/usr/share/icons/Humanity/status/22/gpm-ups-060.svg
/usr/share/icons/Humanity/status/22/gpm-ups-080-charging.svg
/usr/share/icons/Humanity/status/22/gpm-ups-080.svg
/usr/share/icons/Humanity/status/22/gpm-ups-100-charging.svg
/usr/share/icons/Humanity/status/22/gpm-ups-100.svg
/usr/share/icons/Humanity/status/22/gpm-ups-missing.svg
/usr/share/icons/Humanity/status/22/gtk-dialog-error.svg
/usr/share/icons/Humanity/status/22/gtk-dialog-info.svg
/usr/share/icons/Humanity/status/22/gtk-dialog-question.svg
/usr/share/icons/Humanity/status/22/gtk-dialog-warning.svg
/usr/share/icons/Humanity/status/22/gtk-missing-image.svg
/usr/share/icons/Humanity/status/22/ibus-off.svg
/usr/share/icons/Humanity/status/22/important.svg
/usr/share/icons/Humanity/status/22/info.svg
/usr/share/icons/Humanity/status/22/keys.svg
/usr/share/icons/Humanity/status/22/keys.xpm
/usr/share/icons/Humanity/status/22/krb-valid-ticket.svg
/usr/share/icons/Humanity/status/22/messagebox_critical.svg
/usr/share/icons/Humanity/status/22/messagebox_info.svg
/usr/share/icons/Humanity/status/22/messagebox_warning.svg
/usr/share/icons/Humanity/status/22/network-idle.svg
/usr/share/icons/Humanity/status/22/network-wireless-encrypted.svg
/usr/share/icons/Humanity/status/22/nm-device-wired.svg
/usr/share/icons/Humanity/status/22/nm-signal-0.svg
/usr/share/icons/Humanity/status/22/status_lock.svg
/usr/share/icons/Humanity/status/22/stock_dialog-error.svg
/usr/share/icons/Humanity/status/22/stock_dialog-info.svg
/usr/share/icons/Humanity/status/22/stock_dialog-question.svg
/usr/share/icons/Humanity/status/22/stock_dialog-warning.svg
/usr/share/icons/Humanity/status/22/stock_lock.svg
/usr/share/icons/Humanity/status/22/stock_unknown.svg
/usr/share/icons/Humanity/status/22/stock_volume-0.svg
/usr/share/icons/Humanity/status/22/stock_volume-max.svg
/usr/share/icons/Humanity/status/22/stock_volume-med.svg
/usr/share/icons/Humanity/status/22/stock_volume-min.svg
/usr/share/icons/Humanity/status/22/stock_volume-mute.svg
/usr/share/icons/Humanity/status/22/stock_volume.svg
/usr/share/icons/Humanity/status/22/user-away.svg
/usr/share/icons/Humanity/status/22/xfce-system-lock.svg
/usr/share/icons/Humanity/status/22/xfce-unknown.svg
/usr/share/icons/Humanity/status/24/audio-volume-low-zero-panel.svg
/usr/share/icons/Humanity/status/24/audio-volume-muted-blocking-panel.svg
/usr/share/icons/Humanity/status/24/banshee-panel.svg
/usr/share/icons/Humanity/status/24/battery-caution.svg
/usr/share/icons/Humanity/status/24/battery-low.svg
/usr/share/icons/Humanity/status/24/battery_charged.svg
/usr/share/icons/Humanity/status/24/battery_empty.svg
/usr/share/icons/Humanity/status/24/battery_full.svg
/usr/share/icons/Humanity/status/24/battery_plugged.svg
/usr/share/icons/Humanity/status/24/blueman-tray.svg
/usr/share/icons/Humanity/status/24/connect_creating.svg
/usr/share/icons/Humanity/status/24/connect_established.svg
/usr/share/icons/Humanity/status/24/connect_no.svg
/usr/share/icons/Humanity/status/24/dialog-information.svg
/usr/share/icons/Humanity/status/24/dialog-password.png
/usr/share/icons/Humanity/status/24/dialog-question.svg
/usr/share/icons/Humanity/status/24/edittrash.svg
/usr/share/icons/Humanity/status/24/empathy-available.svg
/usr/share/icons/Humanity/status/24/empathy-away.svg
/usr/share/icons/Humanity/status/24/empathy-busy.svg
/usr/share/icons/Humanity/status/24/empathy-extended-away.svg
/usr/share/icons/Humanity/status/24/empathy-offline.svg
/usr/share/icons/Humanity/status/24/error.svg
/usr/share/icons/Humanity/status/24/folder-drag-accept.svg
/usr/share/icons/Humanity/status/24/folder-open.svg
/usr/share/icons/Humanity/status/24/folder-visiting.svg
/usr/share/icons/Humanity/status/24/folder_open.svg
/usr/share/icons/Humanity/status/24/gnome-dev-wavelan-encrypted.svg
/usr/share/icons/Humanity/status/24/gnome-fs-directory-visiting.svg
/usr/share/icons/Humanity/status/24/gnome-fs-loading-icon.svg
/usr/share/icons/Humanity/status/24/gnome-fs-trash-full.svg
/usr/share/icons/Humanity/status/24/gnome-netstatus-0-24.svg
/usr/share/icons/Humanity/status/24/gnome-netstatus-25-49.svg
/usr/share/icons/Humanity/status/24/gnome-netstatus-50-74.svg
/usr/share/icons/Humanity/status/24/gnome-netstatus-75-100.svg
/usr/share/icons/Humanity/status/24/gnome-netstatus-disconn.svg
/usr/share/icons/Humanity/status/24/gnome-netstatus-error.svg
/usr/share/icons/Humanity/status/24/gnome-netstatus-idle.svg
/usr/share/icons/Humanity/status/24/gnome-netstatus-rx.svg
/usr/share/icons/Humanity/status/24/gnome-netstatus-tx.svg
/usr/share/icons/Humanity/status/24/gnome-netstatus-txrx.svg
/usr/share/icons/Humanity/status/24/gnome-stock-trash-full.svg
/usr/share/icons/Humanity/status/24/gnome-unknown.svg
/usr/share/icons/Humanity/status/24/gpm-battery-empty.svg
/usr/share/icons/Humanity/status/24/gpm-primary-000-charging.svg
/usr/share/icons/Humanity/status/24/gpm-primary-000.svg
/usr/share/icons/Humanity/status/24/gpm-primary-020-charging.svg
/usr/share/icons/Humanity/status/24/gpm-primary-020.svg
/usr/share/icons/Humanity/status/24/gpm-primary-040-charging.svg
/usr/share/icons/Humanity/status/24/gpm-primary-040.svg
/usr/share/icons/Humanity/status/24/gpm-primary-060-charging.svg
/usr/share/icons/Humanity/status/24/gpm-primary-060.svg
/usr/share/icons/Humanity/status/24/gpm-primary-080-charging.svg
/usr/share/icons/Humanity/status/24/gpm-primary-080.svg
/usr/share/icons/Humanity/status/24/gpm-primary-100-charging.svg
/usr/share/icons/Humanity/status/24/gpm-primary-100.svg
/usr/share/icons/Humanity/status/24/gpm-primary-charged.svg
/usr/share/icons/Humanity/status/24/gpm-ups-000-charging.svg
/usr/share/icons/Humanity/status/24/gpm-ups-000.svg
/usr/share/icons/Humanity/status/24/gpm-ups-020-charging.svg
/usr/share/icons/Humanity/status/24/gpm-ups-020.svg
/usr/share/icons/Humanity/status/24/gpm-ups-040-charging.svg
/usr/share/icons/Humanity/status/24/gpm-ups-040.svg
/usr/share/icons/Humanity/status/24/gpm-ups-060-charging.svg
/usr/share/icons/Humanity/status/24/gpm-ups-060.svg
/usr/share/icons/Humanity/status/24/gpm-ups-080-charging.svg
/usr/share/icons/Humanity/status/24/gpm-ups-080.svg
/usr/share/icons/Humanity/status/24/gpm-ups-100-charging.svg
/usr/share/icons/Humanity/status/24/gpm-ups-100.svg
/usr/share/icons/Humanity/status/24/gpm-ups-missing.svg
/usr/share/icons/Humanity/status/24/gtk-dialog-authentication.png
/usr/share/icons/Humanity/status/24/gtk-dialog-error.svg
/usr/share/icons/Humanity/status/24/gtk-dialog-info.svg
/usr/share/icons/Humanity/status/24/gtk-dialog-question.svg
/usr/share/icons/Humanity/status/24/gtk-dialog-warning.svg
/usr/share/icons/Humanity/status/24/gtk-directory.svg
/usr/share/icons/Humanity/status/24/gtk-missing-image.svg
/usr/share/icons/Humanity/status/24/ibus-off.svg
/usr/share/icons/Humanity/status/24/important.svg
/usr/share/icons/Humanity/status/24/info.svg
/usr/share/icons/Humanity/status/24/keys.svg
/usr/share/icons/Humanity/status/24/keys.xpm
/usr/share/icons/Humanity/status/24/krb-valid-ticket.svg
/usr/share/icons/Humanity/status/24/messagebox_critical.svg
/usr/share/icons/Humanity/status/24/messagebox_info.svg
/usr/share/icons/Humanity/status/24/messagebox_warning.svg
/usr/share/icons/Humanity/status/24/network-idle.svg
/usr/share/icons/Humanity/status/24/network-wireless-encrypted.svg
/usr/share/icons/Humanity/status/24/nm-device-wired.svg
/usr/share/icons/Humanity/status/24/nm-signal-0.svg
/usr/share/icons/Humanity/status/24/status_lock.svg
/usr/share/icons/Humanity/status/24/stock_dialog-error.svg
/usr/share/icons/Humanity/status/24/stock_dialog-info.svg
/usr/share/icons/Humanity/status/24/stock_dialog-question.svg
/usr/share/icons/Humanity/status/24/stock_dialog-warning.svg
/usr/share/icons/Humanity/status/24/stock_lock.svg
/usr/share/icons/Humanity/status/24/stock_open.svg
/usr/share/icons/Humanity/status/24/stock_repeat.svg
/usr/share/icons/Humanity/status/24/stock_shuffle.svg
/usr/share/icons/Humanity/status/24/stock_trash_full.svg
/usr/share/icons/Humanity/status/24/stock_unknown.svg
/usr/share/icons/Humanity/status/24/stock_volume-max.svg
/usr/share/icons/Humanity/status/24/stock_volume-med.svg
/usr/share/icons/Humanity/status/24/stock_volume-min.svg
/usr/share/icons/Humanity/status/24/stock_volume-mute.svg
/usr/share/icons/Humanity/status/24/stock_volume.svg
/usr/share/icons/Humanity/status/24/trashcan_full.svg
/usr/share/icons/Humanity/status/24/user-away.svg
/usr/share/icons/Humanity/status/24/user-trash-full.svg
/usr/share/icons/Humanity/status/24/xfce-system-lock.svg
/usr/share/icons/Humanity/status/24/xfce-trash_full.svg
/usr/share/icons/Humanity/status/24/xfce-unknown.svg
/usr/share/icons/Humanity/status/32/dialog-information.svg
/usr/share/icons/Humanity/status/32/dialog-question.svg
/usr/share/icons/Humanity/status/32/error.svg
/usr/share/icons/Humanity/status/32/gnome-dev-wavelan-encrypted.svg
/usr/share/icons/Humanity/status/32/gnome-unknown.svg
/usr/share/icons/Humanity/status/32/gtk-dialog-error.svg
/usr/share/icons/Humanity/status/32/gtk-dialog-info.svg
/usr/share/icons/Humanity/status/32/gtk-dialog-question.svg
/usr/share/icons/Humanity/status/32/gtk-dialog-warning.svg
/usr/share/icons/Humanity/status/32/gtk-missing-image.svg
/usr/share/icons/Humanity/status/32/important.svg
/usr/share/icons/Humanity/status/32/info.svg
/usr/share/icons/Humanity/status/32/keys.svg
/usr/share/icons/Humanity/status/32/keys.xpm
/usr/share/icons/Humanity/status/32/messagebox_critical.svg
/usr/share/icons/Humanity/status/32/messagebox_info.svg
/usr/share/icons/Humanity/status/32/messagebox_warning.svg
/usr/share/icons/Humanity/status/32/network-wireless-encrypted.svg
/usr/share/icons/Humanity/status/32/status_lock.svg
/usr/share/icons/Humanity/status/32/stock_dialog-error.svg
/usr/share/icons/Humanity/status/32/stock_dialog-info.svg
/usr/share/icons/Humanity/status/32/stock_dialog-question.svg
/usr/share/icons/Humanity/status/32/stock_dialog-warning.svg
/usr/share/icons/Humanity/status/32/stock_lock.svg
/usr/share/icons/Humanity/status/32/stock_unknown.svg
/usr/share/icons/Humanity/status/32/xfce-system-lock.svg
/usr/share/icons/Humanity/status/32/xfce-unknown.svg
/usr/share/icons/Humanity/status/48/aptdaemon-download.svg
/usr/share/icons/Humanity/status/48/aptdaemon-update-cache.svg
/usr/share/icons/Humanity/status/48/aptdaemon-upgrade.svg
/usr/share/icons/Humanity/status/48/battery-caution.svg
/usr/share/icons/Humanity/status/48/battery-low.svg
/usr/share/icons/Humanity/status/48/battery_plugged.svg
/usr/share/icons/Humanity/status/48/battery_third_fourth.svg
/usr/share/icons/Humanity/status/48/battery_two_thirds.svg
/usr/share/icons/Humanity/status/48/dialog-info.svg
/usr/share/icons/Humanity/status/48/dialog-information.svg
/usr/share/icons/Humanity/status/48/dialog-password.svg
/usr/share/icons/Humanity/status/48/dialog-question.svg
/usr/share/icons/Humanity/status/48/edittrash.svg
/usr/share/icons/Humanity/status/48/error.svg
/usr/share/icons/Humanity/status/48/folder-open.svg
/usr/share/icons/Humanity/status/48/folder-visiting.svg
/usr/share/icons/Humanity/status/48/folder_open.svg
/usr/share/icons/Humanity/status/48/gnome-dev-wavelan-encrypted.svg
/usr/share/icons/Humanity/status/48/gnome-fs-directory-visiting.svg
/usr/share/icons/Humanity/status/48/gnome-fs-loading-icon.svg
/usr/share/icons/Humanity/status/48/gnome-fs-trash-full.svg
/usr/share/icons/Humanity/status/48/gnome-stock-trash-full.svg
/usr/share/icons/Humanity/status/48/gnome-unknown.svg
/usr/share/icons/Humanity/status/48/gpm-ac-adapter.svg
/usr/share/icons/Humanity/status/48/gpm-battery-000-charging.svg
/usr/share/icons/Humanity/status/48/gpm-battery-000.svg
/usr/share/icons/Humanity/status/48/gpm-battery-020-charging.svg
/usr/share/icons/Humanity/status/48/gpm-battery-020.svg
/usr/share/icons/Humanity/status/48/gpm-battery-040-charging.svg
/usr/share/icons/Humanity/status/48/gpm-battery-040.svg
/usr/share/icons/Humanity/status/48/gpm-battery-060-charging.svg
/usr/share/icons/Humanity/status/48/gpm-battery-060.svg
/usr/share/icons/Humanity/status/48/gpm-battery-080-charging.svg
/usr/share/icons/Humanity/status/48/gpm-battery-080.svg
/usr/share/icons/Humanity/status/48/gpm-battery-100-charging.svg
/usr/share/icons/Humanity/status/48/gpm-battery-100.svg
/usr/share/icons/Humanity/status/48/gpm-battery-charged.svg
/usr/share/icons/Humanity/status/48/gpm-primary-000.svg
/usr/share/icons/Humanity/status/48/gpm-primary-100.svg
/usr/share/icons/Humanity/status/48/gpm-primary-charged.svg
/usr/share/icons/Humanity/status/48/gtk-dialog-authentication.svg
/usr/share/icons/Humanity/status/48/gtk-dialog-error.svg
/usr/share/icons/Humanity/status/48/gtk-dialog-info.svg
/usr/share/icons/Humanity/status/48/gtk-dialog-question.svg
/usr/share/icons/Humanity/status/48/gtk-dialog-warning.svg
/usr/share/icons/Humanity/status/48/gtk-directory.svg
/usr/share/icons/Humanity/status/48/gtk-missing-image.svg
/usr/share/icons/Humanity/status/48/important.svg
/usr/share/icons/Humanity/status/48/info.svg
/usr/share/icons/Humanity/status/48/keys.svg
/usr/share/icons/Humanity/status/48/keys.xpm
/usr/share/icons/Humanity/status/48/messagebox_critical.svg
/usr/share/icons/Humanity/status/48/messagebox_info.svg
/usr/share/icons/Humanity/status/48/messagebox_warning.svg
/usr/share/icons/Humanity/status/48/network-wireless-encrypted.svg
/usr/share/icons/Humanity/status/48/status_lock.svg
/usr/share/icons/Humanity/status/48/stock_dialog-error.svg
/usr/share/icons/Humanity/status/48/stock_dialog-info.svg
/usr/share/icons/Humanity/status/48/stock_dialog-question.svg
/usr/share/icons/Humanity/status/48/stock_dialog-warning.svg
/usr/share/icons/Humanity/status/48/stock_lock.svg
/usr/share/icons/Humanity/status/48/stock_open.svg
/usr/share/icons/Humanity/status/48/stock_repeat.svg
/usr/share/icons/Humanity/status/48/stock_shuffle.svg
/usr/share/icons/Humanity/status/48/stock_trash_full.svg
/usr/share/icons/Humanity/status/48/stock_unknown.svg
/usr/share/icons/Humanity/status/48/stock_weather-cloudy.svg
/usr/share/icons/Humanity/status/48/stock_weather-few-clouds.svg
/usr/share/icons/Humanity/status/48/stock_weather-night-clear.svg
/usr/share/icons/Humanity/status/48/stock_weather-night-few-clouds.svg
/usr/share/icons/Humanity/status/48/stock_weather-showers.svg
/usr/share/icons/Humanity/status/48/stock_weather-snow.svg
/usr/share/icons/Humanity/status/48/stock_weather-storm.svg
/usr/share/icons/Humanity/status/48/stock_weather-sunny.svg
/usr/share/icons/Humanity/status/48/sunny.svg
/usr/share/icons/Humanity/status/48/trashcan_full.svg
/usr/share/icons/Humanity/status/48/user-trash-full.svg
/usr/share/icons/Humanity/status/48/weather-clear-night-000.svg
/usr/share/icons/Humanity/status/48/weather-clear-night-010.svg
/usr/share/icons/Humanity/status/48/weather-clear-night-020.svg
/usr/share/icons/Humanity/status/48/weather-clear-night-030.svg
/usr/share/icons/Humanity/status/48/weather-clear-night-040.svg
/usr/share/icons/Humanity/status/48/weather-clear-night-050.svg
/usr/share/icons/Humanity/status/48/weather-clear-night-060.svg
/usr/share/icons/Humanity/status/48/weather-clear-night-070.svg
/usr/share/icons/Humanity/status/48/weather-clear-night-080.svg
/usr/share/icons/Humanity/status/48/weather-clear-night-090.svg
/usr/share/icons/Humanity/status/48/weather-clear-night-100.svg
/usr/share/icons/Humanity/status/48/weather-clear-night-110.svg
/usr/share/icons/Humanity/status/48/weather-clear-night-120.svg
/usr/share/icons/Humanity/status/48/weather-clear-night-130.svg
/usr/share/icons/Humanity/status/48/weather-clear-night-140.svg
/usr/share/icons/Humanity/status/48/weather-clear-night-150.svg
/usr/share/icons/Humanity/status/48/weather-clear-night-160.svg
/usr/share/icons/Humanity/status/48/weather-clear-night-170.svg
/usr/share/icons/Humanity/status/48/weather-clear-night-180.svg
/usr/share/icons/Humanity/status/48/weather-clear-night-190.svg
/usr/share/icons/Humanity/status/48/weather-clear-night-200.svg
/usr/share/icons/Humanity/status/48/weather-clear-night-210.svg
/usr/share/icons/Humanity/status/48/weather-clear-night-220.svg
/usr/share/icons/Humanity/status/48/weather-clear-night-230.svg
/usr/share/icons/Humanity/status/48/weather-clear-night-240.svg
/usr/share/icons/Humanity/status/48/weather-clear-night-250.svg
/usr/share/icons/Humanity/status/48/weather-clear-night-260.svg
/usr/share/icons/Humanity/status/48/weather-clear-night-270.svg
/usr/share/icons/Humanity/status/48/weather-clear-night-280.svg
/usr/share/icons/Humanity/status/48/weather-clear-night-290.svg
/usr/share/icons/Humanity/status/48/weather-clear-night-300.svg
/usr/share/icons/Humanity/status/48/weather-clear-night-310.svg
/usr/share/icons/Humanity/status/48/weather-clear-night-320.svg
/usr/share/icons/Humanity/status/48/weather-clear-night-330.svg
/usr/share/icons/Humanity/status/48/weather-clear-night-340.svg
/usr/share/icons/Humanity/status/48/weather-clear-night-350.svg
/usr/share/icons/Humanity/status/48/weather-few-clouds-night-000.svg
/usr/share/icons/Humanity/status/48/weather-few-clouds-night-010.svg
/usr/share/icons/Humanity/status/48/weather-few-clouds-night-020.svg
/usr/share/icons/Humanity/status/48/weather-few-clouds-night-030.svg
/usr/share/icons/Humanity/status/48/weather-few-clouds-night-040.svg
/usr/share/icons/Humanity/status/48/weather-few-clouds-night-050.svg
/usr/share/icons/Humanity/status/48/weather-few-clouds-night-060.svg
/usr/share/icons/Humanity/status/48/weather-few-clouds-night-070.svg
/usr/share/icons/Humanity/status/48/weather-few-clouds-night-080.svg
/usr/share/icons/Humanity/status/48/weather-few-clouds-night-090.svg
/usr/share/icons/Humanity/status/48/weather-few-clouds-night-100.svg
/usr/share/icons/Humanity/status/48/weather-few-clouds-night-110.svg
/usr/share/icons/Humanity/status/48/weather-few-clouds-night-120.svg
/usr/share/icons/Humanity/status/48/weather-few-clouds-night-130.svg
/usr/share/icons/Humanity/status/48/weather-few-clouds-night-140.svg
/usr/share/icons/Humanity/status/48/weather-few-clouds-night-150.svg
/usr/share/icons/Humanity/status/48/weather-few-clouds-night-160.svg
/usr/share/icons/Humanity/status/48/weather-few-clouds-night-170.svg
/usr/share/icons/Humanity/status/48/weather-few-clouds-night-180.svg
/usr/share/icons/Humanity/status/48/weather-few-clouds-night-190.svg
/usr/share/icons/Humanity/status/48/weather-few-clouds-night-200.svg
/usr/share/icons/Humanity/status/48/weather-few-clouds-night-210.svg
/usr/share/icons/Humanity/status/48/weather-few-clouds-night-220.svg
/usr/share/icons/Humanity/status/48/weather-few-clouds-night-230.svg
/usr/share/icons/Humanity/status/48/weather-few-clouds-night-240.svg
/usr/share/icons/Humanity/status/48/weather-few-clouds-night-250.svg
/usr/share/icons/Humanity/status/48/weather-few-clouds-night-260.svg
/usr/share/icons/Humanity/status/48/weather-few-clouds-night-270.svg
/usr/share/icons/Humanity/status/48/weather-few-clouds-night-280.svg
/usr/share/icons/Humanity/status/48/weather-few-clouds-night-290.svg
/usr/share/icons/Humanity/status/48/weather-few-clouds-night-300.svg
/usr/share/icons/Humanity/status/48/weather-few-clouds-night-310.svg
/usr/share/icons/Humanity/status/48/weather-few-clouds-night-320.svg
/usr/share/icons/Humanity/status/48/weather-few-clouds-night-330.svg
/usr/share/icons/Humanity/status/48/weather-few-clouds-night-340.svg
/usr/share/icons/Humanity/status/48/weather-few-clouds-night-350.svg
/usr/share/icons/Humanity/status/48/xfce-system-lock.svg
/usr/share/icons/Humanity/status/48/xfce-trash_full.svg
/usr/share/icons/Humanity/status/48/xfce-unknown.svg
/usr/share/icons/Humanity/status/64/dialog-information.svg
/usr/share/icons/Humanity/status/64/dialog-question.svg
/usr/share/icons/Humanity/status/64/error.svg
/usr/share/icons/Humanity/status/64/gnome-unknown.svg
/usr/share/icons/Humanity/status/64/gtk-dialog-error.svg
/usr/share/icons/Humanity/status/64/gtk-dialog-info.svg
/usr/share/icons/Humanity/status/64/gtk-dialog-question.svg
/usr/share/icons/Humanity/status/64/gtk-dialog-warning.svg
/usr/share/icons/Humanity/status/64/important.svg
/usr/share/icons/Humanity/status/64/info.svg
/usr/share/icons/Humanity/status/64/messagebox_critical.svg
/usr/share/icons/Humanity/status/64/messagebox_info.svg
/usr/share/icons/Humanity/status/64/messagebox_warning.svg
/usr/share/icons/Humanity/status/64/stock_dialog-error.svg
/usr/share/icons/Humanity/status/64/stock_dialog-info.svg
/usr/share/icons/Humanity/status/64/stock_dialog-question.svg
/usr/share/icons/Humanity/status/64/stock_dialog-warning.svg
/usr/share/icons/Humanity/status/64/stock_unknown.svg
/usr/share/icons/Humanity/status/64/xfce-unknown.svg
/usr/share/icons/Humanity/status/scalable/folder-drag-accept.svg
/usr/share/icons/Humanity/status@2
/usr/share/icons/Humanity/stock/16/stock_new-meeting.svg
/usr/share/icons/Humanity/stock/16/stock_people.svg
/usr/share/icons/Humanity/stock/16/stock_zoom-page.svg
/usr/share/icons/Humanity/stock/22/stock_new-meeting.svg
/usr/share/icons/Humanity/stock/22/stock_notes.svg
/usr/share/icons/Humanity/stock/22/stock_people.svg
/usr/share/icons/Humanity/stock/22/stock_zoom-page.svg
/usr/share/icons/Humanity/stock/24/stock_new-meeting.svg
/usr/share/icons/Humanity/stock/24/stock_notes.svg
/usr/share/icons/Humanity/stock/24/stock_people.svg
/usr/share/icons/Humanity/stock/24/stock_zoom-page.svg
/usr/share/icons/Humanity/stock/32/stock_new-meeting.svg
/usr/share/icons/Humanity/stock/32/stock_people.svg
/usr/share/icons/Humanity/stock/48/stock_new-meeting.svg
/usr/share/icons/Humanity/stock/48/stock_people.svg
/usr/share/icons/Humanity/stock/48/stock_zoom-page.svg
/usr/share/icons/Humanity/stock@2
/usr/share/icons/Humanity-Dark/actions/16/system-shutdown-panel-restart.svg
/usr/share/icons/Humanity-Dark/actions@2
/usr/share/icons/Humanity-Dark/apps/16/nm-secure-lock.svg
/usr/share/icons/Humanity-Dark/apps/16/nm-vpn-active-lock.svg
/usr/share/icons/Humanity-Dark/apps/22/gnome-netstatus-0-24.svg
/usr/share/icons/Humanity-Dark/apps/22/gnome-netstatus-25-49.svg
/usr/share/icons/Humanity-Dark/apps/22/gnome-netstatus-50-74.svg
/usr/share/icons/Humanity-Dark/apps/22/gnome-netstatus-75-100.svg
/usr/share/icons/Humanity-Dark/apps/22/nm-secure-lock.svg
/usr/share/icons/Humanity-Dark/apps/22/nm-signal-0.svg
/usr/share/icons/Humanity-Dark/apps/22/nm-signal-00.svg
/usr/share/icons/Humanity-Dark/apps/22/nm-signal-100.svg
/usr/share/icons/Humanity-Dark/apps/22/nm-signal-25.svg
/usr/share/icons/Humanity-Dark/apps/22/nm-signal-50.svg
/usr/share/icons/Humanity-Dark/apps/22/nm-signal-75.svg
/usr/share/icons/Humanity-Dark/apps/22/nm-stage02-connecting07.svg
/usr/share/icons/Humanity-Dark/apps/22/nm-stage02-connecting08.svg
/usr/share/icons/Humanity-Dark/apps/22/nm-stage02-connecting09.svg
/usr/share/icons/Humanity-Dark/apps/22/nm-stage02-connecting10.svg
/usr/share/icons/Humanity-Dark/apps/22/nm-vpn-active-lock.svg
/usr/share/icons/Humanity-Dark/apps/22/nm-vpn-connecting05.svg
/usr/share/icons/Humanity-Dark/apps/22/nm-vpn-connecting06.svg
/usr/share/icons/Humanity-Dark/apps/22/nm-vpn-connecting07.svg
/usr/share/icons/Humanity-Dark/apps/22/nm-vpn-connecting08.svg
/usr/share/icons/Humanity-Dark/apps/22/nm-vpn-connecting09.svg
/usr/share/icons/Humanity-Dark/apps/22/nm-vpn-connecting10.svg
/usr/share/icons/Humanity-Dark/apps/22/nm-vpn-connecting11.svg
/usr/share/icons/Humanity-Dark/apps/22/nm-vpn-connecting12.svg
/usr/share/icons/Humanity-Dark/apps/22/nm-vpn-connecting13.svg
/usr/share/icons/Humanity-Dark/apps/22/nm-vpn-connecting14.svg
/usr/share/icons/Humanity-Dark/apps/22/wifi-020.svg
/usr/share/icons/Humanity-Dark/apps/22/wifi-040.svg
/usr/share/icons/Humanity-Dark/apps/22/wifi-060.svg
/usr/share/icons/Humanity-Dark/apps/22/wifi-080.svg
/usr/share/icons/Humanity-Dark/apps/22/wifi-100.svg
/usr/share/icons/Humanity-Dark/apps/24/nm-secure-lock.svg
/usr/share/icons/Humanity-Dark/apps/24/nm-stage02-connecting07.svg
/usr/share/icons/Humanity-Dark/apps/24/nm-stage02-connecting08.svg
/usr/share/icons/Humanity-Dark/apps/24/nm-stage02-connecting09.svg
/usr/share/icons/Humanity-Dark/apps/24/nm-stage02-connecting10.svg
/usr/share/icons/Humanity-Dark/apps/24/nm-vpn-active-lock.svg
/usr/share/icons/Humanity-Dark/apps/24/nm-vpn-connecting05.svg
/usr/share/icons/Humanity-Dark/apps/24/nm-vpn-connecting06.svg
/usr/share/icons/Humanity-Dark/apps/24/nm-vpn-connecting07.svg
/usr/share/icons/Humanity-Dark/apps/24/nm-vpn-connecting08.svg
/usr/share/icons/Humanity-Dark/apps/24/nm-vpn-connecting09.svg
/usr/share/icons/Humanity-Dark/apps/24/nm-vpn-connecting10.svg
/usr/share/icons/Humanity-Dark/apps/24/nm-vpn-connecting11.svg
/usr/share/icons/Humanity-Dark/apps/24/nm-vpn-connecting12.svg
/usr/share/icons/Humanity-Dark/apps/24/nm-vpn-connecting13.svg
/usr/share/icons/Humanity-Dark/apps/24/nm-vpn-connecting14.svg
/usr/share/icons/Humanity-Dark/apps@2
/usr/share/icons/Humanity-Dark/devices/22/gnome-dev-ethernet.svg
/usr/share/icons/Humanity-Dark/devices/22/gnome-dev-wavelan.svg
/usr/share/icons/Humanity-Dark/devices/22/network-wired.svg
/usr/share/icons/Humanity-Dark/devices/22/network-wireless.svg
/usr/share/icons/Humanity-Dark/devices/22/nm-device-wired.svg
/usr/share/icons/Humanity-Dark/devices/24/gnome-dev-ethernet.svg
/usr/share/icons/Humanity-Dark/devices/24/gnome-dev-wavelan.svg
/usr/share/icons/Humanity-Dark/devices/24/network-wired.svg
/usr/share/icons/Humanity-Dark/devices/24/network-wireless.svg
/usr/share/icons/Humanity-Dark/devices/24/nm-device-wired.svg
/usr/share/icons/Humanity-Dark/devices@2
/usr/share/icons/Humanity-Dark/places/16/distributor-logo.svg
/usr/share/icons/Humanity-Dark/places/16/gnome-main-menu.svg
/usr/share/icons/Humanity-Dark/places/16/novell-button.svg
/usr/share/icons/Humanity-Dark/places/22/distributor-logo.svg
/usr/share/icons/Humanity-Dark/places/22/gnome-main-menu.svg
/usr/share/icons/Humanity-Dark/places/22/novell-button.svg
/usr/share/icons/Humanity-Dark/places/24/distributor-logo.svg
/usr/share/icons/Humanity-Dark/places/24/gnome-main-menu.svg
/usr/share/icons/Humanity-Dark/places/24/novell-button.svg
/usr/share/icons/Humanity-Dark/places/48/distributor-logo.svg
/usr/share/icons/Humanity-Dark/places/48/gnome-main-menu.svg
/usr/share/icons/Humanity-Dark/places/48/novell-button.svg
/usr/share/icons/Humanity-Dark/places/64/distributor-logo.svg
/usr/share/icons/Humanity-Dark/places/64/gnome-main-menu.svg
/usr/share/icons/Humanity-Dark/places/64/novell-button.svg
/usr/share/icons/Humanity-Dark/places@2
/usr/share/icons/Humanity-Dark/status/16/audio-volume-low-zero-panel.svg
/usr/share/icons/Humanity-Dark/status/16/audio-volume-muted-blocking-panel.svg
/usr/share/icons/Humanity-Dark/status/16/battery-caution.svg
/usr/share/icons/Humanity-Dark/status/16/battery-low.svg
/usr/share/icons/Humanity-Dark/status/16/battery_charged.svg
/usr/share/icons/Humanity-Dark/status/16/battery_empty.svg
/usr/share/icons/Humanity-Dark/status/16/battery_full.svg
/usr/share/icons/Humanity-Dark/status/16/battery_plugged.svg
/usr/share/icons/Humanity-Dark/status/16/blueman-tray.svg
/usr/share/icons/Humanity-Dark/status/16/gpm-battery-empty.svg
/usr/share/icons/Humanity-Dark/status/16/gpm-primary-000-charging.svg
/usr/share/icons/Humanity-Dark/status/16/gpm-primary-000.svg
/usr/share/icons/Humanity-Dark/status/16/gpm-primary-020-charging.svg
/usr/share/icons/Humanity-Dark/status/16/gpm-primary-020.svg
/usr/share/icons/Humanity-Dark/status/16/gpm-primary-040-charging.svg
/usr/share/icons/Humanity-Dark/status/16/gpm-primary-040.svg
/usr/share/icons/Humanity-Dark/status/16/gpm-primary-060-charging.svg
/usr/share/icons/Humanity-Dark/status/16/gpm-primary-060.svg
/usr/share/icons/Humanity-Dark/status/16/gpm-primary-080-charging.svg
/usr/share/icons/Humanity-Dark/status/16/gpm-primary-080.svg
/usr/share/icons/Humanity-Dark/status/16/gpm-primary-100-charging.svg
/usr/share/icons/Humanity-Dark/status/16/gpm-primary-100.svg
/usr/share/icons/Humanity-Dark/status/16/gpm-primary-charged.svg
/usr/share/icons/Humanity-Dark/status/16/gpm-ups-000-charging.svg
/usr/share/icons/Humanity-Dark/status/16/gpm-ups-020-charging.svg
/usr/share/icons/Humanity-Dark/status/16/gpm-ups-020.svg
/usr/share/icons/Humanity-Dark/status/16/gpm-ups-040-charging.svg
/usr/share/icons/Humanity-Dark/status/16/gpm-ups-040.svg
/usr/share/icons/Humanity-Dark/status/16/gpm-ups-060-charging.svg
/usr/share/icons/Humanity-Dark/status/16/gpm-ups-060.svg
/usr/share/icons/Humanity-Dark/status/16/gpm-ups-080-charging.svg
/usr/share/icons/Humanity-Dark/status/16/gpm-ups-080.svg
/usr/share/icons/Humanity-Dark/status/16/gpm-ups-100-charging.svg
/usr/share/icons/Humanity-Dark/status/16/gpm-ups-100.svg
/usr/share/icons/Humanity-Dark/status/16/ibus-off.svg
/usr/share/icons/Humanity-Dark/status/16/krb-valid-ticket.svg
/usr/share/icons/Humanity-Dark/status/16/stock_volume-0.svg
/usr/share/icons/Humanity-Dark/status/16/stock_volume-max.svg
/usr/share/icons/Humanity-Dark/status/16/stock_volume-med.svg
/usr/share/icons/Humanity-Dark/status/16/stock_volume-min.svg
/usr/share/icons/Humanity-Dark/status/16/stock_volume-mute.svg
/usr/share/icons/Humanity-Dark/status/16/stock_volume.svg
/usr/share/icons/Humanity-Dark/status/16/stock_weather-cloudy.svg
/usr/share/icons/Humanity-Dark/status/16/stock_weather-few-clouds.svg
/usr/share/icons/Humanity-Dark/status/16/stock_weather-fog.svg
/usr/share/icons/Humanity-Dark/status/16/stock_weather-night-clear.svg
/usr/share/icons/Humanity-Dark/status/16/stock_weather-night-few-clouds.svg
/usr/share/icons/Humanity-Dark/status/16/stock_weather-showers.svg
/usr/share/icons/Humanity-Dark/status/16/stock_weather-snow.svg
/usr/share/icons/Humanity-Dark/status/16/stock_weather-storm.svg
/usr/share/icons/Humanity-Dark/status/16/stock_weather-sunny.svg
/usr/share/icons/Humanity-Dark/status/16/sunny.svg
/usr/share/icons/Humanity-Dark/status/16/weather-clear-night-000.svg
/usr/share/icons/Humanity-Dark/status/16/weather-clear-night-010.svg
/usr/share/icons/Humanity-Dark/status/16/weather-clear-night-020.svg
/usr/share/icons/Humanity-Dark/status/16/weather-clear-night-030.svg
/usr/share/icons/Humanity-Dark/status/16/weather-clear-night-040.svg
/usr/share/icons/Humanity-Dark/status/16/weather-clear-night-050.svg
/usr/share/icons/Humanity-Dark/status/16/weather-clear-night-060.svg
/usr/share/icons/Humanity-Dark/status/16/weather-clear-night-070.svg
/usr/share/icons/Humanity-Dark/status/16/weather-clear-night-080.svg
/usr/share/icons/Humanity-Dark/status/16/weather-clear-night-090.svg
/usr/share/icons/Humanity-Dark/status/16/weather-clear-night-100.svg
/usr/share/icons/Humanity-Dark/status/16/weather-clear-night-110.svg
/usr/share/icons/Humanity-Dark/status/16/weather-clear-night-120.svg
/usr/share/icons/Humanity-Dark/status/16/weather-clear-night-130.svg
/usr/share/icons/Humanity-Dark/status/16/weather-clear-night-140.svg
/usr/share/icons/Humanity-Dark/status/16/weather-clear-night-150.svg
/usr/share/icons/Humanity-Dark/status/16/weather-clear-night-160.svg
/usr/share/icons/Humanity-Dark/status/16/weather-clear-night-170.svg
/usr/share/icons/Humanity-Dark/status/16/weather-clear-night-180.svg
/usr/share/icons/Humanity-Dark/status/16/weather-clear-night-190.svg
/usr/share/icons/Humanity-Dark/status/16/weather-clear-night-200.svg
/usr/share/icons/Humanity-Dark/status/16/weather-clear-night-210.svg
/usr/share/icons/Humanity-Dark/status/16/weather-clear-night-220.svg
/usr/share/icons/Humanity-Dark/status/16/weather-clear-night-230.svg
/usr/share/icons/Humanity-Dark/status/16/weather-clear-night-240.svg
/usr/share/icons/Humanity-Dark/status/16/weather-clear-night-250.svg
/usr/share/icons/Humanity-Dark/status/16/weather-clear-night-260.svg
/usr/share/icons/Humanity-Dark/status/16/weather-clear-night-270.svg
/usr/share/icons/Humanity-Dark/status/16/weather-clear-night-280.svg
/usr/share/icons/Humanity-Dark/status/16/weather-clear-night-290.svg
/usr/share/icons/Humanity-Dark/status/16/weather-clear-night-300.svg
/usr/share/icons/Humanity-Dark/status/16/weather-clear-night-310.svg
/usr/share/icons/Humanity-Dark/status/16/weather-clear-night-320.svg
/usr/share/icons/Humanity-Dark/status/16/weather-clear-night-330.svg
/usr/share/icons/Humanity-Dark/status/16/weather-clear-night-340.svg
/usr/share/icons/Humanity-Dark/status/16/weather-clear-night-350.svg
/usr/share/icons/Humanity-Dark/status/16/weather-few-clouds-night-000.svg
/usr/share/icons/Humanity-Dark/status/16/weather-few-clouds-night-010.svg
/usr/share/icons/Humanity-Dark/status/16/weather-few-clouds-night-020.svg
/usr/share/icons/Humanity-Dark/status/16/weather-few-clouds-night-030.svg
/usr/share/icons/Humanity-Dark/status/16/weather-few-clouds-night-040.svg
/usr/share/icons/Humanity-Dark/status/16/weather-few-clouds-night-050.svg
/usr/share/icons/Humanity-Dark/status/16/weather-few-clouds-night-060.svg
/usr/share/icons/Humanity-Dark/status/16/weather-few-clouds-night-070.svg
/usr/share/icons/Humanity-Dark/status/16/weather-few-clouds-night-080.svg
/usr/share/icons/Humanity-Dark/status/16/weather-few-clouds-night-090.svg
/usr/share/icons/Humanity-Dark/status/16/weather-few-clouds-night-100.svg
/usr/share/icons/Humanity-Dark/status/16/weather-few-clouds-night-110.svg
/usr/share/icons/Humanity-Dark/status/16/weather-few-clouds-night-120.svg
/usr/share/icons/Humanity-Dark/status/16/weather-few-clouds-night-130.svg
/usr/share/icons/Humanity-Dark/status/16/weather-few-clouds-night-140.svg
/usr/share/icons/Humanity-Dark/status/16/weather-few-clouds-night-150.svg
/usr/share/icons/Humanity-Dark/status/16/weather-few-clouds-night-160.svg
/usr/share/icons/Humanity-Dark/status/16/weather-few-clouds-night-170.svg
/usr/share/icons/Humanity-Dark/status/16/weather-few-clouds-night-180.svg
/usr/share/icons/Humanity-Dark/status/16/weather-few-clouds-night-190.svg
/usr/share/icons/Humanity-Dark/status/16/weather-few-clouds-night-200.svg
/usr/share/icons/Humanity-Dark/status/16/weather-few-clouds-night-210.svg
/usr/share/icons/Humanity-Dark/status/16/weather-few-clouds-night-220.svg
/usr/share/icons/Humanity-Dark/status/16/weather-few-clouds-night-230.svg
/usr/share/icons/Humanity-Dark/status/16/weather-few-clouds-night-240.svg
/usr/share/icons/Humanity-Dark/status/16/weather-few-clouds-night-250.svg
/usr/share/icons/Humanity-Dark/status/16/weather-few-clouds-night-260.svg
/usr/share/icons/Humanity-Dark/status/16/weather-few-clouds-night-270.svg
/usr/share/icons/Humanity-Dark/status/16/weather-few-clouds-night-280.svg
/usr/share/icons/Humanity-Dark/status/16/weather-few-clouds-night-290.svg
/usr/share/icons/Humanity-Dark/status/16/weather-few-clouds-night-300.svg
/usr/share/icons/Humanity-Dark/status/16/weather-few-clouds-night-310.svg
/usr/share/icons/Humanity-Dark/status/16/weather-few-clouds-night-320.svg
/usr/share/icons/Humanity-Dark/status/16/weather-few-clouds-night-330.svg
/usr/share/icons/Humanity-Dark/status/16/weather-few-clouds-night-340.svg
/usr/share/icons/Humanity-Dark/status/16/weather-few-clouds-night-350.svg
/usr/share/icons/Humanity-Dark/status/22/audio-volume-low-zero-panel.svg
/usr/share/icons/Humanity-Dark/status/22/audio-volume-muted-blocking-panel.svg
/usr/share/icons/Humanity-Dark/status/22/banshee-panel.svg
/usr/share/icons/Humanity-Dark/status/22/battery-caution.svg
/usr/share/icons/Humanity-Dark/status/22/battery-low.svg
/usr/share/icons/Humanity-Dark/status/22/battery_charged.svg
/usr/share/icons/Humanity-Dark/status/22/battery_empty.svg
/usr/share/icons/Humanity-Dark/status/22/battery_full.svg
/usr/share/icons/Humanity-Dark/status/22/battery_plugged.svg
/usr/share/icons/Humanity-Dark/status/22/connect_creating.svg
/usr/share/icons/Humanity-Dark/status/22/connect_established.svg
/usr/share/icons/Humanity-Dark/status/22/connect_no.svg
/usr/share/icons/Humanity-Dark/status/22/gnome-netstatus-0-24.svg
/usr/share/icons/Humanity-Dark/status/22/gnome-netstatus-25-49.svg
/usr/share/icons/Humanity-Dark/status/22/gnome-netstatus-50-74.svg
/usr/share/icons/Humanity-Dark/status/22/gnome-netstatus-75-100.svg
/usr/share/icons/Humanity-Dark/status/22/gnome-netstatus-disconn.svg
/usr/share/icons/Humanity-Dark/status/22/gnome-netstatus-error.svg
/usr/share/icons/Humanity-Dark/status/22/gnome-netstatus-idle.svg
/usr/share/icons/Humanity-Dark/status/22/gnome-netstatus-rx.svg
/usr/share/icons/Humanity-Dark/status/22/gnome-netstatus-tx.svg
/usr/share/icons/Humanity-Dark/status/22/gnome-netstatus-txrx.svg
/usr/share/icons/Humanity-Dark/status/22/gpm-battery-empty.svg
/usr/share/icons/Humanity-Dark/status/22/gpm-primary-000-charging.svg
/usr/share/icons/Humanity-Dark/status/22/gpm-primary-000.svg
/usr/share/icons/Humanity-Dark/status/22/gpm-primary-020-charging.svg
/usr/share/icons/Humanity-Dark/status/22/gpm-primary-020.svg
/usr/share/icons/Humanity-Dark/status/22/gpm-primary-040-charging.svg
/usr/share/icons/Humanity-Dark/status/22/gpm-primary-040.svg
/usr/share/icons/Humanity-Dark/status/22/gpm-primary-060-charging.svg
/usr/share/icons/Humanity-Dark/status/22/gpm-primary-060.svg
/usr/share/icons/Humanity-Dark/status/22/gpm-primary-080-charging.svg
/usr/share/icons/Humanity-Dark/status/22/gpm-primary-080.svg
/usr/share/icons/Humanity-Dark/status/22/gpm-primary-100-charging.svg
/usr/share/icons/Humanity-Dark/status/22/gpm-primary-100.svg
/usr/share/icons/Humanity-Dark/status/22/gpm-primary-charged.svg
/usr/share/icons/Humanity-Dark/status/22/gpm-ups-000-charging.svg
/usr/share/icons/Humanity-Dark/status/22/gpm-ups-000.svg
/usr/share/icons/Humanity-Dark/status/22/gpm-ups-020-charging.svg
/usr/share/icons/Humanity-Dark/status/22/gpm-ups-020.svg
/usr/share/icons/Humanity-Dark/status/22/gpm-ups-040-charging.svg
/usr/share/icons/Humanity-Dark/status/22/gpm-ups-040.svg
/usr/share/icons/Humanity-Dark/status/22/gpm-ups-060-charging.svg
/usr/share/icons/Humanity-Dark/status/22/gpm-ups-060.svg
/usr/share/icons/Humanity-Dark/status/22/gpm-ups-080-charging.svg
/usr/share/icons/Humanity-Dark/status/22/gpm-ups-080.svg
/usr/share/icons/Humanity-Dark/status/22/gpm-ups-100-charging.svg
/usr/share/icons/Humanity-Dark/status/22/gpm-ups-100.svg
/usr/share/icons/Humanity-Dark/status/22/ibus-off.svg
/usr/share/icons/Humanity-Dark/status/22/krb-valid-ticket.svg
/usr/share/icons/Humanity-Dark/status/22/network-idle.svg
/usr/share/icons/Humanity-Dark/status/22/nm-device-wired.svg
/usr/share/icons/Humanity-Dark/status/22/nm-signal-0.svg
/usr/share/icons/Humanity-Dark/status/22/stock_volume-0.svg
/usr/share/icons/Humanity-Dark/status/22/stock_volume-max.svg
/usr/share/icons/Humanity-Dark/status/22/stock_volume-med.svg
/usr/share/icons/Humanity-Dark/status/22/stock_volume-min.svg
/usr/share/icons/Humanity-Dark/status/22/stock_volume-mute.svg
/usr/share/icons/Humanity-Dark/status/22/stock_volume.svg
/usr/share/icons/Humanity-Dark/status/24/audio-volume-low-zero-panel.svg
/usr/share/icons/Humanity-Dark/status/24/audio-volume-muted-blocking-panel.svg
/usr/share/icons/Humanity-Dark/status/24/banshee-panel.svg
/usr/share/icons/Humanity-Dark/status/24/battery-caution.svg
/usr/share/icons/Humanity-Dark/status/24/battery-low.svg
/usr/share/icons/Humanity-Dark/status/24/battery_charged.svg
/usr/share/icons/Humanity-Dark/status/24/battery_empty.svg
/usr/share/icons/Humanity-Dark/status/24/battery_full.svg
/usr/share/icons/Humanity-Dark/status/24/battery_plugged.svg
/usr/share/icons/Humanity-Dark/status/24/blueman-tray.svg
/usr/share/icons/Humanity-Dark/status/24/connect_creating.svg
/usr/share/icons/Humanity-Dark/status/24/connect_established.svg
/usr/share/icons/Humanity-Dark/status/24/connect_no.svg
/usr/share/icons/Humanity-Dark/status/24/gnome-netstatus-0-24.svg
/usr/share/icons/Humanity-Dark/status/24/gnome-netstatus-25-49.svg
/usr/share/icons/Humanity-Dark/status/24/gnome-netstatus-50-74.svg
/usr/share/icons/Humanity-Dark/status/24/gnome-netstatus-75-100.svg
/usr/share/icons/Humanity-Dark/status/24/gnome-netstatus-disconn.svg
/usr/share/icons/Humanity-Dark/status/24/gnome-netstatus-error.svg
/usr/share/icons/Humanity-Dark/status/24/gnome-netstatus-idle.svg
/usr/share/icons/Humanity-Dark/status/24/gnome-netstatus-rx.svg
/usr/share/icons/Humanity-Dark/status/24/gnome-netstatus-tx.svg
/usr/share/icons/Humanity-Dark/status/24/gnome-netstatus-txrx.svg
/usr/share/icons/Humanity-Dark/status/24/gpm-battery-empty.svg
/usr/share/icons/Humanity-Dark/status/24/gpm-primary-000-charging.svg
/usr/share/icons/Humanity-Dark/status/24/gpm-primary-000.svg
/usr/share/icons/Humanity-Dark/status/24/gpm-primary-020-charging.svg
/usr/share/icons/Humanity-Dark/status/24/gpm-primary-020.svg
/usr/share/icons/Humanity-Dark/status/24/gpm-primary-040-charging.svg
/usr/share/icons/Humanity-Dark/status/24/gpm-primary-040.svg
/usr/share/icons/Humanity-Dark/status/24/gpm-primary-060-charging.svg
/usr/share/icons/Humanity-Dark/status/24/gpm-primary-060.svg
/usr/share/icons/Humanity-Dark/status/24/gpm-primary-080-charging.svg
/usr/share/icons/Humanity-Dark/status/24/gpm-primary-080.svg
/usr/share/icons/Humanity-Dark/status/24/gpm-primary-100-charging.svg
/usr/share/icons/Humanity-Dark/status/24/gpm-primary-100.svg
/usr/share/icons/Humanity-Dark/status/24/gpm-primary-charged.svg
/usr/share/icons/Humanity-Dark/status/24/gpm-ups-000-charging.svg
/usr/share/icons/Humanity-Dark/status/24/gpm-ups-000.svg
/usr/share/icons/Humanity-Dark/status/24/gpm-ups-020-charging.svg
/usr/share/icons/Humanity-Dark/status/24/gpm-ups-020.svg
/usr/share/icons/Humanity-Dark/status/24/gpm-ups-040-charging.svg
/usr/share/icons/Humanity-Dark/status/24/gpm-ups-040.svg
/usr/share/icons/Humanity-Dark/status/24/gpm-ups-060-charging.svg
/usr/share/icons/Humanity-Dark/status/24/gpm-ups-060.svg
/usr/share/icons/Humanity-Dark/status/24/gpm-ups-080-charging.svg
/usr/share/icons/Humanity-Dark/status/24/gpm-ups-080.svg
/usr/share/icons/Humanity-Dark/status/24/gpm-ups-100-charging.svg
/usr/share/icons/Humanity-Dark/status/24/gpm-ups-100.svg
/usr/share/icons/Humanity-Dark/status/24/ibus-off.svg
/usr/share/icons/Humanity-Dark/status/24/krb-valid-ticket.svg
/usr/share/icons/Humanity-Dark/status/24/network-idle.svg
/usr/share/icons/Humanity-Dark/status/24/nm-signal-0.svg
/usr/share/icons/Humanity-Dark/status/24/stock_volume-max.svg
/usr/share/icons/Humanity-Dark/status/24/stock_volume-med.svg
/usr/share/icons/Humanity-Dark/status/24/stock_volume-min.svg
/usr/share/icons/Humanity-Dark/status/24/stock_volume-mute.svg
/usr/share/icons/Humanity-Dark/status/24/stock_volume.svg
/usr/share/icons/Humanity-Dark/status/48/battery-caution.svg
/usr/share/icons/Humanity-Dark/status/48/battery-low.svg
/usr/share/icons/Humanity-Dark/status/48/battery_plugged.svg
/usr/share/icons/Humanity-Dark/status/48/battery_third_fourth.svg
/usr/share/icons/Humanity-Dark/status/48/battery_two_thirds.svg
/usr/share/icons/Humanity-Dark/status/48/gpm-ac-adapter.svg
/usr/share/icons/Humanity-Dark/status/48/gpm-battery-000-charging.svg
/usr/share/icons/Humanity-Dark/status/48/gpm-battery-000.svg
/usr/share/icons/Humanity-Dark/status/48/gpm-battery-020-charging.svg
/usr/share/icons/Humanity-Dark/status/48/gpm-battery-020.svg
/usr/share/icons/Humanity-Dark/status/48/gpm-battery-040-charging.svg
/usr/share/icons/Humanity-Dark/status/48/gpm-battery-040.svg
/usr/share/icons/Humanity-Dark/status/48/gpm-battery-060-charging.svg
/usr/share/icons/Humanity-Dark/status/48/gpm-battery-060.svg
/usr/share/icons/Humanity-Dark/status/48/gpm-battery-080-charging.svg
/usr/share/icons/Humanity-Dark/status/48/gpm-battery-080.svg
/usr/share/icons/Humanity-Dark/status/48/gpm-battery-100-charging.svg
/usr/share/icons/Humanity-Dark/status/48/gpm-battery-100.svg
/usr/share/icons/Humanity-Dark/status/48/gpm-battery-charged.svg
/usr/share/icons/Humanity-Dark/status/48/gpm-primary-000.svg
/usr/share/icons/Humanity-Dark/status/48/gpm-primary-100.svg
/usr/share/icons/Humanity-Dark/status/48/gpm-primary-charged.svg
/usr/share/icons/Humanity-Dark/status/48/stock_weather-cloudy.svg
/usr/share/icons/Humanity-Dark/status/48/stock_weather-few-clouds.svg
/usr/share/icons/Humanity-Dark/status/48/stock_weather-night-clear.svg
/usr/share/icons/Humanity-Dark/status/48/stock_weather-night-few-clouds.svg
/usr/share/icons/Humanity-Dark/status/48/stock_weather-showers.svg
/usr/share/icons/Humanity-Dark/status/48/stock_weather-snow.svg
/usr/share/icons/Humanity-Dark/status/48/stock_weather-storm.svg
/usr/share/icons/Humanity-Dark/status/48/stock_weather-sunny.svg
/usr/share/icons/Humanity-Dark/status/48/sunny.svg
/usr/share/icons/Humanity-Dark/status/48/weather-clear-night-000.svg
/usr/share/icons/Humanity-Dark/status/48/weather-clear-night-010.svg
/usr/share/icons/Humanity-Dark/status/48/weather-clear-night-020.svg
/usr/share/icons/Humanity-Dark/status/48/weather-clear-night-030.svg
/usr/share/icons/Humanity-Dark/status/48/weather-clear-night-040.svg
/usr/share/icons/Humanity-Dark/status/48/weather-clear-night-050.svg
/usr/share/icons/Humanity-Dark/status/48/weather-clear-night-060.svg
/usr/share/icons/Humanity-Dark/status/48/weather-clear-night-070.svg
/usr/share/icons/Humanity-Dark/status/48/weather-clear-night-080.svg
/usr/share/icons/Humanity-Dark/status/48/weather-clear-night-090.svg
/usr/share/icons/Humanity-Dark/status/48/weather-clear-night-100.svg
/usr/share/icons/Humanity-Dark/status/48/weather-clear-night-110.svg
/usr/share/icons/Humanity-Dark/status/48/weather-clear-night-120.svg
/usr/share/icons/Humanity-Dark/status/48/weather-clear-night-130.svg
/usr/share/icons/Humanity-Dark/status/48/weather-clear-night-140.svg
/usr/share/icons/Humanity-Dark/status/48/weather-clear-night-150.svg
/usr/share/icons/Humanity-Dark/status/48/weather-clear-night-160.svg
/usr/share/icons/Humanity-Dark/status/48/weather-clear-night-170.svg
/usr/share/icons/Humanity-Dark/status/48/weather-clear-night-180.svg
/usr/share/icons/Humanity-Dark/status/48/weather-clear-night-190.svg
/usr/share/icons/Humanity-Dark/status/48/weather-clear-night-200.svg
/usr/share/icons/Humanity-Dark/status/48/weather-clear-night-210.svg
/usr/share/icons/Humanity-Dark/status/48/weather-clear-night-220.svg
/usr/share/icons/Humanity-Dark/status/48/weather-clear-night-230.svg
/usr/share/icons/Humanity-Dark/status/48/weather-clear-night-240.svg
/usr/share/icons/Humanity-Dark/status/48/weather-clear-night-250.svg
/usr/share/icons/Humanity-Dark/status/48/weather-clear-night-260.svg
/usr/share/icons/Humanity-Dark/status/48/weather-clear-night-270.svg
/usr/share/icons/Humanity-Dark/status/48/weather-clear-night-280.svg
/usr/share/icons/Humanity-Dark/status/48/weather-clear-night-290.svg
/usr/share/icons/Humanity-Dark/status/48/weather-clear-night-300.svg
/usr/share/icons/Humanity-Dark/status/48/weather-clear-night-310.svg
/usr/share/icons/Humanity-Dark/status/48/weather-clear-night-320.svg
/usr/share/icons/Humanity-Dark/status/48/weather-clear-night-330.svg
/usr/share/icons/Humanity-Dark/status/48/weather-clear-night-340.svg
/usr/share/icons/Humanity-Dark/status/48/weather-clear-night-350.svg
/usr/share/icons/Humanity-Dark/status/48/weather-few-clouds-night-000.svg
/usr/share/icons/Humanity-Dark/status/48/weather-few-clouds-night-010.svg
/usr/share/icons/Humanity-Dark/status/48/weather-few-clouds-night-020.svg
/usr/share/icons/Humanity-Dark/status/48/weather-few-clouds-night-030.svg
/usr/share/icons/Humanity-Dark/status/48/weather-few-clouds-night-040.svg
/usr/share/icons/Humanity-Dark/status/48/weather-few-clouds-night-050.svg
/usr/share/icons/Humanity-Dark/status/48/weather-few-clouds-night-060.svg
/usr/share/icons/Humanity-Dark/status/48/weather-few-clouds-night-070.svg
/usr/share/icons/Humanity-Dark/status/48/weather-few-clouds-night-080.svg
/usr/share/icons/Humanity-Dark/status/48/weather-few-clouds-night-090.svg
/usr/share/icons/Humanity-Dark/status/48/weather-few-clouds-night-100.svg
/usr/share/icons/Humanity-Dark/status/48/weather-few-clouds-night-110.svg
/usr/share/icons/Humanity-Dark/status/48/weather-few-clouds-night-120.svg
/usr/share/icons/Humanity-Dark/status/48/weather-few-clouds-night-130.svg
/usr/share/icons/Humanity-Dark/status/48/weather-few-clouds-night-140.svg
/usr/share/icons/Humanity-Dark/status/48/weather-few-clouds-night-150.svg
/usr/share/icons/Humanity-Dark/status/48/weather-few-clouds-night-160.svg
/usr/share/icons/Humanity-Dark/status/48/weather-few-clouds-night-170.svg
/usr/share/icons/Humanity-Dark/status/48/weather-few-clouds-night-180.svg
/usr/share/icons/Humanity-Dark/status/48/weather-few-clouds-night-190.svg
/usr/share/icons/Humanity-Dark/status/48/weather-few-clouds-night-200.svg
/usr/share/icons/Humanity-Dark/status/48/weather-few-clouds-night-210.svg
/usr/share/icons/Humanity-Dark/status/48/weather-few-clouds-night-220.svg
/usr/share/icons/Humanity-Dark/status/48/weather-few-clouds-night-230.svg
/usr/share/icons/Humanity-Dark/status/48/weather-few-clouds-night-240.svg
/usr/share/icons/Humanity-Dark/status/48/weather-few-clouds-night-250.svg
/usr/share/icons/Humanity-Dark/status/48/weather-few-clouds-night-260.svg
/usr/share/icons/Humanity-Dark/status/48/weather-few-clouds-night-270.svg
/usr/share/icons/Humanity-Dark/status/48/weather-few-clouds-night-280.svg
/usr/share/icons/Humanity-Dark/status/48/weather-few-clouds-night-290.svg
/usr/share/icons/Humanity-Dark/status/48/weather-few-clouds-night-300.svg
/usr/share/icons/Humanity-Dark/status/48/weather-few-clouds-night-310.svg
/usr/share/icons/Humanity-Dark/status/48/weather-few-clouds-night-320.svg
/usr/share/icons/Humanity-Dark/status/48/weather-few-clouds-night-330.svg
/usr/share/icons/Humanity-Dark/status/48/weather-few-clouds-night-340.svg
/usr/share/icons/Humanity-Dark/status/48/weather-few-clouds-night-350.svg
/usr/share/icons/Humanity-Dark/status@2

dpkg -L libatk-bridge2.0-0
/.
/usr
/usr/lib
/usr/lib/x86_64-linux-gnu
/usr/lib/x86_64-linux-gnu/libatk-bridge-2.0.so.0.0.0
/usr/share
/usr/share/doc
/usr/share/doc/libatk-bridge2.0-0
/usr/share/doc/libatk-bridge2.0-0/changelog.Debian.gz
/usr/share/doc/libatk-bridge2.0-0/copyright
/usr/share/lintian
/usr/share/lintian/overrides
/usr/share/lintian/overrides/libatk-bridge2.0-0
/usr/lib/x86_64-linux-gnu/libatk-bridge-2.0.so.0

dpkg -L libatk1.0-0
/.
/usr
/usr/lib
/usr/lib/x86_64-linux-gnu
/usr/lib/x86_64-linux-gnu/libatk-1.0.so.0.23609.1
/usr/share
/usr/share/doc
/usr/share/doc/libatk1.0-0
/usr/share/doc/libatk1.0-0/changelog.Debian.gz
/usr/share/doc/libatk1.0-0/copyright
/usr/share/lintian
/usr/share/lintian/overrides
/usr/share/lintian/overrides/libatk1.0-0
/usr/lib/x86_64-linux-gnu/libatk-1.0.so.0

dpkg -L libatk1.0-data
/.
/usr
/usr/share
/usr/share/doc
/usr/share/doc/libatk1.0-data
/usr/share/doc/libatk1.0-data/changelog.Debian.gz
/usr/share/doc/libatk1.0-data/copyright

dpkg -L libatspi2.0-0
/.
/usr
/usr/lib
/usr/lib/x86_64-linux-gnu
/usr/lib/x86_64-linux-gnu/libatspi.so.0.0.1
/usr/share
/usr/share/doc
/usr/share/doc/libatspi2.0-0
/usr/share/doc/libatspi2.0-0/changelog.Debian.gz
/usr/share/doc/libatspi2.0-0/copyright
/usr/share/lintian
/usr/share/lintian/overrides
/usr/share/lintian/overrides/libatspi2.0-0
/usr/lib/x86_64-linux-gnu/libatspi.so.0

dpkg -L libavahi-client3
/.
/usr
/usr/lib
/usr/lib/x86_64-linux-gnu
/usr/lib/x86_64-linux-gnu/libavahi-client.so.3.2.9
/usr/share
/usr/share/doc
/usr/share/doc/libavahi-client3
/usr/share/doc/libavahi-client3/copyright
/usr/lib/x86_64-linux-gnu/libavahi-client.so.3
/usr/share/doc/libavahi-client3/NEWS.gz
/usr/share/doc/libavahi-client3/README
/usr/share/doc/libavahi-client3/changelog.Debian.gz

dpkg -L libavahi-common-data
/.
/usr
/usr/lib
/usr/lib/x86_64-linux-gnu
/usr/lib/x86_64-linux-gnu/avahi
/usr/lib/x86_64-linux-gnu/avahi/service-types.db
/usr/share
/usr/share/doc
/usr/share/doc/libavahi-common-data
/usr/share/doc/libavahi-common-data/NEWS.gz
/usr/share/doc/libavahi-common-data/README
/usr/share/doc/libavahi-common-data/changelog.Debian.gz
/usr/share/doc/libavahi-common-data/copyright

dpkg -L libavahi-common3
/.
/usr
/usr/lib
/usr/lib/x86_64-linux-gnu
/usr/lib/x86_64-linux-gnu/libavahi-common.so.3.5.4
/usr/share
/usr/share/doc
/usr/share/doc/libavahi-common3
/usr/share/doc/libavahi-common3/copyright
/usr/lib/x86_64-linux-gnu/libavahi-common.so.3
/usr/share/doc/libavahi-common3/NEWS.gz
/usr/share/doc/libavahi-common3/README
/usr/share/doc/libavahi-common3/changelog.Debian.gz

dpkg -L libcairo-gobject2
/.
/usr
/usr/lib
/usr/lib/x86_64-linux-gnu
/usr/lib/x86_64-linux-gnu/libcairo-gobject.so.2.11600.0
/usr/share
/usr/share/doc
/usr/share/doc/libcairo-gobject2
/usr/share/doc/libcairo-gobject2/copyright
/usr/share/lintian
/usr/share/lintian/overrides
/usr/share/lintian/overrides/libcairo-gobject2
/usr/lib/x86_64-linux-gnu/libcairo-gobject.so.2
/usr/share/doc/libcairo-gobject2/changelog.Debian.gz

dpkg -L libcairo2
/.
/usr
/usr/lib
/usr/lib/x86_64-linux-gnu
/usr/lib/x86_64-linux-gnu/libcairo.so.2.11600.0
/usr/share
/usr/share/doc
/usr/share/doc/libcairo2
/usr/share/doc/libcairo2/AUTHORS.gz
/usr/share/doc/libcairo2/NEWS.gz
/usr/share/doc/libcairo2/README.gz
/usr/share/doc/libcairo2/changelog.Debian.gz
/usr/share/doc/libcairo2/copyright
/usr/lib/x86_64-linux-gnu/libcairo.so.2

dpkg -L libcolord2
/.
/usr
/usr/lib
/usr/lib/x86_64-linux-gnu
/usr/lib/x86_64-linux-gnu/libcolord.so.2.0.5
/usr/lib/x86_64-linux-gnu/libcolordprivate.so.2.0.5
/usr/share
/usr/share/doc
/usr/share/doc/libcolord2
/usr/share/doc/libcolord2/changelog.Debian.gz
/usr/share/doc/libcolord2/copyright
/usr/lib/x86_64-linux-gnu/libcolord.so.2
/usr/lib/x86_64-linux-gnu/libcolordprivate.so.2

dpkg -L libcups2
/.
/usr
/usr/lib
/usr/lib/x86_64-linux-gnu
/usr/lib/x86_64-linux-gnu/libcups.so.2
/usr/share
/usr/share/doc
/usr/share/doc/libcups2
/usr/share/doc/libcups2/README.Debian.gz
/usr/share/doc/libcups2/changelog.Debian.gz
/usr/share/doc/libcups2/copyright
/usr/share/doc/libcups2/examples
/usr/share/doc/libcups2/examples/client.conf

dpkg -L libdconf1
/.
/etc
/etc/dconf
/etc/dconf/db
/usr
/usr/lib
/usr/lib/x86_64-linux-gnu
/usr/lib/x86_64-linux-gnu/libdconf.so.1.0.0
/usr/share
/usr/share/doc
/usr/share/doc/libdconf1
/usr/share/doc/libdconf1/NEWS.gz
/usr/share/doc/libdconf1/README
/usr/share/doc/libdconf1/changelog.Debian.gz
/usr/share/doc/libdconf1/copyright
/usr/lib/x86_64-linux-gnu/libdconf.so.1

dpkg -L libegl-mesa0
/.
/usr
/usr/lib
/usr/lib/x86_64-linux-gnu
/usr/lib/x86_64-linux-gnu/libEGL_mesa.so.0.0.0
/usr/share
/usr/share/bug
/usr/share/bug/libegl-mesa0
/usr/share/bug/libegl-mesa0/control
/usr/share/bug/libegl-mesa0/script
/usr/share/doc
/usr/share/doc/libegl-mesa0
/usr/share/doc/libegl-mesa0/copyright
/usr/share/glvnd
/usr/share/glvnd/egl_vendor.d
/usr/share/glvnd/egl_vendor.d/50_mesa.json
/usr/lib/x86_64-linux-gnu/libEGL_mesa.so.0
/usr/share/doc/libegl-mesa0/changelog.Debian.gz

dpkg -L libegl1
/.
/etc
/etc/glvnd
/etc/glvnd/egl_vendor.d
/usr
/usr/lib
/usr/lib/x86_64-linux-gnu
/usr/lib/x86_64-linux-gnu/libEGL.so.1.1.0
/usr/share
/usr/share/bug
/usr/share/bug/libegl1
/usr/share/bug/libegl1/control
/usr/share/doc
/usr/share/doc/libegl1
/usr/share/doc/libegl1/copyright
/usr/share/glvnd
/usr/share/glvnd/egl_vendor.d
/usr/lib/x86_64-linux-gnu/libEGL.so.1
/usr/share/doc/libegl1/changelog.Debian.gz

dpkg -L libepoxy0
/.
/usr
/usr/lib
/usr/lib/x86_64-linux-gnu
/usr/lib/x86_64-linux-gnu/libepoxy.so.0.0.0
/usr/share
/usr/share/doc
/usr/share/doc/libepoxy0
/usr/share/doc/libepoxy0/changelog.Debian.gz
/usr/share/doc/libepoxy0/copyright
/usr/lib/x86_64-linux-gnu/libepoxy.so.0

dpkg -L libgbm1
/.
/usr
/usr/lib
/usr/lib/x86_64-linux-gnu
/usr/lib/x86_64-linux-gnu/libgbm.so.1.0.0
/usr/share
/usr/share/bug
/usr/share/bug/libgbm1
/usr/share/bug/libgbm1/control
/usr/share/bug/libgbm1/script
/usr/share/doc
/usr/share/doc/libgbm1
/usr/share/doc/libgbm1/changelog.Debian.gz
/usr/share/doc/libgbm1/copyright
/usr/share/lintian
/usr/share/lintian/overrides
/usr/share/lintian/overrides/libgbm1
/usr/lib/x86_64-linux-gnu/libgbm.so.1

dpkg -L libgdk-pixbuf-2.0-0
/.
/usr
/usr/lib
/usr/lib/x86_64-linux-gnu
/usr/lib/x86_64-linux-gnu/gdk-pixbuf-2.0
/usr/lib/x86_64-linux-gnu/gdk-pixbuf-2.0/2.10.0
/usr/lib/x86_64-linux-gnu/gdk-pixbuf-2.0/2.10.0/loaders
/usr/lib/x86_64-linux-gnu/gdk-pixbuf-2.0/2.10.0/loaders/libpixbufloader-ani.so
/usr/lib/x86_64-linux-gnu/gdk-pixbuf-2.0/2.10.0/loaders/libpixbufloader-bmp.so
/usr/lib/x86_64-linux-gnu/gdk-pixbuf-2.0/2.10.0/loaders/libpixbufloader-gif.so
/usr/lib/x86_64-linux-gnu/gdk-pixbuf-2.0/2.10.0/loaders/libpixbufloader-icns.so
/usr/lib/x86_64-linux-gnu/gdk-pixbuf-2.0/2.10.0/loaders/libpixbufloader-ico.so
/usr/lib/x86_64-linux-gnu/gdk-pixbuf-2.0/2.10.0/loaders/libpixbufloader-pnm.so
/usr/lib/x86_64-linux-gnu/gdk-pixbuf-2.0/2.10.0/loaders/libpixbufloader-qtif.so
/usr/lib/x86_64-linux-gnu/gdk-pixbuf-2.0/2.10.0/loaders/libpixbufloader-tga.so
/usr/lib/x86_64-linux-gnu/gdk-pixbuf-2.0/2.10.0/loaders/libpixbufloader-tiff.so
/usr/lib/x86_64-linux-gnu/gdk-pixbuf-2.0/2.10.0/loaders/libpixbufloader-xbm.so
/usr/lib/x86_64-linux-gnu/gdk-pixbuf-2.0/2.10.0/loaders/libpixbufloader-xpm.so
/usr/lib/x86_64-linux-gnu/gdk-pixbuf-2.0/gdk-pixbuf-query-loaders
/usr/lib/x86_64-linux-gnu/libgdk_pixbuf-2.0.so.0.4200.8
/usr/share
/usr/share/doc
/usr/share/doc/libgdk-pixbuf-2.0-0
/usr/share/doc/libgdk-pixbuf-2.0-0/NEWS.gz
/usr/share/doc/libgdk-pixbuf-2.0-0/README.md
/usr/share/doc/libgdk-pixbuf-2.0-0/changelog.Debian.gz
/usr/share/doc/libgdk-pixbuf-2.0-0/copyright
/usr/lib/x86_64-linux-gnu/libgdk_pixbuf-2.0.so.0

dpkg -L libgdk-pixbuf2.0-bin
/.
/usr
/usr/bin
/usr/bin/gdk-pixbuf-csource
/usr/bin/gdk-pixbuf-pixdata
/usr/bin/gdk-pixbuf-thumbnailer
/usr/share
/usr/share/doc
/usr/share/doc/libgdk-pixbuf2.0-bin
/usr/share/doc/libgdk-pixbuf2.0-bin/copyright
/usr/share/man
/usr/share/man/man1
/usr/share/man/man1/gdk-pixbuf-csource.1.gz
/usr/share/man/man1/gdk-pixbuf-pixdata.1.gz
/usr/share/man/man1/gdk-pixbuf-query-loaders.1.gz
/usr/share/thumbnailers
/usr/share/thumbnailers/gdk-pixbuf-thumbnailer.thumbnailer
/usr/share/doc/libgdk-pixbuf2.0-bin/changelog.Debian.gz

dpkg -L libgdk-pixbuf2.0-common
/.
/usr
/usr/share
/usr/share/doc
/usr/share/doc/libgdk-pixbuf2.0-common
/usr/share/doc/libgdk-pixbuf2.0-common/changelog.Debian.gz
/usr/share/doc/libgdk-pixbuf2.0-common/copyright

dpkg -L libgtk-3-0
/.
/etc
/etc/gtk-3.0
/etc/gtk-3.0/settings.ini
/usr
/usr/lib
/usr/lib/x86_64-linux-gnu
/usr/lib/x86_64-linux-gnu/gtk-3.0
/usr/lib/x86_64-linux-gnu/gtk-3.0/3.0.0
/usr/lib/x86_64-linux-gnu/gtk-3.0/3.0.0/immodules
/usr/lib/x86_64-linux-gnu/gtk-3.0/3.0.0/immodules/im-am-et.so
/usr/lib/x86_64-linux-gnu/gtk-3.0/3.0.0/immodules/im-broadway.so
/usr/lib/x86_64-linux-gnu/gtk-3.0/3.0.0/immodules/im-cedilla.so
/usr/lib/x86_64-linux-gnu/gtk-3.0/3.0.0/immodules/im-cyrillic-translit.so
/usr/lib/x86_64-linux-gnu/gtk-3.0/3.0.0/immodules/im-inuktitut.so
/usr/lib/x86_64-linux-gnu/gtk-3.0/3.0.0/immodules/im-ipa.so
/usr/lib/x86_64-linux-gnu/gtk-3.0/3.0.0/immodules/im-multipress.so
/usr/lib/x86_64-linux-gnu/gtk-3.0/3.0.0/immodules/im-thai.so
/usr/lib/x86_64-linux-gnu/gtk-3.0/3.0.0/immodules/im-ti-er.so
/usr/lib/x86_64-linux-gnu/gtk-3.0/3.0.0/immodules/im-ti-et.so
/usr/lib/x86_64-linux-gnu/gtk-3.0/3.0.0/immodules/im-viqr.so
/usr/lib/x86_64-linux-gnu/gtk-3.0/3.0.0/immodules/im-wayland.so
/usr/lib/x86_64-linux-gnu/gtk-3.0/3.0.0/immodules/im-waylandgtk.so
/usr/lib/x86_64-linux-gnu/gtk-3.0/3.0.0/immodules/im-xim.so
/usr/lib/x86_64-linux-gnu/gtk-3.0/3.0.0/printbackends
/usr/lib/x86_64-linux-gnu/gtk-3.0/3.0.0/printbackends/libprintbackend-cups.so
/usr/lib/x86_64-linux-gnu/gtk-3.0/3.0.0/printbackends/libprintbackend-file.so
/usr/lib/x86_64-linux-gnu/gtk-3.0/3.0.0/printbackends/libprintbackend-lpr.so
/usr/lib/x86_64-linux-gnu/gtk-3.0/3.0.0/printbackends/libprintbackend-test.so
/usr/lib/x86_64-linux-gnu/libgdk-3.so.0.2404.29
/usr/lib/x86_64-linux-gnu/libgtk-3-0
/usr/lib/x86_64-linux-gnu/libgtk-3-0/gtk-query-immodules-3.0
/usr/lib/x86_64-linux-gnu/libgtk-3.so.0.2404.29
/usr/share
/usr/share/bug
/usr/share/bug/libgtk-3-0
/usr/share/bug/libgtk-3-0/control
/usr/share/doc
/usr/share/doc/libgtk-3-0
/usr/share/doc/libgtk-3-0/AUTHORS
/usr/share/doc/libgtk-3-0/changelog.Debian.gz
/usr/share/doc/libgtk-3-0/copyright
/usr/lib/x86_64-linux-gnu/libgdk-3.so.0
/usr/lib/x86_64-linux-gnu/libgtk-3.so.0
/usr/share/doc/libgtk-3-0/NEWS.gz
/usr/share/doc/libgtk-3-0/README

dpkg -L libgtk-3-bin
/.
/usr
/usr/bin
/usr/bin/broadwayd
/usr/bin/gtk-builder-tool
/usr/bin/gtk-encode-symbolic-svg
/usr/bin/gtk-launch
/usr/bin/gtk-query-settings
/usr/share
/usr/share/doc
/usr/share/doc/libgtk-3-bin
/usr/share/doc/libgtk-3-bin/copyright
/usr/share/gettext
/usr/share/gettext/its
/usr/share/gettext/its/gtkbuilder.its
/usr/share/gettext/its/gtkbuilder.loc
/usr/share/man
/usr/share/man/man1
/usr/share/man/man1/broadwayd.1.gz
/usr/share/man/man1/gtk-builder-tool.1.gz
/usr/share/man/man1/gtk-encode-symbolic-svg.1.gz
/usr/share/man/man1/gtk-launch.1.gz
/usr/share/man/man1/gtk-query-immodules-3.0.1.gz
/usr/share/man/man1/gtk-query-settings.1.gz
/usr/share/doc/libgtk-3-bin/AUTHORS
/usr/share/doc/libgtk-3-bin/NEWS.gz
/usr/share/doc/libgtk-3-bin/README
/usr/share/doc/libgtk-3-bin/changelog.Debian.gz

dpkg -L libgtk-3-common
/.
/etc
/etc/gtk-3.0
/etc/gtk-3.0/im-multipress.conf
/usr
/usr/share
/usr/share/doc
/usr/share/doc/libgtk-3-common
/usr/share/doc/libgtk-3-common/AUTHORS
/usr/share/doc/libgtk-3-common/NEWS.gz
/usr/share/doc/libgtk-3-common/README
/usr/share/doc/libgtk-3-common/changelog.Debian.gz
/usr/share/doc/libgtk-3-common/copyright
/usr/share/glib-2.0
/usr/share/glib-2.0/schemas
/usr/share/glib-2.0/schemas/org.gtk.Settings.ColorChooser.gschema.xml
/usr/share/glib-2.0/schemas/org.gtk.Settings.Debug.gschema.xml
/usr/share/glib-2.0/schemas/org.gtk.Settings.EmojiChooser.gschema.xml
/usr/share/glib-2.0/schemas/org.gtk.Settings.FileChooser.gschema.xml
/usr/share/themes
/usr/share/themes/Default
/usr/share/themes/Default/gtk-3.0
/usr/share/themes/Default/gtk-3.0/gtk-keys.css
/usr/share/themes/Emacs
/usr/share/themes/Emacs/gtk-3.0
/usr/share/themes/Emacs/gtk-3.0/gtk-keys.css

dpkg -L liblcms2-2
/.
/usr
/usr/lib
/usr/lib/x86_64-linux-gnu
/usr/lib/x86_64-linux-gnu/liblcms2.so.2.0.12
/usr/share
/usr/share/doc
/usr/share/doc/liblcms2-2
/usr/share/doc/liblcms2-2/changelog.Debian.gz
/usr/share/doc/liblcms2-2/copyright
/usr/lib/x86_64-linux-gnu/liblcms2.so.2

dpkg -L librsvg2-2
/.
/usr
/usr/lib
/usr/lib/x86_64-linux-gnu
/usr/lib/x86_64-linux-gnu/librsvg-2.so.2.48.0
/usr/share
/usr/share/doc
/usr/share/doc/librsvg2-2
/usr/share/doc/librsvg2-2/AUTHORS
/usr/share/doc/librsvg2-2/NEWS.gz
/usr/share/doc/librsvg2-2/README.md.gz
/usr/share/doc/librsvg2-2/changelog.Debian.gz
/usr/share/doc/librsvg2-2/copyright
/usr/share/lintian
/usr/share/lintian/overrides
/usr/share/lintian/overrides/librsvg2-2
/usr/lib/x86_64-linux-gnu/librsvg-2.so.2

dpkg -L librsvg2-common
/.
/usr
/usr/lib
/usr/lib/x86_64-linux-gnu
/usr/lib/x86_64-linux-gnu/gdk-pixbuf-2.0
/usr/lib/x86_64-linux-gnu/gdk-pixbuf-2.0/2.10.0
/usr/lib/x86_64-linux-gnu/gdk-pixbuf-2.0/2.10.0/loaders
/usr/lib/x86_64-linux-gnu/gdk-pixbuf-2.0/2.10.0/loaders/libpixbufloader-svg.so
/usr/share
/usr/share/doc
/usr/share/doc/librsvg2-common
/usr/share/doc/librsvg2-common/copyright
/usr/share/lintian
/usr/share/lintian/overrides
/usr/share/lintian/overrides/librsvg2-common
/usr/share/thumbnailers
/usr/share/thumbnailers/librsvg.thumbnailer
/usr/share/doc/librsvg2-common/changelog.Debian.gz

dpkg -L libvdpau1
/.
/etc
/etc/vdpau_wrapper.cfg
/usr
/usr/lib
/usr/lib/x86_64-linux-gnu
/usr/lib/x86_64-linux-gnu/libvdpau.so.1.0.0
/usr/lib/x86_64-linux-gnu/vdpau
/usr/lib/x86_64-linux-gnu/vdpau/libvdpau_trace.so.1.0.0
/usr/share
/usr/share/bug
/usr/share/bug/libvdpau1
/usr/share/doc
/usr/share/doc/libvdpau1
/usr/share/doc/libvdpau1/changelog.Debian.gz
/usr/share/doc/libvdpau1/copyright
/usr/lib/x86_64-linux-gnu/libvdpau.so.1
/usr/lib/x86_64-linux-gnu/vdpau/libvdpau_trace.so.1

dpkg -L libwayland-client0
/.
/usr
/usr/lib
/usr/lib/x86_64-linux-gnu
/usr/lib/x86_64-linux-gnu/libwayland-client.so.0.20.0
/usr/share
/usr/share/doc
/usr/share/doc/libwayland-client0
/usr/share/doc/libwayland-client0/changelog.Debian.gz
/usr/share/doc/libwayland-client0/copyright
/usr/lib/x86_64-linux-gnu/libwayland-client.so.0

dpkg -L libwayland-cursor0
/.
/usr
/usr/lib
/usr/lib/x86_64-linux-gnu
/usr/lib/x86_64-linux-gnu/libwayland-cursor.so.0.20.0
/usr/share
/usr/share/doc
/usr/share/doc/libwayland-cursor0
/usr/share/doc/libwayland-cursor0/copyright
/usr/lib/x86_64-linux-gnu/libwayland-cursor.so.0
/usr/share/doc/libwayland-cursor0/changelog.Debian.gz

dpkg -L libwayland-egl1
/.
/usr
/usr/lib
/usr/lib/x86_64-linux-gnu
/usr/lib/x86_64-linux-gnu/libwayland-egl.so.1.20.0
/usr/share
/usr/share/doc
/usr/share/doc/libwayland-egl1
/usr/share/doc/libwayland-egl1/changelog.Debian.gz
/usr/share/doc/libwayland-egl1/copyright
/usr/lib/x86_64-linux-gnu/libwayland-egl.so.1

dpkg -L libwayland-server0
/.
/usr
/usr/lib
/usr/lib/x86_64-linux-gnu
/usr/lib/x86_64-linux-gnu/libwayland-server.so.0.20.0
/usr/share
/usr/share/doc
/usr/share/doc/libwayland-server0
/usr/share/doc/libwayland-server0/changelog.Debian.gz
/usr/share/doc/libwayland-server0/copyright
/usr/lib/x86_64-linux-gnu/libwayland-server.so.0

dpkg -L libxcursor1
/.
/usr
/usr/lib
/usr/lib/x86_64-linux-gnu
/usr/lib/x86_64-linux-gnu/libXcursor.so.1.0.2
/usr/share
/usr/share/doc
/usr/share/doc/libxcursor1
/usr/share/doc/libxcursor1/changelog.Debian.gz
/usr/share/doc/libxcursor1/copyright
/usr/lib/x86_64-linux-gnu/libXcursor.so.1

dpkg -L libxcvt0
/.
/usr
/usr/lib
/usr/lib/x86_64-linux-gnu
/usr/lib/x86_64-linux-gnu/libxcvt.so.0.1.1
/usr/share
/usr/share/doc
/usr/share/doc/libxcvt0
/usr/share/doc/libxcvt0/changelog.Debian.gz
/usr/share/doc/libxcvt0/copyright
/usr/lib/x86_64-linux-gnu/libxcvt.so.0

dpkg -L libxdamage1
/.
/usr
/usr/lib
/usr/lib/x86_64-linux-gnu
/usr/lib/x86_64-linux-gnu/libXdamage.so.1.1.0
/usr/share
/usr/share/doc
/usr/share/doc/libxdamage1
/usr/share/doc/libxdamage1/changelog.Debian.gz
/usr/share/doc/libxdamage1/copyright
/usr/lib/x86_64-linux-gnu/libXdamage.so.1

dpkg -L libxfont2
/.
/usr
/usr/lib
/usr/lib/x86_64-linux-gnu
/usr/lib/x86_64-linux-gnu/libXfont2.so.2.0.0
/usr/share
/usr/share/doc
/usr/share/doc/libxfont2
/usr/share/doc/libxfont2/changelog.Debian.gz
/usr/share/doc/libxfont2/copyright
/usr/lib/x86_64-linux-gnu/libXfont2.so.2

dpkg -L libxkbcommon0
/.
/usr
/usr/lib
/usr/lib/x86_64-linux-gnu
/usr/lib/x86_64-linux-gnu/libxkbcommon.so.0.0.0
/usr/share
/usr/share/doc
/usr/share/doc/libxkbcommon0
/usr/share/doc/libxkbcommon0/changelog.Debian.gz
/usr/share/doc/libxkbcommon0/copyright
/usr/lib/x86_64-linux-gnu/libxkbcommon.so.0

dpkg -L libxnvctrl0
/.
/usr
/usr/lib
/usr/lib/x86_64-linux-gnu
/usr/lib/x86_64-linux-gnu/libXNVCtrl.so.0.0.0
/usr/share
/usr/share/doc
/usr/share/doc/libxnvctrl0
/usr/share/doc/libxnvctrl0/changelog.Debian.gz
/usr/share/doc/libxnvctrl0/copyright
/usr/lib/x86_64-linux-gnu/libXNVCtrl.so.0

dpkg -L mesa-vdpau-drivers
/.
/usr
/usr/lib
/usr/lib/x86_64-linux-gnu
/usr/lib/x86_64-linux-gnu/vdpau
/usr/lib/x86_64-linux-gnu/vdpau/libvdpau_d3d12.so.1.0.0
/usr/lib/x86_64-linux-gnu/vdpau/libvdpau_nouveau.so.1.0.0
/usr/lib/x86_64-linux-gnu/vdpau/libvdpau_r600.so.1.0.0
/usr/lib/x86_64-linux-gnu/vdpau/libvdpau_radeonsi.so.1.0.0
/usr/lib/x86_64-linux-gnu/vdpau/libvdpau_virtio_gpu.so.1.0.0
/usr/share
/usr/share/bug
/usr/share/bug/mesa-vdpau-drivers
/usr/share/bug/mesa-vdpau-drivers/control
/usr/share/bug/mesa-vdpau-drivers/script
/usr/share/doc
/usr/share/doc/mesa-vdpau-drivers
/usr/share/doc/mesa-vdpau-drivers/changelog.Debian.gz
/usr/share/doc/mesa-vdpau-drivers/copyright
/usr/lib/x86_64-linux-gnu/vdpau/libvdpau_d3d12.so
/usr/lib/x86_64-linux-gnu/vdpau/libvdpau_d3d12.so.1
/usr/lib/x86_64-linux-gnu/vdpau/libvdpau_d3d12.so.1.0
/usr/lib/x86_64-linux-gnu/vdpau/libvdpau_nouveau.so
/usr/lib/x86_64-linux-gnu/vdpau/libvdpau_nouveau.so.1
/usr/lib/x86_64-linux-gnu/vdpau/libvdpau_nouveau.so.1.0
/usr/lib/x86_64-linux-gnu/vdpau/libvdpau_r600.so
/usr/lib/x86_64-linux-gnu/vdpau/libvdpau_r600.so.1
/usr/lib/x86_64-linux-gnu/vdpau/libvdpau_r600.so.1.0
/usr/lib/x86_64-linux-gnu/vdpau/libvdpau_radeonsi.so
/usr/lib/x86_64-linux-gnu/vdpau/libvdpau_radeonsi.so.1
/usr/lib/x86_64-linux-gnu/vdpau/libvdpau_radeonsi.so.1.0
/usr/lib/x86_64-linux-gnu/vdpau/libvdpau_virtio_gpu.so
/usr/lib/x86_64-linux-gnu/vdpau/libvdpau_virtio_gpu.so.1
/usr/lib/x86_64-linux-gnu/vdpau/libvdpau_virtio_gpu.so.1.0

dpkg -L python3-xkit
/.
/usr
/usr/lib
/usr/lib/python3
/usr/lib/python3/dist-packages
/usr/lib/python3/dist-packages/xkit
/usr/lib/python3/dist-packages/xkit/__init__.py
/usr/lib/python3/dist-packages/xkit/xorgparser.py
/usr/lib/python3/dist-packages/xkit/xutils.py
/usr/lib/python3/dist-packages/xkit-0.0.0.egg-info
/usr/share
/usr/share/doc
/usr/share/doc/python3-xkit
/usr/share/doc/python3-xkit/changelog.gz
/usr/share/doc/python3-xkit/copyright

dpkg -L screen-resolution-extra
/.
/usr
/usr/lib
/usr/lib/python3
/usr/lib/python3/dist-packages
/usr/lib/python3/dist-packages/screen_resolution_extra-0.0.0.egg-info
/usr/share
/usr/share/doc
/usr/share/doc/screen-resolution-extra
/usr/share/doc/screen-resolution-extra/changelog.gz
/usr/share/doc/screen-resolution-extra/copyright
/usr/share/polkit-1
/usr/share/polkit-1/actions
/usr/share/polkit-1/actions/com.ubuntu.screen-resolution-extra.policy
/usr/share/screen-resolution-extra
/usr/share/screen-resolution-extra/nvidia-polkit

dpkg -L session-migration
/.
/usr
/usr/bin
/usr/bin/session-migration
/usr/lib
/usr/lib/systemd
/usr/lib/systemd/user
/usr/lib/systemd/user/graphical-session-pre.target.wants
/usr/lib/systemd/user/session-migration.service
/usr/share
/usr/share/doc
/usr/share/doc/session-migration
/usr/share/doc/session-migration/changelog.gz
/usr/share/doc/session-migration/copyright
/usr/share/man
/usr/share/man/man1
/usr/share/man/man1/session-migration.1.gz
/usr/share/upstart
/usr/share/upstart/sessions
/usr/share/upstart/sessions/session-migration.conf
/usr/share/upstart/systemd-session
/usr/share/upstart/systemd-session/upstart
/usr/share/upstart/systemd-session/upstart/session-migration.override
/usr/lib/systemd/user/graphical-session-pre.target.wants/session-migration.service

dpkg -L ubuntu-mono
/.
/usr
/usr/share
/usr/share/doc
/usr/share/doc/ubuntu-mono
/usr/share/doc/ubuntu-mono/changelog.Debian.gz
/usr/share/doc/ubuntu-mono/copyright
/usr/share/icons
/usr/share/icons/LoginIcons
/usr/share/icons/LoginIcons/apps
/usr/share/icons/LoginIcons/apps/16
/usr/share/icons/LoginIcons/apps/16/go-home.svg
/usr/share/icons/LoginIcons/apps/22
/usr/share/icons/LoginIcons/apps/22/go-home.svg
/usr/share/icons/LoginIcons/apps/22/preferences-desktop-accessibility.svg
/usr/share/icons/LoginIcons/apps/22/preferences-desktop-keyboard.svg
/usr/share/icons/LoginIcons/apps/22/preferences-desktop-locale.svg
/usr/share/icons/LoginIcons/apps/22/session-properties.svg
/usr/share/icons/LoginIcons/apps/22/system-shutdown.svg
/usr/share/icons/LoginIcons/apps/24
/usr/share/icons/LoginIcons/apps/24/go-home.svg
/usr/share/icons/LoginIcons/apps/24/preferences-desktop-accessibility.svg
/usr/share/icons/LoginIcons/apps/24/preferences-desktop-keyboard.svg
/usr/share/icons/LoginIcons/apps/24/preferences-desktop-locale.svg
/usr/share/icons/LoginIcons/apps/24/session-properties.svg
/usr/share/icons/LoginIcons/apps/24/system-shutdown.svg
/usr/share/icons/LoginIcons/apps/48
/usr/share/icons/LoginIcons/apps/48/drive-harddisk.svg
/usr/share/icons/LoginIcons/apps/48/preferences-desktop-accessibility.svg
/usr/share/icons/LoginIcons/apps/48/sleep.svg
/usr/share/icons/LoginIcons/apps/48/system-shutdown.svg
/usr/share/icons/LoginIcons/apps/48/view-refresh.svg
/usr/share/icons/LoginIcons/apps/64
/usr/share/icons/LoginIcons/apps/64/computer.svg
/usr/share/icons/LoginIcons/index.theme
/usr/share/icons/ubuntu-mono-dark
/usr/share/icons/ubuntu-mono-dark/actions
/usr/share/icons/ubuntu-mono-dark/actions/16
/usr/share/icons/ubuntu-mono-dark/actions/16/package-supported.svg
/usr/share/icons/ubuntu-mono-dark/actions/16/system-restart-panel.svg
/usr/share/icons/ubuntu-mono-dark/actions/16/system-shutdown-panel-restart.svg
/usr/share/icons/ubuntu-mono-dark/actions/16/system-shutdown-panel.svg
/usr/share/icons/ubuntu-mono-dark/actions/16/window-close-symbolic.svg
/usr/share/icons/ubuntu-mono-dark/actions/16/window-maximize-symbolic.svg
/usr/share/icons/ubuntu-mono-dark/actions/16/window-minimize-symbolic.svg
/usr/share/icons/ubuntu-mono-dark/actions/16/window-restore-symbolic.svg
/usr/share/icons/ubuntu-mono-dark/actions/22
/usr/share/icons/ubuntu-mono-dark/actions/22/package-supported.svg
/usr/share/icons/ubuntu-mono-dark/actions/22/system-restart-panel.svg
/usr/share/icons/ubuntu-mono-dark/actions/22/system-shutdown-panel-restart.svg
/usr/share/icons/ubuntu-mono-dark/actions/22/system-shutdown-panel.svg
/usr/share/icons/ubuntu-mono-dark/actions/24
/usr/share/icons/ubuntu-mono-dark/actions/24/package-supported.svg
/usr/share/icons/ubuntu-mono-dark/actions/24/system-restart-panel.svg
/usr/share/icons/ubuntu-mono-dark/actions/24/system-shutdown-panel-restart.svg
/usr/share/icons/ubuntu-mono-dark/actions/24/system-shutdown-panel.svg
/usr/share/icons/ubuntu-mono-dark/animations
/usr/share/icons/ubuntu-mono-dark/animations/22
/usr/share/icons/ubuntu-mono-dark/animations/22/brasero-disc-00.svg
/usr/share/icons/ubuntu-mono-dark/animations/22/brasero-disc-05.svg
/usr/share/icons/ubuntu-mono-dark/animations/22/brasero-disc-10.svg
/usr/share/icons/ubuntu-mono-dark/animations/22/brasero-disc-100.svg
/usr/share/icons/ubuntu-mono-dark/animations/22/brasero-disc-15.svg
/usr/share/icons/ubuntu-mono-dark/animations/22/brasero-disc-20.svg
/usr/share/icons/ubuntu-mono-dark/animations/22/brasero-disc-25.svg
/usr/share/icons/ubuntu-mono-dark/animations/22/brasero-disc-30.svg
/usr/share/icons/ubuntu-mono-dark/animations/22/brasero-disc-35.svg
/usr/share/icons/ubuntu-mono-dark/animations/22/brasero-disc-40.svg
/usr/share/icons/ubuntu-mono-dark/animations/22/brasero-disc-45.svg
/usr/share/icons/ubuntu-mono-dark/animations/22/brasero-disc-50.svg
/usr/share/icons/ubuntu-mono-dark/animations/22/brasero-disc-55.svg
/usr/share/icons/ubuntu-mono-dark/animations/22/brasero-disc-60.svg
/usr/share/icons/ubuntu-mono-dark/animations/22/brasero-disc-65.svg
/usr/share/icons/ubuntu-mono-dark/animations/22/brasero-disc-70.svg
/usr/share/icons/ubuntu-mono-dark/animations/22/brasero-disc-75.svg
/usr/share/icons/ubuntu-mono-dark/animations/22/brasero-disc-80.svg
/usr/share/icons/ubuntu-mono-dark/animations/22/brasero-disc-85.svg
/usr/share/icons/ubuntu-mono-dark/animations/22/brasero-disc-90.svg
/usr/share/icons/ubuntu-mono-dark/animations/22/brasero-disc-95.svg
/usr/share/icons/ubuntu-mono-dark/animations/22/nm-stage01-connecting01.svg
/usr/share/icons/ubuntu-mono-dark/animations/22/nm-stage01-connecting02.svg
/usr/share/icons/ubuntu-mono-dark/animations/22/nm-stage01-connecting03.svg
/usr/share/icons/ubuntu-mono-dark/animations/22/nm-stage01-connecting04.svg
/usr/share/icons/ubuntu-mono-dark/animations/22/nm-stage01-connecting05.svg
/usr/share/icons/ubuntu-mono-dark/animations/22/nm-stage01-connecting06.svg
/usr/share/icons/ubuntu-mono-dark/animations/22/nm-stage01-connecting07.svg
/usr/share/icons/ubuntu-mono-dark/animations/22/nm-stage01-connecting08.svg
/usr/share/icons/ubuntu-mono-dark/animations/22/nm-stage01-connecting09.svg
/usr/share/icons/ubuntu-mono-dark/animations/22/nm-stage01-connecting10.svg
/usr/share/icons/ubuntu-mono-dark/animations/22/nm-stage01-connecting11.svg
/usr/share/icons/ubuntu-mono-dark/animations/22/nm-vpn-connecting12.svg
/usr/share/icons/ubuntu-mono-dark/animations/22/nm-vpn-connecting13.svg
/usr/share/icons/ubuntu-mono-dark/animations/24
/usr/share/icons/ubuntu-mono-dark/animations/24/brasero-disc-00.svg
/usr/share/icons/ubuntu-mono-dark/animations/24/brasero-disc-05.svg
/usr/share/icons/ubuntu-mono-dark/animations/24/brasero-disc-10.svg
/usr/share/icons/ubuntu-mono-dark/animations/24/brasero-disc-100.svg
/usr/share/icons/ubuntu-mono-dark/animations/24/brasero-disc-15.svg
/usr/share/icons/ubuntu-mono-dark/animations/24/brasero-disc-20.svg
/usr/share/icons/ubuntu-mono-dark/animations/24/brasero-disc-25.svg
/usr/share/icons/ubuntu-mono-dark/animations/24/brasero-disc-30.svg
/usr/share/icons/ubuntu-mono-dark/animations/24/brasero-disc-35.svg
/usr/share/icons/ubuntu-mono-dark/animations/24/brasero-disc-40.svg
/usr/share/icons/ubuntu-mono-dark/animations/24/brasero-disc-45.svg
/usr/share/icons/ubuntu-mono-dark/animations/24/brasero-disc-50.svg
/usr/share/icons/ubuntu-mono-dark/animations/24/brasero-disc-55.svg
/usr/share/icons/ubuntu-mono-dark/animations/24/brasero-disc-60.svg
/usr/share/icons/ubuntu-mono-dark/animations/24/brasero-disc-65.svg
/usr/share/icons/ubuntu-mono-dark/animations/24/brasero-disc-70.svg
/usr/share/icons/ubuntu-mono-dark/animations/24/brasero-disc-75.svg
/usr/share/icons/ubuntu-mono-dark/animations/24/brasero-disc-80.svg
/usr/share/icons/ubuntu-mono-dark/animations/24/brasero-disc-85.svg
/usr/share/icons/ubuntu-mono-dark/animations/24/brasero-disc-90.svg
/usr/share/icons/ubuntu-mono-dark/animations/24/brasero-disc-95.svg
/usr/share/icons/ubuntu-mono-dark/animations/24/nm-stage01-connecting01.svg
/usr/share/icons/ubuntu-mono-dark/animations/24/nm-stage01-connecting02.svg
/usr/share/icons/ubuntu-mono-dark/animations/24/nm-stage01-connecting03.svg
/usr/share/icons/ubuntu-mono-dark/animations/24/nm-stage01-connecting04.svg
/usr/share/icons/ubuntu-mono-dark/animations/24/nm-stage01-connecting05.svg
/usr/share/icons/ubuntu-mono-dark/animations/24/nm-stage01-connecting06.svg
/usr/share/icons/ubuntu-mono-dark/animations/24/nm-stage01-connecting07.svg
/usr/share/icons/ubuntu-mono-dark/animations/24/nm-stage01-connecting08.svg
/usr/share/icons/ubuntu-mono-dark/animations/24/nm-stage01-connecting09.svg
/usr/share/icons/ubuntu-mono-dark/animations/24/nm-stage01-connecting10.svg
/usr/share/icons/ubuntu-mono-dark/animations/24/nm-stage01-connecting11.svg
/usr/share/icons/ubuntu-mono-dark/animations/24/nm-vpn-connecting12.svg
/usr/share/icons/ubuntu-mono-dark/animations/24/nm-vpn-connecting13.svg
/usr/share/icons/ubuntu-mono-dark/apps
/usr/share/icons/ubuntu-mono-dark/apps/16
/usr/share/icons/ubuntu-mono-dark/apps/16/distributor-logo.svg
/usr/share/icons/ubuntu-mono-dark/apps/16/gnome-do-symbolic.svg
/usr/share/icons/ubuntu-mono-dark/apps/16/gtg-panel.svg
/usr/share/icons/ubuntu-mono-dark/apps/16/system-file-manager-panel.svg
/usr/share/icons/ubuntu-mono-dark/apps/16/transmission-tray-icon.svg
/usr/share/icons/ubuntu-mono-dark/apps/22
/usr/share/icons/ubuntu-mono-dark/apps/22/audacious-panel.svg
/usr/share/icons/ubuntu-mono-dark/apps/22/banshee-panel.svg
/usr/share/icons/ubuntu-mono-dark/apps/22/distributor-logo.svg
/usr/share/icons/ubuntu-mono-dark/apps/22/dropboxstatus-busy.svg
/usr/share/icons/ubuntu-mono-dark/apps/22/dropboxstatus-busy2.svg
/usr/share/icons/ubuntu-mono-dark/apps/22/dropboxstatus-idle.svg
/usr/share/icons/ubuntu-mono-dark/apps/22/dropboxstatus-logo.svg
/usr/share/icons/ubuntu-mono-dark/apps/22/dropboxstatus-x.svg
/usr/share/icons/ubuntu-mono-dark/apps/22/gnome-do-symbolic.svg
/usr/share/icons/ubuntu-mono-dark/apps/22/gsd-xrandr.svg
/usr/share/icons/ubuntu-mono-dark/apps/22/gtg-panel.svg
/usr/share/icons/ubuntu-mono-dark/apps/22/rhythmbox-notplaying.svg
/usr/share/icons/ubuntu-mono-dark/apps/22/rhythmbox-panel.svg
/usr/share/icons/ubuntu-mono-dark/apps/22/start-here.svg
/usr/share/icons/ubuntu-mono-dark/apps/22/system-file-manager-panel.svg
/usr/share/icons/ubuntu-mono-dark/apps/22/tomboy-panel.svg
/usr/share/icons/ubuntu-mono-dark/apps/22/transmission-tray-icon.svg
/usr/share/icons/ubuntu-mono-dark/apps/22/xchat-panel.svg
/usr/share/icons/ubuntu-mono-dark/apps/24
/usr/share/icons/ubuntu-mono-dark/apps/24/audacious-panel.svg
/usr/share/icons/ubuntu-mono-dark/apps/24/banshee-panel.svg
/usr/share/icons/ubuntu-mono-dark/apps/24/dropboxstatus-busy.svg
/usr/share/icons/ubuntu-mono-dark/apps/24/dropboxstatus-busy2.svg
/usr/share/icons/ubuntu-mono-dark/apps/24/dropboxstatus-idle.svg
/usr/share/icons/ubuntu-mono-dark/apps/24/dropboxstatus-logo.svg
/usr/share/icons/ubuntu-mono-dark/apps/24/dropboxstatus-x.svg
/usr/share/icons/ubuntu-mono-dark/apps/24/gnome-do-symbolic.svg
/usr/share/icons/ubuntu-mono-dark/apps/24/gsd-xrandr.svg
/usr/share/icons/ubuntu-mono-dark/apps/24/gtg-panel.svg
/usr/share/icons/ubuntu-mono-dark/apps/24/rhythmbox-notplaying.svg
/usr/share/icons/ubuntu-mono-dark/apps/24/rhythmbox-panel.svg
/usr/share/icons/ubuntu-mono-dark/apps/24/system-file-manager-panel.svg
/usr/share/icons/ubuntu-mono-dark/apps/24/tomboy-panel.svg
/usr/share/icons/ubuntu-mono-dark/apps/24/transmission-tray-icon.svg
/usr/share/icons/ubuntu-mono-dark/apps/24/xchat-panel.svg
/usr/share/icons/ubuntu-mono-dark/apps/48
/usr/share/icons/ubuntu-mono-dark/categories
/usr/share/icons/ubuntu-mono-dark/categories/22
/usr/share/icons/ubuntu-mono-dark/categories/22/applications-microblogging-panel.svg
/usr/share/icons/ubuntu-mono-dark/categories/24
/usr/share/icons/ubuntu-mono-dark/categories/24/applications-microblogging-panel.svg
/usr/share/icons/ubuntu-mono-dark/categories/24/preferences-desktop-peripherals-directory.svg
/usr/share/icons/ubuntu-mono-dark/categories/24/preferences-desktop-personal-directory.svg
/usr/share/icons/ubuntu-mono-dark/categories/24/preferences-system-directory.svg
/usr/share/icons/ubuntu-mono-dark/index.theme
/usr/share/icons/ubuntu-mono-dark/mimes
/usr/share/icons/ubuntu-mono-dark/mimes/16
/usr/share/icons/ubuntu-mono-dark/mimes/16/playlist-automatic-symbolic.svg
/usr/share/icons/ubuntu-mono-dark/mimes/16/playlist-symbolic.svg
/usr/share/icons/ubuntu-mono-dark/mimes/22
/usr/share/icons/ubuntu-mono-dark/mimes/22/playlist-automatic-symbolic.svg
/usr/share/icons/ubuntu-mono-dark/mimes/22/playlist-symbolic.svg
/usr/share/icons/ubuntu-mono-dark/mimes/24
/usr/share/icons/ubuntu-mono-dark/mimes/24/playlist-automatic-symbolic.svg
/usr/share/icons/ubuntu-mono-dark/mimes/24/playlist-symbolic.svg
/usr/share/icons/ubuntu-mono-dark/places
/usr/share/icons/ubuntu-mono-dark/places/16
/usr/share/icons/ubuntu-mono-dark/places/16/user-home.svg
/usr/share/icons/ubuntu-mono-dark/places/22
/usr/share/icons/ubuntu-mono-dark/places/22/user-home.svg
/usr/share/icons/ubuntu-mono-dark/places/24
/usr/share/icons/ubuntu-mono-dark/places/24/user-home.svg
/usr/share/icons/ubuntu-mono-dark/places/32
/usr/share/icons/ubuntu-mono-dark/places/32/user-home.svg
/usr/share/icons/ubuntu-mono-dark/places/48
/usr/share/icons/ubuntu-mono-dark/places/48/folder-home.svg
/usr/share/icons/ubuntu-mono-dark/places/64
/usr/share/icons/ubuntu-mono-dark/places/64/folder-home.svg
/usr/share/icons/ubuntu-mono-dark/status
/usr/share/icons/ubuntu-mono-dark/status/16
/usr/share/icons/ubuntu-mono-dark/status/16/account-logged-in.svg
/usr/share/icons/ubuntu-mono-dark/status/16/application-running.svg
/usr/share/icons/ubuntu-mono-dark/status/16/applications-chat-panel.svg
/usr/share/icons/ubuntu-mono-dark/status/16/applications-email-panel.svg
/usr/share/icons/ubuntu-mono-dark/status/16/connect_no.svg
/usr/share/icons/ubuntu-mono-dark/status/16/empathy-available.svg
/usr/share/icons/ubuntu-mono-dark/status/16/empathy-away.svg
/usr/share/icons/ubuntu-mono-dark/status/16/empathy-busy.svg
/usr/share/icons/ubuntu-mono-dark/status/16/empathy-extended-away.svg
/usr/share/icons/ubuntu-mono-dark/status/16/empathy-offline.svg
/usr/share/icons/ubuntu-mono-dark/status/16/gnome-netstatus-0-24.svg
/usr/share/icons/ubuntu-mono-dark/status/16/gnome-netstatus-25-49.svg
/usr/share/icons/ubuntu-mono-dark/status/16/gnome-netstatus-50-74.svg
/usr/share/icons/ubuntu-mono-dark/status/16/gnome-netstatus-75-100.svg
/usr/share/icons/ubuntu-mono-dark/status/16/gnome-netstatus-disconn.svg
/usr/share/icons/ubuntu-mono-dark/status/16/gnome-netstatus-error.svg
/usr/share/icons/ubuntu-mono-dark/status/16/gpm-primary-000-charging.svg
/usr/share/icons/ubuntu-mono-dark/status/16/gpm-primary-000.svg
/usr/share/icons/ubuntu-mono-dark/status/16/gpm-primary-020-charging.svg
/usr/share/icons/ubuntu-mono-dark/status/16/gpm-primary-020.svg
/usr/share/icons/ubuntu-mono-dark/status/16/gpm-primary-040-charging.svg
/usr/share/icons/ubuntu-mono-dark/status/16/gpm-primary-040.svg
/usr/share/icons/ubuntu-mono-dark/status/16/gpm-primary-060-charging.svg
/usr/share/icons/ubuntu-mono-dark/status/16/gpm-primary-060.svg
/usr/share/icons/ubuntu-mono-dark/status/16/gpm-primary-080-charging.svg
/usr/share/icons/ubuntu-mono-dark/status/16/gpm-primary-080.svg
/usr/share/icons/ubuntu-mono-dark/status/16/gpm-primary-100-charging.svg
/usr/share/icons/ubuntu-mono-dark/status/16/gpm-primary-100.svg
/usr/share/icons/ubuntu-mono-dark/status/16/gpm-primary-charged.svg
/usr/share/icons/ubuntu-mono-dark/status/16/gpm-ups-000-charging.svg
/usr/share/icons/ubuntu-mono-dark/status/16/gpm-ups-000.svg
/usr/share/icons/ubuntu-mono-dark/status/16/gpm-ups-020-charging.svg
/usr/share/icons/ubuntu-mono-dark/status/16/gpm-ups-020.svg
/usr/share/icons/ubuntu-mono-dark/status/16/gpm-ups-040-charging.svg
/usr/share/icons/ubuntu-mono-dark/status/16/gpm-ups-040.svg
/usr/share/icons/ubuntu-mono-dark/status/16/gpm-ups-060-charging.svg
/usr/share/icons/ubuntu-mono-dark/status/16/gpm-ups-060.svg
/usr/share/icons/ubuntu-mono-dark/status/16/gpm-ups-080-charging.svg
/usr/share/icons/ubuntu-mono-dark/status/16/gpm-ups-080.svg
/usr/share/icons/ubuntu-mono-dark/status/16/gpm-ups-100-charging.svg
/usr/share/icons/ubuntu-mono-dark/status/16/gpm-ups-100.svg
/usr/share/icons/ubuntu-mono-dark/status/16/gpm-ups-missing.svg
/usr/share/icons/ubuntu-mono-dark/status/16/im-message-new.svg
/usr/share/icons/ubuntu-mono-dark/status/16/indicator-messages-new.svg
/usr/share/icons/ubuntu-mono-dark/status/16/indicator-messages.svg
/usr/share/icons/ubuntu-mono-dark/status/16/network-error.svg
/usr/share/icons/ubuntu-mono-dark/status/16/network-offline.svg
/usr/share/icons/ubuntu-mono-dark/status/16/new-messages-red.svg
/usr/share/icons/ubuntu-mono-dark/status/16/nm-mb-roam.svg
/usr/share/icons/ubuntu-mono-dark/status/16/nm-no-connection.svg
/usr/share/icons/ubuntu-mono-dark/status/16/nm-secure-lock.svg
/usr/share/icons/ubuntu-mono-dark/status/16/nm-signal-0.svg
/usr/share/icons/ubuntu-mono-dark/status/16/nm-signal-100.svg
/usr/share/icons/ubuntu-mono-dark/status/16/nm-signal-25.svg
/usr/share/icons/ubuntu-mono-dark/status/16/nm-signal-50.svg
/usr/share/icons/ubuntu-mono-dark/status/16/nm-signal-75.svg
/usr/share/icons/ubuntu-mono-dark/status/16/nm-tech-3g.svg
/usr/share/icons/ubuntu-mono-dark/status/16/nm-tech-cdma-1x.svg
/usr/share/icons/ubuntu-mono-dark/status/16/nm-tech-edge.svg
/usr/share/icons/ubuntu-mono-dark/status/16/nm-tech-evdo.svg
/usr/share/icons/ubuntu-mono-dark/status/16/nm-tech-gprs.svg
/usr/share/icons/ubuntu-mono-dark/status/16/nm-tech-hspa.svg
/usr/share/icons/ubuntu-mono-dark/status/16/nm-tech-umts.svg
/usr/share/icons/ubuntu-mono-dark/status/16/nm-vpn-active-lock.svg
/usr/share/icons/ubuntu-mono-dark/status/16/nm-vpn-lock.svg
/usr/share/icons/ubuntu-mono-dark/status/16/nm-wwan-tower.svg
/usr/share/icons/ubuntu-mono-dark/status/16/stock_disconnect.svg
/usr/share/icons/ubuntu-mono-dark/status/16/stock_weather-cloudy.svg
/usr/share/icons/ubuntu-mono-dark/status/16/stock_weather-few-clouds.svg
/usr/share/icons/ubuntu-mono-dark/status/16/stock_weather-fog.svg
/usr/share/icons/ubuntu-mono-dark/status/16/stock_weather-night-clear.svg
/usr/share/icons/ubuntu-mono-dark/status/16/stock_weather-night-few-clouds.svg
/usr/share/icons/ubuntu-mono-dark/status/16/stock_weather-showers.svg
/usr/share/icons/ubuntu-mono-dark/status/16/stock_weather-snow.svg
/usr/share/icons/ubuntu-mono-dark/status/16/stock_weather-storm.svg
/usr/share/icons/ubuntu-mono-dark/status/16/tray-away.svg
/usr/share/icons/ubuntu-mono-dark/status/16/tray-busy.svg
/usr/share/icons/ubuntu-mono-dark/status/16/tray-extended-away.svg
/usr/share/icons/ubuntu-mono-dark/status/16/tray-message.svg
/usr/share/icons/ubuntu-mono-dark/status/16/tray-new-im.svg
/usr/share/icons/ubuntu-mono-dark/status/16/tray-offline.svg
/usr/share/icons/ubuntu-mono-dark/status/16/tray-online.svg
/usr/share/icons/ubuntu-mono-dark/status/16/ubuntuone-client-error.svg
/usr/share/icons/ubuntu-mono-dark/status/16/ubuntuone-client-idle.svg
/usr/share/icons/ubuntu-mono-dark/status/16/ubuntuone-client-offline.svg
/usr/share/icons/ubuntu-mono-dark/status/16/ubuntuone-client-paused.svg
/usr/share/icons/ubuntu-mono-dark/status/16/ubuntuone-client-updating.svg
/usr/share/icons/ubuntu-mono-dark/status/16/unity-battery-000-charging.svg
/usr/share/icons/ubuntu-mono-dark/status/16/unity-battery-000.svg
/usr/share/icons/ubuntu-mono-dark/status/16/unity-battery-020-charging.svg
/usr/share/icons/ubuntu-mono-dark/status/16/unity-battery-020.svg
/usr/share/icons/ubuntu-mono-dark/status/16/unity-battery-040-charging.svg
/usr/share/icons/ubuntu-mono-dark/status/16/unity-battery-040.svg
/usr/share/icons/ubuntu-mono-dark/status/16/unity-battery-060-charging.svg
/usr/share/icons/ubuntu-mono-dark/status/16/unity-battery-060.svg
/usr/share/icons/ubuntu-mono-dark/status/16/unity-battery-080-charging.svg
/usr/share/icons/ubuntu-mono-dark/status/16/unity-battery-080.svg
/usr/share/icons/ubuntu-mono-dark/status/16/unity-battery-100-charging.svg
/usr/share/icons/ubuntu-mono-dark/status/16/unity-battery-100.svg
/usr/share/icons/ubuntu-mono-dark/status/16/unity-battery-charged.svg
/usr/share/icons/ubuntu-mono-dark/status/16/unity-gpm-battery-000-charging.svg
/usr/share/icons/ubuntu-mono-dark/status/16/unity-gpm-battery-000.svg
/usr/share/icons/ubuntu-mono-dark/status/16/unity-gpm-battery-020-charging.svg
/usr/share/icons/ubuntu-mono-dark/status/16/unity-gpm-battery-020.svg
/usr/share/icons/ubuntu-mono-dark/status/16/unity-gpm-battery-040-charging.svg
/usr/share/icons/ubuntu-mono-dark/status/16/unity-gpm-battery-040.svg
/usr/share/icons/ubuntu-mono-dark/status/16/unity-gpm-battery-060-charging.svg
/usr/share/icons/ubuntu-mono-dark/status/16/unity-gpm-battery-060.svg
/usr/share/icons/ubuntu-mono-dark/status/16/unity-gpm-battery-080-charging.svg
/usr/share/icons/ubuntu-mono-dark/status/16/unity-gpm-battery-080.svg
/usr/share/icons/ubuntu-mono-dark/status/16/unity-gpm-battery-100-charging.svg
/usr/share/icons/ubuntu-mono-dark/status/16/unity-gpm-battery-100.svg
/usr/share/icons/ubuntu-mono-dark/status/16/unity-gpm-battery-charged.svg
/usr/share/icons/ubuntu-mono-dark/status/16/unity-gpm-battery-empty.svg
/usr/share/icons/ubuntu-mono-dark/status/16/unity-gpm-battery-missing.svg
/usr/share/icons/ubuntu-mono-dark/status/16/user-available-panel.svg
/usr/share/icons/ubuntu-mono-dark/status/16/user-away-panel.svg
/usr/share/icons/ubuntu-mono-dark/status/16/user-busy-panel.svg
/usr/share/icons/ubuntu-mono-dark/status/16/user-idle-panel.svg
/usr/share/icons/ubuntu-mono-dark/status/16/user-indeterminate-panel.svg
/usr/share/icons/ubuntu-mono-dark/status/16/user-invisible-panel.svg
/usr/share/icons/ubuntu-mono-dark/status/16/user-offline-panel.svg
/usr/share/icons/ubuntu-mono-dark/status/16/weather-clear-night-000.svg
/usr/share/icons/ubuntu-mono-dark/status/16/weather-clear-night-010.svg
/usr/share/icons/ubuntu-mono-dark/status/16/weather-clear-night-020.svg
/usr/share/icons/ubuntu-mono-dark/status/16/weather-clear-night-030.svg
/usr/share/icons/ubuntu-mono-dark/status/16/weather-clear-night-040.svg
/usr/share/icons/ubuntu-mono-dark/status/16/weather-clear-night-050.svg
/usr/share/icons/ubuntu-mono-dark/status/16/weather-clear-night-060.svg
/usr/share/icons/ubuntu-mono-dark/status/16/weather-clear-night-070.svg
/usr/share/icons/ubuntu-mono-dark/status/16/weather-clear-night-080.svg
/usr/share/icons/ubuntu-mono-dark/status/16/weather-clear-night-090.svg
/usr/share/icons/ubuntu-mono-dark/status/16/weather-clear-night-100.svg
/usr/share/icons/ubuntu-mono-dark/status/16/weather-clear-night-110.svg
/usr/share/icons/ubuntu-mono-dark/status/16/weather-clear-night-120.svg
/usr/share/icons/ubuntu-mono-dark/status/16/weather-clear-night-130.svg
/usr/share/icons/ubuntu-mono-dark/status/16/weather-clear-night-140.svg
/usr/share/icons/ubuntu-mono-dark/status/16/weather-clear-night-150.svg
/usr/share/icons/ubuntu-mono-dark/status/16/weather-clear-night-160.svg
/usr/share/icons/ubuntu-mono-dark/status/16/weather-clear-night-170.svg
/usr/share/icons/ubuntu-mono-dark/status/16/weather-clear-night-180.svg
/usr/share/icons/ubuntu-mono-dark/status/16/weather-clear-night-190.svg
/usr/share/icons/ubuntu-mono-dark/status/16/weather-clear-night-200.svg
/usr/share/icons/ubuntu-mono-dark/status/16/weather-clear-night-210.svg
/usr/share/icons/ubuntu-mono-dark/status/16/weather-clear-night-220.svg
/usr/share/icons/ubuntu-mono-dark/status/16/weather-clear-night-230.svg
/usr/share/icons/ubuntu-mono-dark/status/16/weather-clear-night-240.svg
/usr/share/icons/ubuntu-mono-dark/status/16/weather-clear-night-250.svg
/usr/share/icons/ubuntu-mono-dark/status/16/weather-clear-night-260.svg
/usr/share/icons/ubuntu-mono-dark/status/16/weather-clear-night-270.svg
/usr/share/icons/ubuntu-mono-dark/status/16/weather-clear-night-280.svg
/usr/share/icons/ubuntu-mono-dark/status/16/weather-clear-night-290.svg
/usr/share/icons/ubuntu-mono-dark/status/16/weather-clear-night-300.svg
/usr/share/icons/ubuntu-mono-dark/status/16/weather-clear-night-310.svg
/usr/share/icons/ubuntu-mono-dark/status/16/weather-clear-night-320.svg
/usr/share/icons/ubuntu-mono-dark/status/16/weather-clear-night-330.svg
/usr/share/icons/ubuntu-mono-dark/status/16/weather-clear-night-340.svg
/usr/share/icons/ubuntu-mono-dark/status/16/weather-clear-night-350.svg
/usr/share/icons/ubuntu-mono-dark/status/16/weather-clear-night.svg
/usr/share/icons/ubuntu-mono-dark/status/16/weather-clear.svg
/usr/share/icons/ubuntu-mono-dark/status/16/weather-clouds-night.svg
/usr/share/icons/ubuntu-mono-dark/status/16/weather-clouds.svg
/usr/share/icons/ubuntu-mono-dark/status/16/weather-few-clouds-night-000.svg
/usr/share/icons/ubuntu-mono-dark/status/16/weather-few-clouds-night-010.svg
/usr/share/icons/ubuntu-mono-dark/status/16/weather-few-clouds-night-020.svg
/usr/share/icons/ubuntu-mono-dark/status/16/weather-few-clouds-night-030.svg
/usr/share/icons/ubuntu-mono-dark/status/16/weather-few-clouds-night-040.svg
/usr/share/icons/ubuntu-mono-dark/status/16/weather-few-clouds-night-050.svg
/usr/share/icons/ubuntu-mono-dark/status/16/weather-few-clouds-night-060.svg
/usr/share/icons/ubuntu-mono-dark/status/16/weather-few-clouds-night-070.svg
/usr/share/icons/ubuntu-mono-dark/status/16/weather-few-clouds-night-080.svg
/usr/share/icons/ubuntu-mono-dark/status/16/weather-few-clouds-night-090.svg
/usr/share/icons/ubuntu-mono-dark/status/16/weather-few-clouds-night-100.svg
/usr/share/icons/ubuntu-mono-dark/status/16/weather-few-clouds-night-110.svg
/usr/share/icons/ubuntu-mono-dark/status/16/weather-few-clouds-night-120.svg
/usr/share/icons/ubuntu-mono-dark/status/16/weather-few-clouds-night-130.svg
/usr/share/icons/ubuntu-mono-dark/status/16/weather-few-clouds-night-140.svg
/usr/share/icons/ubuntu-mono-dark/status/16/weather-few-clouds-night-150.svg
/usr/share/icons/ubuntu-mono-dark/status/16/weather-few-clouds-night-160.svg
/usr/share/icons/ubuntu-mono-dark/status/16/weather-few-clouds-night-170.svg
/usr/share/icons/ubuntu-mono-dark/status/16/weather-few-clouds-night-180.svg
/usr/share/icons/ubuntu-mono-dark/status/16/weather-few-clouds-night-190.svg
/usr/share/icons/ubuntu-mono-dark/status/16/weather-few-clouds-night-200.svg
/usr/share/icons/ubuntu-mono-dark/status/16/weather-few-clouds-night-210.svg
/usr/share/icons/ubuntu-mono-dark/status/16/weather-few-clouds-night-220.svg
/usr/share/icons/ubuntu-mono-dark/status/16/weather-few-clouds-night-230.svg
/usr/share/icons/ubuntu-mono-dark/status/16/weather-few-clouds-night-240.svg
/usr/share/icons/ubuntu-mono-dark/status/16/weather-few-clouds-night-250.svg
/usr/share/icons/ubuntu-mono-dark/status/16/weather-few-clouds-night-260.svg
/usr/share/icons/ubuntu-mono-dark/status/16/weather-few-clouds-night-270.svg
/usr/share/icons/ubuntu-mono-dark/status/16/weather-few-clouds-night-280.svg
/usr/share/icons/ubuntu-mono-dark/status/16/weather-few-clouds-night-290.svg
/usr/share/icons/ubuntu-mono-dark/status/16/weather-few-clouds-night-300.svg
/usr/share/icons/ubuntu-mono-dark/status/16/weather-few-clouds-night-310.svg
/usr/share/icons/ubuntu-mono-dark/status/16/weather-few-clouds-night-320.svg
/usr/share/icons/ubuntu-mono-dark/status/16/weather-few-clouds-night-330.svg
/usr/share/icons/ubuntu-mono-dark/status/16/weather-few-clouds-night-340.svg
/usr/share/icons/ubuntu-mono-dark/status/16/weather-few-clouds-night-350.svg
/usr/share/icons/ubuntu-mono-dark/status/16/weather-few-clouds-night.svg
/usr/share/icons/ubuntu-mono-dark/status/16/weather-few-clouds.svg
/usr/share/icons/ubuntu-mono-dark/status/16/weather-fog.svg
/usr/share/icons/ubuntu-mono-dark/status/16/weather-overcast.svg
/usr/share/icons/ubuntu-mono-dark/status/16/weather-severe-alert.svg
/usr/share/icons/ubuntu-mono-dark/status/16/weather-showers-scattered.svg
/usr/share/icons/ubuntu-mono-dark/status/16/weather-showers.svg
/usr/share/icons/ubuntu-mono-dark/status/16/weather-snow.svg
/usr/share/icons/ubuntu-mono-dark/status/16/weather-storm.svg
/usr/share/icons/ubuntu-mono-dark/status/16/xfpm-primary-000-charging.svg
/usr/share/icons/ubuntu-mono-dark/status/16/xfpm-primary-000.svg
/usr/share/icons/ubuntu-mono-dark/status/16/xfpm-primary-020-charging.svg
/usr/share/icons/ubuntu-mono-dark/status/16/xfpm-primary-020.svg
/usr/share/icons/ubuntu-mono-dark/status/16/xfpm-primary-040-charging.svg
/usr/share/icons/ubuntu-mono-dark/status/16/xfpm-primary-040.svg
/usr/share/icons/ubuntu-mono-dark/status/16/xfpm-primary-060-charging.svg
/usr/share/icons/ubuntu-mono-dark/status/16/xfpm-primary-060.svg
/usr/share/icons/ubuntu-mono-dark/status/16/xfpm-primary-080-charging.svg
/usr/share/icons/ubuntu-mono-dark/status/16/xfpm-primary-080.svg
/usr/share/icons/ubuntu-mono-dark/status/16/xfpm-primary-100-charging.svg
/usr/share/icons/ubuntu-mono-dark/status/16/xfpm-primary-100.svg
/usr/share/icons/ubuntu-mono-dark/status/16/xfpm-primary-charged.svg
/usr/share/icons/ubuntu-mono-dark/status/16/xfpm-primary-missing.svg
/usr/share/icons/ubuntu-mono-dark/status/16/xfpm-ups-000-charging.svg
/usr/share/icons/ubuntu-mono-dark/status/16/xfpm-ups-000.svg
/usr/share/icons/ubuntu-mono-dark/status/16/xfpm-ups-020-charging.svg
/usr/share/icons/ubuntu-mono-dark/status/16/xfpm-ups-020.svg
/usr/share/icons/ubuntu-mono-dark/status/16/xfpm-ups-040-charging.svg
/usr/share/icons/ubuntu-mono-dark/status/16/xfpm-ups-040.svg
/usr/share/icons/ubuntu-mono-dark/status/16/xfpm-ups-060-charging.svg
/usr/share/icons/ubuntu-mono-dark/status/16/xfpm-ups-060.svg
/usr/share/icons/ubuntu-mono-dark/status/16/xfpm-ups-080-charging.svg
/usr/share/icons/ubuntu-mono-dark/status/16/xfpm-ups-080.svg
/usr/share/icons/ubuntu-mono-dark/status/16/xfpm-ups-100-charging.svg
/usr/share/icons/ubuntu-mono-dark/status/16/xfpm-ups-100.svg
/usr/share/icons/ubuntu-mono-dark/status/16/xfpm-ups-charged.svg
/usr/share/icons/ubuntu-mono-dark/status/16/xfpm-ups-missing.svg
/usr/share/icons/ubuntu-mono-dark/status/22
/usr/share/icons/ubuntu-mono-dark/status/22/account-logged-in.svg
/usr/share/icons/ubuntu-mono-dark/status/22/application-running.svg
/usr/share/icons/ubuntu-mono-dark/status/22/audio-input-microphone-high-panel.svg
/usr/share/icons/ubuntu-mono-dark/status/22/audio-input-microphone-low-zero-panel.svg
/usr/share/icons/ubuntu-mono-dark/status/22/audio-output-none-panel.svg
/usr/share/icons/ubuntu-mono-dark/status/22/audio-volume-high-panel.svg
/usr/share/icons/ubuntu-mono-dark/status/22/audio-volume-low-panel.svg
/usr/share/icons/ubuntu-mono-dark/status/22/audio-volume-low-zero-panel.svg
/usr/share/icons/ubuntu-mono-dark/status/22/audio-volume-medium-panel.svg
/usr/share/icons/ubuntu-mono-dark/status/22/audio-volume-muted-blocking-panel.svg
/usr/share/icons/ubuntu-mono-dark/status/22/audio-volume-muted-panel.svg
/usr/share/icons/ubuntu-mono-dark/status/22/bluetooth-active.svg
/usr/share/icons/ubuntu-mono-dark/status/22/bluetooth-disabled.svg
/usr/share/icons/ubuntu-mono-dark/status/22/bluetooth-paired.svg
/usr/share/icons/ubuntu-mono-dark/status/22/gpm-keyboard-000.svg
/usr/share/icons/ubuntu-mono-dark/status/22/gpm-keyboard-020.svg
/usr/share/icons/ubuntu-mono-dark/status/22/gpm-keyboard-040.svg
/usr/share/icons/ubuntu-mono-dark/status/22/gpm-keyboard-060.svg
/usr/share/icons/ubuntu-mono-dark/status/22/gpm-keyboard-080.svg
/usr/share/icons/ubuntu-mono-dark/status/22/gpm-keyboard-100.svg
/usr/share/icons/ubuntu-mono-dark/status/22/gpm-mouse-000.svg
/usr/share/icons/ubuntu-mono-dark/status/22/gpm-mouse-020.svg
/usr/share/icons/ubuntu-mono-dark/status/22/gpm-mouse-040.svg
/usr/share/icons/ubuntu-mono-dark/status/22/gpm-mouse-060.svg
/usr/share/icons/ubuntu-mono-dark/status/22/gpm-mouse-080.svg
/usr/share/icons/ubuntu-mono-dark/status/22/gpm-mouse-100.svg
/usr/share/icons/ubuntu-mono-dark/status/22/gpm-phone-000.svg
/usr/share/icons/ubuntu-mono-dark/status/22/gpm-phone-020.svg
/usr/share/icons/ubuntu-mono-dark/status/22/gpm-phone-040.svg
/usr/share/icons/ubuntu-mono-dark/status/22/gpm-phone-060.svg
/usr/share/icons/ubuntu-mono-dark/status/22/gpm-phone-080.svg
/usr/share/icons/ubuntu-mono-dark/status/22/gpm-phone-100.svg
/usr/share/icons/ubuntu-mono-dark/status/22/gsm-3g-full-secure.svg
/usr/share/icons/ubuntu-mono-dark/status/22/gsm-3g-full.svg
/usr/share/icons/ubuntu-mono-dark/status/22/gsm-3g-high-secure.svg
/usr/share/icons/ubuntu-mono-dark/status/22/gsm-3g-high.svg
/usr/share/icons/ubuntu-mono-dark/status/22/gsm-3g-low-secure.svg
/usr/share/icons/ubuntu-mono-dark/status/22/gsm-3g-low.svg
/usr/share/icons/ubuntu-mono-dark/status/22/gsm-3g-medium-secure.svg
/usr/share/icons/ubuntu-mono-dark/status/22/gsm-3g-medium.svg
/usr/share/icons/ubuntu-mono-dark/status/22/gsm-3g-none-secure.svg
/usr/share/icons/ubuntu-mono-dark/status/22/gsm-3g-none.svg
/usr/share/icons/ubuntu-mono-dark/status/22/gtk-dialog-authentication-panel.svg
/usr/share/icons/ubuntu-mono-dark/status/22/ibus-keyboard.svg
/usr/share/icons/ubuntu-mono-dark/status/22/indicator-appmenu-menu-panel.svg
/usr/share/icons/ubuntu-mono-dark/status/22/indicator-keyboard-Ak.svg
/usr/share/icons/ubuntu-mono-dark/status/22/indicator-keyboard-Am.svg
/usr/share/icons/ubuntu-mono-dark/status/22/indicator-keyboard-Ar-1.svg
/usr/share/icons/ubuntu-mono-dark/status/22/indicator-keyboard-Ar-10.svg
/usr/share/icons/ubuntu-mono-dark/status/22/indicator-keyboard-Ar-11.svg
/usr/share/icons/ubuntu-mono-dark/status/22/indicator-keyboard-Ar-2.svg
/usr/share/icons/ubuntu-mono-dark/status/22/indicator-keyboard-Ar-3.svg
/usr/share/icons/ubuntu-mono-dark/status/22/indicator-keyboard-Ar-4.svg
/usr/share/icons/ubuntu-mono-dark/status/22/indicator-keyboard-Ar-5.svg
/usr/share/icons/ubuntu-mono-dark/status/22/indicator-keyboard-Ar-6.svg
/usr/share/icons/ubuntu-mono-dark/status/22/indicator-keyboard-Ar-7.svg
/usr/share/icons/ubuntu-mono-dark/status/22/indicator-keyboard-Ar-8.svg
/usr/share/icons/ubuntu-mono-dark/status/22/indicator-keyboard-Ar-9.svg
/usr/share/icons/ubuntu-mono-dark/status/22/indicator-keyboard-Ar.svg
/usr/share/icons/ubuntu-mono-dark/status/22/indicator-keyboard-Av.svg
/usr/share/icons/ubuntu-mono-dark/status/22/indicator-keyboard-Az-1.svg
/usr/share/icons/ubuntu-mono-dark/status/22/indicator-keyboard-Az-2.svg
/usr/share/icons/ubuntu-mono-dark/status/22/indicator-keyboard-Az.svg
/usr/share/icons/ubuntu-mono-dark/status/22/indicator-keyboard-Be-1.svg
/usr/share/icons/ubuntu-mono-dark/status/22/indicator-keyboard-Be-10.svg
/usr/share/icons/ubuntu-mono-dark/status/22/indicator-keyboard-Be-11.svg
/usr/share/icons/ubuntu-mono-dark/status/22/indicator-keyboard-Be-12.svg
/usr/share/icons/ubuntu-mono-dark/status/22/indicator-keyboard-Be-13.svg
/usr/share/icons/ubuntu-mono-dark/status/22/indicator-keyboard-Be-14.svg
/usr/share/icons/ubuntu-mono-dark/status/22/indicator-keyboard-Be-2.svg
/usr/share/icons/ubuntu-mono-dark/status/22/indicator-keyboard-Be-3.svg
/usr/share/icons/ubuntu-mono-dark/status/22/indicator-keyboard-Be-4.svg
/usr/share/icons/ubuntu-mono-dark/status/22/indicator-keyboard-Be-5.svg
/usr/share/icons/ubuntu-mono-dark/status/22/indicator-keyboard-Be-6.svg
/usr/share/icons/ubuntu-mono-dark/status/22/indicator-keyboard-Be-7.svg
/usr/share/icons/ubuntu-mono-dark/status/22/indicator-keyboard-Be-8.svg
/usr/share/icons/ubuntu-mono-dark/status/22/indicator-keyboard-Be-9.svg
/usr/share/icons/ubuntu-mono-dark/status/22/indicator-keyboard-Be.svg
/usr/share/icons/ubuntu-mono-dark/status/22/indicator-keyboard-Bg-1.svg
/usr/share/icons/ubuntu-mono-dark/status/22/indicator-keyboard-Bg-2.svg
/usr/share/icons/ubuntu-mono-dark/status/22/indicator-keyboard-Bg-3.svg
/usr/share/icons/ubuntu-mono-dark/status/22/indicator-keyboard-Bg.svg
/usr/share/icons/ubuntu-mono-dark/status/22/indicator-keyboard-Bm.svg
/usr/share/icons/ubuntu-mono-dark/status/22/indicator-keyboard-Bn-1.svg
/usr/share/icons/ubuntu-mono-dark/status/22/indicator-keyboard-Bn-2.svg
/usr/share/icons/ubuntu-mono-dark/status/22/indicator-keyboard-Bn-3.svg
/usr/share/icons/ubuntu-mono-dark/status/22/indicator-keyboard-Bn-4.svg
/usr/share/icons/ubuntu-mono-dark/status/22/indicator-keyboard-Bn.svg
/usr/share/icons/ubuntu-mono-dark/status/22/indicator-keyboard-Br-1.svg
/usr/share/icons/ubuntu-mono-dark/status/22/indicator-keyboard-Br-2.svg
/usr/share/icons/ubuntu-mono-dark/status/22/indicator-keyboard-Br-3.svg
/usr/share/icons/ubuntu-mono-dark/status/22/indicator-keyboard-Br.svg
/usr/share/icons/ubuntu-mono-dark/status/22/indicator-keyboard-Bs-1.svg
/usr/share/icons/ubuntu-mono-dark/status/22/indicator-keyboard-Bs-2.svg
/usr/share/icons/ubuntu-mono-dark/status/22/indicator-keyboard-Bs-3.svg
/usr/share/icons/ubuntu-mono-dark/status/22/indicator-keyboard-Bs-4.svg
/usr/share/icons/ubuntu-mono-dark/status/22/indicator-keyboard-Bs-5.svg
/usr/share/icons/ubuntu-mono-dark/status/22/indicator-keyboard-Bs.svg
/usr/share/icons/ubuntu-mono-dark/status/22/indicator-keyboard-By-1.svg
/usr/share/icons/ubuntu-mono-dark/status/22/indicator-keyboard-By-2.svg
/usr/share/icons/ubuntu-mono-dark/status/22/indicator-keyboard-By-3.svg
/usr/share/icons/ubuntu-mono-dark/status/22/indicator-keyboard-By.svg
/usr/share/icons/ubuntu-mono-dark/status/22/indicator-keyboard-Ch.svg
/usr/share/icons/ubuntu-mono-dark/status/22/indicator-keyboard-Cm-1.svg
/usr/share/icons/ubuntu-mono-dark/status/22/indicator-keyboard-Cm-2.svg
/usr/share/icons/ubuntu-mono-dark/status/22/indicator-keyboard-Cm-3.svg
/usr/share/icons/ubuntu-mono-dark/status/22/indicator-keyboard-Cm-4.svg
/usr/share/icons/ubuntu-mono-dark/status/22/indicator-keyboard-Cm-5.svg
/usr/share/icons/ubuntu-mono-dark/status/22/indicator-keyboard-Cm.svg
/usr/share/icons/ubuntu-mono-dark/status/22/indicator-keyboard-Cr-1.svg
/usr/share/icons/ubuntu-mono-dark/status/22/indicator-keyboard-Cr-2.svg
/usr/share/icons/ubuntu-mono-dark/status/22/indicator-keyboard-Cr-3.svg
/usr/share/icons/ubuntu-mono-dark/status/22/indicator-keyboard-Cr.svg
/usr/share/icons/ubuntu-mono-dark/status/22/indicator-keyboard-Cs-1.svg
/usr/share/icons/ubuntu-mono-dark/status/22/indicator-keyboard-Cs-2.svg
/usr/share/icons/ubuntu-mono-dark/status/22/indicator-keyboard-Cs-3.svg
/usr/share/icons/ubuntu-mono-dark/status/22/indicator-keyboard-Cs-4.svg
/usr/share/icons/ubuntu-mono-dark/status/22/indicator-keyboard-Cs-5.svg
/usr/share/icons/ubuntu-mono-dark/status/22/indicator-keyboard-Cs-6.svg
/usr/share/icons/ubuntu-mono-dark/status/22/indicator-keyboard-Cs.svg
/usr/share/icons/ubuntu-mono-dark/status/22/indicator-keyboard-Da-1.svg
/usr/share/icons/ubuntu-mono-dark/status/22/indicator-keyboard-Da-2.svg
/usr/share/icons/ubuntu-mono-dark/status/22/indicator-keyboard-Da-3.svg
/usr/share/icons/ubuntu-mono-dark/status/22/indicator-keyboard-Da-4.svg
/usr/share/icons/ubuntu-mono-dark/status/22/indicator-keyboard-Da-5.svg
/usr/share/icons/ubuntu-mono-dark/status/22/indicator-keyboard-Da.svg
/usr/share/icons/ubuntu-mono-dark/status/22/indicator-keyboard-De-1.svg
/usr/share/icons/ubuntu-mono-dark/status/22/indicator-keyboard-De-10.svg
/usr/share/icons/ubuntu-mono-dark/status/22/indicator-keyboard-De-11.svg
/usr/share/icons/ubuntu-mono-dark/status/22/indicator-keyboard-De-12.svg
/usr/share/icons/ubuntu-mono-dark/status/22/indicator-keyboard-De-13.svg
/usr/share/icons/ubuntu-mono-dark/status/22/indicator-keyboard-De-14.svg
/usr/share/icons/ubuntu-mono-dark/status/22/indicator-keyboard-De-15.svg
/usr/share/icons/ubuntu-mono-dark/status/22/indicator-keyboard-De-16.svg
/usr/share/icons/ubuntu-mono-dark/status/22/indicator-keyboard-De-17.svg
/usr/share/icons/ubuntu-mono-dark/status/22/indicator-keyboard-De-18.svg
/usr/share/icons/ubuntu-mono-dark/status/22/indicator-keyboard-De-19.svg
/usr/share/icons/ubuntu-mono-dark/status/22/indicator-keyboard-De-2.svg
/usr/share/icons/ubuntu-mono-dark/status/22/indicator-keyboard-De-20.svg
/usr/share/icons/ubuntu-mono-dark/status/22/indicator-keyboard-De-21.svg
/usr/share/icons/ubuntu-mono-dark/status/22/indicator-keyboard-De-22.svg
/usr/share/icons/ubuntu-mono-dark/status/22/indicator-keyboard-De-23.svg
/usr/share/icons/ubuntu-mono-dark/status/22/indicator-keyboard-De-24.svg
/usr/share/icons/ubuntu-mono-dark/status/22/indicator-keyboard-De-25.svg
/usr/share/icons/ubuntu-mono-dark/status/22/indicator-keyboard-De-3.svg
/usr/share/icons/ubuntu-mono-dark/status/22/indicator-keyboard-De-4.svg
/usr/share/icons/ubuntu-mono-dark/status/22/indicator-keyboard-De-5.svg
/usr/share/icons/ubuntu-mono-dark/status/22/indicator-keyboard-De-6.svg
/usr/share/icons/ubuntu-mono-dark/status/22/indicator-keyboard-De-7.svg
/usr/share/icons/ubuntu-mono-dark/status/22/indicator-keyboard-De-8.svg
/usr/share/icons/ubuntu-mono-dark/status/22/indicator-keyboard-De-9.svg
/usr/share/icons/ubuntu-mono-dark/status/22/indicator-keyboard-De.svg
/usr/share/icons/ubuntu-mono-dark/status/22/indicator-keyboard-Dv.svg
/usr/share/icons/ubuntu-mono-dark/status/22/indicator-keyboard-Dz.svg
/usr/share/icons/ubuntu-mono-dark/status/22/indicator-keyboard-Ee.svg
/usr/share/icons/ubuntu-mono-dark/status/22/indicator-keyboard-En-1.svg
/usr/share/icons/ubuntu-mono-dark/status/22/indicator-keyboard-En-10.svg
/usr/share/icons/ubuntu-mono-dark/status/22/indicator-keyboard-En-11.svg
/usr/share/icons/ubuntu-mono-dark/status/22/indicator-keyboard-En-12.svg
/usr/share/icons/ubuntu-mono-dark/status/22/indicator-keyboard-En-13.svg
/usr/share/icons/ubuntu-mono-dark/status/22/indicator-keyboard-En-14.svg
/usr/share/icons/ubuntu-mono-dark/status/22/indicator-keyboard-En-15.svg
/usr/share/icons/ubuntu-mono-dark/status/22/indicator-keyboard-En-16.svg
/usr/share/icons/ubuntu-mono-dark/status/22/indicator-keyboard-En-17.svg
/usr/share/icons/ubuntu-mono-dark/status/22/indicator-keyboard-En-18.svg
/usr/share/icons/ubuntu-mono-dark/status/22/indicator-keyboard-En-19.svg
/usr/share/icons/ubuntu-mono-dark/status/22/indicator-keyboard-En-2.svg
/usr/share/icons/ubuntu-mono-dark/status/22/indicator-keyboard-En-20.svg
/usr/share/icons/ubuntu-mono-dark/status/22/indicator-keyboard-En-21.svg
/usr/share/icons/ubuntu-mono-dark/status/22/indicator-keyboard-En-22.svg
/usr/share/icons/ubuntu-mono-dark/status/22/indicator-keyboard-En-23.svg
/usr/share/icons/ubuntu-mono-dark/status/22/indicator-keyboard-En-24.svg
/usr/share/icons/ubuntu-mono-dark/status/22/indicator-keyboard-En-25.svg
/usr/share/icons/ubuntu-mono-dark/status/22/indicator-keyboard-En-26.svg
/usr/share/icons/ubuntu-mono-dark/status/22/indicator-keyboard-En-27.svg
/usr/share/icons/ubuntu-mono-dark/status/22/indicator-keyboard-En-28.svg
/usr/share/icons/ubuntu-mono-dark/status/22/indicator-keyboard-En-29.svg
/usr/share/icons/ubuntu-mono-dark/status/22/indicator-keyboard-En-3.svg
/usr/share/icons/ubuntu-mono-dark/status/22/indicator-keyboard-En-30.svg
/usr/share/icons/ubuntu-mono-dark/status/22/indicator-keyboard-En-31.svg
/usr/share/icons/ubuntu-mono-dark/status/22/indicator-keyboard-En-32.svg
/usr/share/icons/ubuntu-mono-dark/status/22/indicator-keyboard-En-33.svg
/usr/share/icons/ubuntu-mono-dark/status/22/indicator-keyboard-En-34.svg
/usr/share/icons/ubuntu-mono-dark/status/22/indicator-keyboard-En-35.svg
/usr/share/icons/ubuntu-mono-dark/status/22/indicator-keyboard-En-4.svg
/usr/share/icons/ubuntu-mono-dark/status/22/indicator-keyboard-En-5.svg
/usr/share/icons/ubuntu-mono-dark/status/22/indicator-keyboard-En-6.svg
/usr/share/icons/ubuntu-mono-dark/status/22/indicator-keyboard-En-7.svg
/usr/share/icons/ubuntu-mono-dark/status/22/indicator-keyboard-En-8.svg
/usr/share/icons/ubuntu-mono-dark/status/22/indicator-keyboard-En-9.svg
/usr/share/icons/ubuntu-mono-dark/status/22/indicator-keyboard-En.svg
/usr/share/icons/ubuntu-mono-dark/status/22/indicator-keyboard-Eo-1.svg
/usr/share/icons/ubuntu-mono-dark/status/22/indicator-keyboard-Eo-2.svg
/usr/share/icons/ubuntu-mono-dark/status/22/indicator-keyboard-Eo.svg
/usr/share/icons/ubuntu-mono-dark/status/22/indicator-keyboard-Es-1.svg
/usr/share/icons/ubuntu-mono-dark/status/22/indicator-keyboard-Es-10.svg
/usr/share/icons/ubuntu-mono-dark/status/22/indicator-keyboard-Es-11.svg
/usr/share/icons/ubuntu-mono-dark/status/22/indicator-keyboard-Es-12.svg
/usr/share/icons/ubuntu-mono-dark/status/22/indicator-keyboard-Es-2.svg
/usr/share/icons/ubuntu-mono-dark/status/22/indicator-keyboard-Es-3.svg
/usr/share/icons/ubuntu-mono-dark/status/22/indicator-keyboard-Es-4.svg
/usr/share/icons/ubuntu-mono-dark/status/22/indicator-keyboard-Es-5.svg
/usr/share/icons/ubuntu-mono-dark/status/22/indicator-keyboard-Es-6.svg
/usr/share/icons/ubuntu-mono-dark/status/22/indicator-keyboard-Es-7.svg
/usr/share/icons/ubuntu-mono-dark/status/22/indicator-keyboard-Es-8.svg
/usr/share/icons/ubuntu-mono-dark/status/22/indicator-keyboard-Es-9.svg
/usr/share/icons/ubuntu-mono-dark/status/22/indicator-keyboard-Es.svg
/usr/share/icons/ubuntu-mono-dark/status/22/indicator-keyboard-Et-1.svg
/usr/share/icons/ubuntu-mono-dark/status/22/indicator-keyboard-Et-2.svg
/usr/share/icons/ubuntu-mono-dark/status/22/indicator-keyboard-Et-3.svg
/usr/share/icons/ubuntu-mono-dark/status/22/indicator-keyboard-Et-4.svg
/usr/share/icons/ubuntu-mono-dark/status/22/indicator-keyboard-Et.svg
/usr/share/icons/ubuntu-mono-dark/status/22/indicator-keyboard-Fa-1.svg
/usr/share/icons/ubuntu-mono-dark/status/22/indicator-keyboard-Fa-2.svg
/usr/share/icons/ubuntu-mono-dark/status/22/indicator-keyboard-Fa-3.svg
/usr/share/icons/ubuntu-mono-dark/status/22/indicator-keyboard-Fa-4.svg
/usr/share/icons/ubuntu-mono-dark/status/22/indicator-keyboard-Fa.svg
/usr/share/icons/ubuntu-mono-dark/status/22/indicator-keyboard-Ff.svg
/usr/share/icons/ubuntu-mono-dark/status/22/indicator-keyboard-Fi-1.svg
/usr/share/icons/ubuntu-mono-dark/status/22/indicator-keyboard-Fi-2.svg
/usr/share/icons/ubuntu-mono-dark/status/22/indicator-keyboard-Fi-3.svg
/usr/share/icons/ubuntu-mono-dark/status/22/indicator-keyboard-Fi-4.svg
/usr/share/icons/ubuntu-mono-dark/status/22/indicator-keyboard-Fi-5.svg
/usr/share/icons/ubuntu-mono-dark/status/22/indicator-keyboard-Fi.svg
/usr/share/icons/ubuntu-mono-dark/status/22/indicator-keyboard-Fo-1.svg
/usr/share/icons/ubuntu-mono-dark/status/22/indicator-keyboard-Fo-2.svg
/usr/share/icons/ubuntu-mono-dark/status/22/indicator-keyboard-Fo.svg
/usr/share/icons/ubuntu-mono-dark/status/22/indicator-keyboard-Fr-1.svg
/usr/share/icons/ubuntu-mono-dark/status/22/indicator-keyboard-Fr-10.svg
/usr/share/icons/ubuntu-mono-dark/status/22/indicator-keyboard-Fr-11.svg
/usr/share/icons/ubuntu-mono-dark/status/22/indicator-keyboard-Fr-12.svg
/usr/share/icons/ubuntu-mono-dark/status/22/indicator-keyboard-Fr-13.svg
/usr/share/icons/ubuntu-mono-dark/status/22/indicator-keyboard-Fr-14.svg
/usr/share/icons/ubuntu-mono-dark/status/22/indicator-keyboard-Fr-15.svg
/usr/share/icons/ubuntu-mono-dark/status/22/indicator-keyboard-Fr-16.svg
/usr/share/icons/ubuntu-mono-dark/status/22/indicator-keyboard-Fr-17.svg
/usr/share/icons/ubuntu-mono-dark/status/22/indicator-keyboard-Fr-18.svg
/usr/share/icons/ubuntu-mono-dark/status/22/indicator-keyboard-Fr-19.svg
/usr/share/icons/ubuntu-mono-dark/status/22/indicator-keyboard-Fr-2.svg
/usr/share/icons/ubuntu-mono-dark/status/22/indicator-keyboard-Fr-20.svg
/usr/share/icons/ubuntu-mono-dark/status/22/indicator-keyboard-Fr-21.svg
/usr/share/icons/ubuntu-mono-dark/status/22/indicator-keyboard-Fr-22.svg
/usr/share/icons/ubuntu-mono-dark/status/22/indicator-keyboard-Fr-23.svg
/usr/share/icons/ubuntu-mono-dark/status/22/indicator-keyboard-Fr-24.svg
/usr/share/icons/ubuntu-mono-dark/status/22/indicator-keyboard-Fr-25.svg
/usr/share/icons/ubuntu-mono-dark/status/22/indicator-keyboard-Fr-26.svg
/usr/share/icons/ubuntu-mono-dark/status/22/indicator-keyboard-Fr-27.svg
/usr/share/icons/ubuntu-mono-dark/status/22/indicator-keyboard-Fr-28.svg
/usr/share/icons/ubuntu-mono-dark/status/22/indicator-keyboard-Fr-29.svg
/usr/share/icons/ubuntu-mono-dark/status/22/indicator-keyboard-Fr-3.svg
/usr/share/icons/ubuntu-mono-dark/status/22/indicator-keyboard-Fr-30.svg
/usr/share/icons/ubuntu-mono-dark/status/22/indicator-keyboard-Fr-31.svg
/usr/share/icons/ubuntu-mono-dark/status/22/indicator-keyboard-Fr-4.svg
/usr/share/icons/ubuntu-mono-dark/status/22/indicator-keyboard-Fr-5.svg
/usr/share/icons/ubuntu-mono-dark/status/22/indicator-keyboard-Fr-6.svg
/usr/share/icons/ubuntu-mono-dark/status/22/indicator-keyboard-Fr-7.svg
/usr/share/icons/ubuntu-mono-dark/status/22/indicator-keyboard-Fr-8.svg
/usr/share/icons/ubuntu-mono-dark/status/22/indicator-keyboard-Fr-9.svg
/usr/share/icons/ubuntu-mono-dark/status/22/indicator-keyboard-Fr.svg
/usr/share/icons/ubuntu-mono-dark/status/22/indicator-keyboard-Ga-1.svg
/usr/share/icons/ubuntu-mono-dark/status/22/indicator-keyboard-Ga-2.svg
/usr/share/icons/ubuntu-mono-dark/status/22/indicator-keyboard-Ga.svg
/usr/share/icons/ubuntu-mono-dark/status/22/indicator-keyboard-Gr-1.svg
/usr/share/icons/ubuntu-mono-dark/status/22/indicator-keyboard-Gr-2.svg
/usr/share/icons/ubuntu-mono-dark/status/22/indicator-keyboard-Gr-3.svg
/usr/share/icons/ubuntu-mono-dark/status/22/indicator-keyboard-Gr-4.svg
/usr/share/icons/ubuntu-mono-dark/status/22/indicator-keyboard-Gr-5.svg
/usr/share/icons/ubuntu-mono-dark/status/22/indicator-keyboard-Gr.svg
/usr/share/icons/ubuntu-mono-dark/status/22/indicator-keyboard-Gu.svg
/usr/share/icons/ubuntu-mono-dark/status/22/indicator-keyboard-Ha-1.svg
/usr/share/icons/ubuntu-mono-dark/status/22/indicator-keyboard-Ha-2.svg
/usr/share/icons/ubuntu-mono-dark/status/22/indicator-keyboard-Ha.svg
/usr/share/icons/ubuntu-mono-dark/status/22/indicator-keyboard-He-1.svg
/usr/share/icons/ubuntu-mono-dark/status/22/indicator-keyboard-He-2.svg
/usr/share/icons/ubuntu-mono-dark/status/22/indicator-keyboard-He-3.svg
/usr/share/icons/ubuntu-mono-dark/status/22/indicator-keyboard-He-4.svg
/usr/share/icons/ubuntu-mono-dark/status/22/indicator-keyboard-He.svg
/usr/share/icons/ubuntu-mono-dark/status/22/indicator-keyboard-Hi-1.svg
/usr/share/icons/ubuntu-mono-dark/status/22/indicator-keyboard-Hi-2.svg
/usr/share/icons/ubuntu-mono-dark/status/22/indicator-keyboard-Hi-3.svg
/usr/share/icons/ubuntu-mono-dark/status/22/indicator-keyboard-Hi.svg
/usr/share/icons/ubuntu-mono-dark/status/22/indicator-keyboard-Hr-1.svg
/usr/share/icons/ubuntu-mono-dark/status/22/indicator-keyboard-Hr-2.svg
/usr/share/icons/ubuntu-mono-dark/status/22/indicator-keyboard-Hr-3.svg
/usr/share/icons/ubuntu-mono-dark/status/22/indicator-keyboard-Hr-4.svg
/usr/share/icons/ubuntu-mono-dark/status/22/indicator-keyboard-Hr-5.svg
/usr/share/icons/ubuntu-mono-dark/status/22/indicator-keyboard-Hr.svg
/usr/share/icons/ubuntu-mono-dark/status/22/indicator-keyboard-Hu-1.svg
/usr/share/icons/ubuntu-mono-dark/status/22/indicator-keyboard-Hu-10.svg
/usr/share/icons/ubuntu-mono-dark/status/22/indicator-keyboard-Hu-11.svg
/usr/share/icons/ubuntu-mono-dark/status/22/indicator-keyboard-Hu-12.svg
/usr/share/icons/ubuntu-mono-dark/status/22/indicator-keyboard-Hu-13.svg
/usr/share/icons/ubuntu-mono-dark/status/22/indicator-keyboard-Hu-14.svg
/usr/share/icons/ubuntu-mono-dark/status/22/indicator-keyboard-Hu-15.svg
/usr/share/icons/ubuntu-mono-dark/status/22/indicator-keyboard-Hu-16.svg
/usr/share/icons/ubuntu-mono-dark/status/22/indicator-keyboard-Hu-17.svg
/usr/share/icons/ubuntu-mono-dark/status/22/indicator-keyboard-Hu-18.svg
/usr/share/icons/ubuntu-mono-dark/status/22/indicator-keyboard-Hu-19.svg
/usr/share/icons/ubuntu-mono-dark/status/22/indicator-keyboard-Hu-2.svg
/usr/share/icons/ubuntu-mono-dark/status/22/indicator-keyboard-Hu-20.svg
/usr/share/icons/ubuntu-mono-dark/status/22/indicator-keyboard-Hu-3.svg
/usr/share/icons/ubuntu-mono-dark/status/22/indicator-keyboard-Hu-4.svg
/usr/share/icons/ubuntu-mono-dark/status/22/indicator-keyboard-Hu-5.svg
/usr/share/icons/ubuntu-mono-dark/status/22/indicator-keyboard-Hu-6.svg
/usr/share/icons/ubuntu-mono-dark/status/22/indicator-keyboard-Hu-7.svg
/usr/share/icons/ubuntu-mono-dark/status/22/indicator-keyboard-Hu-8.svg
/usr/share/icons/ubuntu-mono-dark/status/22/indicator-keyboard-Hu-9.svg
/usr/share/icons/ubuntu-mono-dark/status/22/indicator-keyboard-Hu.svg
/usr/share/icons/ubuntu-mono-dark/status/22/indicator-keyboard-Hy-1.svg
/usr/share/icons/ubuntu-mono-dark/status/22/indicator-keyboard-Hy-2.svg
/usr/share/icons/ubuntu-mono-dark/status/22/indicator-keyboard-Hy-3.svg
/usr/share/icons/ubuntu-mono-dark/status/22/indicator-keyboard-Hy-4.svg
/usr/share/icons/ubuntu-mono-dark/status/22/indicator-keyboard-Hy-5.svg
/usr/share/icons/ubuntu-mono-dark/status/22/indicator-keyboard-Hy-6.svg
/usr/share/icons/ubuntu-mono-dark/status/22/indicator-keyboard-Hy.svg
/usr/share/icons/ubuntu-mono-dark/status/22/indicator-keyboard-Ie-1.svg
/usr/share/icons/ubuntu-mono-dark/status/22/indicator-keyboard-Ie-2.svg
/usr/share/icons/ubuntu-mono-dark/status/22/indicator-keyboard-Ie-3.svg
/usr/share/icons/ubuntu-mono-dark/status/22/indicator-keyboard-Ie-4.svg
/usr/share/icons/ubuntu-mono-dark/status/22/indicator-keyboard-Ie-5.svg
/usr/share/icons/ubuntu-mono-dark/status/22/indicator-keyboard-Ie.svg
/usr/share/icons/ubuntu-mono-dark/status/22/indicator-keyboard-Ig.svg
/usr/share/icons/ubuntu-mono-dark/status/22/indicator-keyboard-Ik.svg
/usr/share/icons/ubuntu-mono-dark/status/22/indicator-keyboard-In-1.svg
/usr/share/icons/ubuntu-mono-dark/status/22/indicator-keyboard-In-2.svg
/usr/share/icons/ubuntu-mono-dark/status/22/indicator-keyboard-In-3.svg
/usr/share/icons/ubuntu-mono-dark/status/22/indicator-keyboard-In-4.svg
/usr/share/icons/ubuntu-mono-dark/status/22/indicator-keyboard-In-5.svg
/usr/share/icons/ubuntu-mono-dark/status/22/indicator-keyboard-In.svg
/usr/share/icons/ubuntu-mono-dark/status/22/indicator-keyboard-Is-1.svg
/usr/share/icons/ubuntu-mono-dark/status/22/indicator-keyboard-Is-2.svg
/usr/share/icons/ubuntu-mono-dark/status/22/indicator-keyboard-Is-3.svg
/usr/share/icons/ubuntu-mono-dark/status/22/indicator-keyboard-Is-4.svg
/usr/share/icons/ubuntu-mono-dark/status/22/indicator-keyboard-Is-5.svg
/usr/share/icons/ubuntu-mono-dark/status/22/indicator-keyboard-Is.svg
/usr/share/icons/ubuntu-mono-dark/status/22/indicator-keyboard-It-1.svg
/usr/share/icons/ubuntu-mono-dark/status/22/indicator-keyboard-It-2.svg
/usr/share/icons/ubuntu-mono-dark/status/22/indicator-keyboard-It-3.svg
/usr/share/icons/ubuntu-mono-dark/status/22/indicator-keyboard-It-4.svg
/usr/share/icons/ubuntu-mono-dark/status/22/indicator-keyboard-It-5.svg
/usr/share/icons/ubuntu-mono-dark/status/22/indicator-keyboard-It-6.svg
/usr/share/icons/ubuntu-mono-dark/status/22/indicator-keyboard-It.svg
/usr/share/icons/ubuntu-mono-dark/status/22/indicator-keyboard-Ja-1.svg
/usr/share/icons/ubuntu-mono-dark/status/22/indicator-keyboard-Ja-2.svg
/usr/share/icons/ubuntu-mono-dark/status/22/indicator-keyboard-Ja-3.svg
/usr/share/icons/ubuntu-mono-dark/status/22/indicator-keyboard-Ja-4.svg
/usr/share/icons/ubuntu-mono-dark/status/22/indicator-keyboard-Ja-5.svg
/usr/share/icons/ubuntu-mono-dark/status/22/indicator-keyboard-Ja-6.svg
/usr/share/icons/ubuntu-mono-dark/status/22/indicator-keyboard-Ja-7.svg
/usr/share/icons/ubuntu-mono-dark/status/22/indicator-keyboard-Ja.svg
/usr/share/icons/ubuntu-mono-dark/status/22/indicator-keyboard-Ka-1.svg
/usr/share/icons/ubuntu-mono-dark/status/22/indicator-keyboard-Ka-2.svg
/usr/share/icons/ubuntu-mono-dark/status/22/indicator-keyboard-Ka-3.svg
/usr/share/icons/ubuntu-mono-dark/status/22/indicator-keyboard-Ka-4.svg
/usr/share/icons/ubuntu-mono-dark/status/22/indicator-keyboard-Ka.svg
/usr/share/icons/ubuntu-mono-dark/status/22/indicator-keyboard-Ki-1.svg
/usr/share/icons/ubuntu-mono-dark/status/22/indicator-keyboard-Ki-2.svg
/usr/share/icons/ubuntu-mono-dark/status/22/indicator-keyboard-Ki-3.svg
/usr/share/icons/ubuntu-mono-dark/status/22/indicator-keyboard-Ki.svg
/usr/share/icons/ubuntu-mono-dark/status/22/indicator-keyboard-Kk-1.svg
/usr/share/icons/ubuntu-mono-dark/status/22/indicator-keyboard-Kk-2.svg
/usr/share/icons/ubuntu-mono-dark/status/22/indicator-keyboard-Kk.svg
/usr/share/icons/ubuntu-mono-dark/status/22/indicator-keyboard-Km.svg
/usr/share/icons/ubuntu-mono-dark/status/22/indicator-keyboard-Kn-1.svg
/usr/share/icons/ubuntu-mono-dark/status/22/indicator-keyboard-Kn-2.svg
/usr/share/icons/ubuntu-mono-dark/status/22/indicator-keyboard-Kn.svg
/usr/share/icons/ubuntu-mono-dark/status/22/indicator-keyboard-Ko-1.svg
/usr/share/icons/ubuntu-mono-dark/status/22/indicator-keyboard-Ko-2.svg
/usr/share/icons/ubuntu-mono-dark/status/22/indicator-keyboard-Ko.svg
/usr/share/icons/ubuntu-mono-dark/status/22/indicator-keyboard-Ku-1.svg
/usr/share/icons/ubuntu-mono-dark/status/22/indicator-keyboard-Ku-10.svg
/usr/share/icons/ubuntu-mono-dark/status/22/indicator-keyboard-Ku-11.svg
/usr/share/icons/ubuntu-mono-dark/status/22/indicator-keyboard-Ku-12.svg
/usr/share/icons/ubuntu-mono-dark/status/22/indicator-keyboard-Ku-13.svg
/usr/share/icons/ubuntu-mono-dark/status/22/indicator-keyboard-Ku-14.svg
/usr/share/icons/ubuntu-mono-dark/status/22/indicator-keyboard-Ku-2.svg
/usr/share/icons/ubuntu-mono-dark/status/22/indicator-keyboard-Ku-3.svg
/usr/share/icons/ubuntu-mono-dark/status/22/indicator-keyboard-Ku-4.svg
/usr/share/icons/ubuntu-mono-dark/status/22/indicator-keyboard-Ku-5.svg
/usr/share/icons/ubuntu-mono-dark/status/22/indicator-keyboard-Ku-6.svg
/usr/share/icons/ubuntu-mono-dark/status/22/indicator-keyboard-Ku-7.svg
/usr/share/icons/ubuntu-mono-dark/status/22/indicator-keyboard-Ku-8.svg
/usr/share/icons/ubuntu-mono-dark/status/22/indicator-keyboard-Ku-9.svg
/usr/share/icons/ubuntu-mono-dark/status/22/indicator-keyboard-Ku.svg
/usr/share/icons/ubuntu-mono-dark/status/22/indicator-keyboard-Lo-1.svg
/usr/share/icons/ubuntu-mono-dark/status/22/indicator-keyboard-Lo-2.svg
/usr/share/icons/ubuntu-mono-dark/status/22/indicator-keyboard-Lo.svg
/usr/share/icons/ubuntu-mono-dark/status/22/indicator-keyboard-Lt-1.svg
/usr/share/icons/ubuntu-mono-dark/status/22/indicator-keyboard-Lt-2.svg
/usr/share/icons/ubuntu-mono-dark/status/22/indicator-keyboard-Lt-3.svg
/usr/share/icons/ubuntu-mono-dark/status/22/indicator-keyboard-Lt-4.svg
/usr/share/icons/ubuntu-mono-dark/status/22/indicator-keyboard-Lt-5.svg
/usr/share/icons/ubuntu-mono-dark/status/22/indicator-keyboard-Lt-6.svg
/usr/share/icons/ubuntu-mono-dark/status/22/indicator-keyboard-Lt.svg
/usr/share/icons/ubuntu-mono-dark/status/22/indicator-keyboard-Lv-1.svg
/usr/share/icons/ubuntu-mono-dark/status/22/indicator-keyboard-Lv-2.svg
/usr/share/icons/ubuntu-mono-dark/status/22/indicator-keyboard-Lv-3.svg
/usr/share/icons/ubuntu-mono-dark/status/22/indicator-keyboard-Lv-4.svg
/usr/share/icons/ubuntu-mono-dark/status/22/indicator-keyboard-Lv-5.svg
/usr/share/icons/ubuntu-mono-dark/status/22/indicator-keyboard-Lv-6.svg
/usr/share/icons/ubuntu-mono-dark/status/22/indicator-keyboard-Lv-7.svg
/usr/share/icons/ubuntu-mono-dark/status/22/indicator-keyboard-Lv.svg
/usr/share/icons/ubuntu-mono-dark/status/22/indicator-keyboard-Md.svg
/usr/share/icons/ubuntu-mono-dark/status/22/indicator-keyboard-Mi.svg
/usr/share/icons/ubuntu-mono-dark/status/22/indicator-keyboard-Mk-1.svg
/usr/share/icons/ubuntu-mono-dark/status/22/indicator-keyboard-Mk-2.svg
/usr/share/icons/ubuntu-mono-dark/status/22/indicator-keyboard-Mk.svg
/usr/share/icons/ubuntu-mono-dark/status/22/indicator-keyboard-Ml-1.svg
/usr/share/icons/ubuntu-mono-dark/status/22/indicator-keyboard-Ml-2.svg
/usr/share/icons/ubuntu-mono-dark/status/22/indicator-keyboard-Ml-3.svg
/usr/share/icons/ubuntu-mono-dark/status/22/indicator-keyboard-Ml.svg
/usr/share/icons/ubuntu-mono-dark/status/22/indicator-keyboard-Mn.svg
/usr/share/icons/ubuntu-mono-dark/status/22/indicator-keyboard-Mr.svg
/usr/share/icons/ubuntu-mono-dark/status/22/indicator-keyboard-Mt-1.svg
/usr/share/icons/ubuntu-mono-dark/status/22/indicator-keyboard-Mt-2.svg
/usr/share/icons/ubuntu-mono-dark/status/22/indicator-keyboard-Mt.svg
/usr/share/icons/ubuntu-mono-dark/status/22/indicator-keyboard-My.svg
/usr/share/icons/ubuntu-mono-dark/status/22/indicator-keyboard-Ne.svg
/usr/share/icons/ubuntu-mono-dark/status/22/indicator-keyboard-Nl-1.svg
/usr/share/icons/ubuntu-mono-dark/status/22/indicator-keyboard-Nl-2.svg
/usr/share/icons/ubuntu-mono-dark/status/22/indicator-keyboard-Nl-3.svg
/usr/share/icons/ubuntu-mono-dark/status/22/indicator-keyboard-Nl-4.svg
/usr/share/icons/ubuntu-mono-dark/status/22/indicator-keyboard-Nl.svg
/usr/share/icons/ubuntu-mono-dark/status/22/indicator-keyboard-No-1.svg
/usr/share/icons/ubuntu-mono-dark/status/22/indicator-keyboard-No-2.svg
/usr/share/icons/ubuntu-mono-dark/status/22/indicator-keyboard-No-3.svg
/usr/share/icons/ubuntu-mono-dark/status/22/indicator-keyboard-No-4.svg
/usr/share/icons/ubuntu-mono-dark/status/22/indicator-keyboard-No-5.svg
/usr/share/icons/ubuntu-mono-dark/status/22/indicator-keyboard-No-6.svg
/usr/share/icons/ubuntu-mono-dark/status/22/indicator-keyboard-No-7.svg
/usr/share/icons/ubuntu-mono-dark/status/22/indicator-keyboard-No-8.svg
/usr/share/icons/ubuntu-mono-dark/status/22/indicator-keyboard-No.svg
/usr/share/icons/ubuntu-mono-dark/status/22/indicator-keyboard-Or.svg
/usr/share/icons/ubuntu-mono-dark/status/22/indicator-keyboard-Pa-1.svg
/usr/share/icons/ubuntu-mono-dark/status/22/indicator-keyboard-Pa-2.svg
/usr/share/icons/ubuntu-mono-dark/status/22/indicator-keyboard-Pa.svg
/usr/share/icons/ubuntu-mono-dark/status/22/indicator-keyboard-Ph-1.svg
/usr/share/icons/ubuntu-mono-dark/status/22/indicator-keyboard-Ph-10.svg
/usr/share/icons/ubuntu-mono-dark/status/22/indicator-keyboard-Ph-2.svg
/usr/share/icons/ubuntu-mono-dark/status/22/indicator-keyboard-Ph-3.svg
/usr/share/icons/ubuntu-mono-dark/status/22/indicator-keyboard-Ph-4.svg
/usr/share/icons/ubuntu-mono-dark/status/22/indicator-keyboard-Ph-5.svg
/usr/share/icons/ubuntu-mono-dark/status/22/indicator-keyboard-Ph-6.svg
/usr/share/icons/ubuntu-mono-dark/status/22/indicator-keyboard-Ph-7.svg
/usr/share/icons/ubuntu-mono-dark/status/22/indicator-keyboard-Ph-8.svg
/usr/share/icons/ubuntu-mono-dark/status/22/indicator-keyboard-Ph-9.svg
/usr/share/icons/ubuntu-mono-dark/status/22/indicator-keyboard-Ph.svg
/usr/share/icons/ubuntu-mono-dark/status/22/indicator-keyboard-Pl-1.svg
/usr/share/icons/ubuntu-mono-dark/status/22/indicator-keyboard-Pl-2.svg
/usr/share/icons/ubuntu-mono-dark/status/22/indicator-keyboard-Pl-3.svg
/usr/share/icons/ubuntu-mono-dark/status/22/indicator-keyboard-Pl-4.svg
/usr/share/icons/ubuntu-mono-dark/status/22/indicator-keyboard-Pl-5.svg
/usr/share/icons/ubuntu-mono-dark/status/22/indicator-keyboard-Pl-6.svg
/usr/share/icons/ubuntu-mono-dark/status/22/indicator-keyboard-Pl-7.svg
/usr/share/icons/ubuntu-mono-dark/status/22/indicator-keyboard-Pl-8.svg
/usr/share/icons/ubuntu-mono-dark/status/22/indicator-keyboard-Pl-9.svg
/usr/share/icons/ubuntu-mono-dark/status/22/indicator-keyboard-Pl.svg
/usr/share/icons/ubuntu-mono-dark/status/22/indicator-keyboard-Ps-1.svg
/usr/share/icons/ubuntu-mono-dark/status/22/indicator-keyboard-Ps-2.svg
/usr/share/icons/ubuntu-mono-dark/status/22/indicator-keyboard-Ps.svg
/usr/share/icons/ubuntu-mono-dark/status/22/indicator-keyboard-Pt-1.svg
/usr/share/icons/ubuntu-mono-dark/status/22/indicator-keyboard-Pt-10.svg
/usr/share/icons/ubuntu-mono-dark/status/22/indicator-keyboard-Pt-11.svg
/usr/share/icons/ubuntu-mono-dark/status/22/indicator-keyboard-Pt-12.svg
/usr/share/icons/ubuntu-mono-dark/status/22/indicator-keyboard-Pt-13.svg
/usr/share/icons/ubuntu-mono-dark/status/22/indicator-keyboard-Pt-14.svg
/usr/share/icons/ubuntu-mono-dark/status/22/indicator-keyboard-Pt-15.svg
/usr/share/icons/ubuntu-mono-dark/status/22/indicator-keyboard-Pt-2.svg
/usr/share/icons/ubuntu-mono-dark/status/22/indicator-keyboard-Pt-3.svg
/usr/share/icons/ubuntu-mono-dark/status/22/indicator-keyboard-Pt-4.svg
/usr/share/icons/ubuntu-mono-dark/status/22/indicator-keyboard-Pt-5.svg
/usr/share/icons/ubuntu-mono-dark/status/22/indicator-keyboard-Pt-6.svg
/usr/share/icons/ubuntu-mono-dark/status/22/indicator-keyboard-Pt-7.svg
/usr/share/icons/ubuntu-mono-dark/status/22/indicator-keyboard-Pt-8.svg
/usr/share/icons/ubuntu-mono-dark/status/22/indicator-keyboard-Pt-9.svg
/usr/share/icons/ubuntu-mono-dark/status/22/indicator-keyboard-Pt.svg
/usr/share/icons/ubuntu-mono-dark/status/22/indicator-keyboard-Ro-1.svg
/usr/share/icons/ubuntu-mono-dark/status/22/indicator-keyboard-Ro-2.svg
/usr/share/icons/ubuntu-mono-dark/status/22/indicator-keyboard-Ro-3.svg
/usr/share/icons/ubuntu-mono-dark/status/22/indicator-keyboard-Ro-4.svg
/usr/share/icons/ubuntu-mono-dark/status/22/indicator-keyboard-Ro-5.svg
/usr/share/icons/ubuntu-mono-dark/status/22/indicator-keyboard-Ro.svg
/usr/share/icons/ubuntu-mono-dark/status/22/indicator-keyboard-Ru-1.svg
/usr/share/icons/ubuntu-mono-dark/status/22/indicator-keyboard-Ru-10.svg
/usr/share/icons/ubuntu-mono-dark/status/22/indicator-keyboard-Ru-11.svg
/usr/share/icons/ubuntu-mono-dark/status/22/indicator-keyboard-Ru-12.svg
/usr/share/icons/ubuntu-mono-dark/status/22/indicator-keyboard-Ru-13.svg
/usr/share/icons/ubuntu-mono-dark/status/22/indicator-keyboard-Ru-14.svg
/usr/share/icons/ubuntu-mono-dark/status/22/indicator-keyboard-Ru-15.svg
/usr/share/icons/ubuntu-mono-dark/status/22/indicator-keyboard-Ru-16.svg
/usr/share/icons/ubuntu-mono-dark/status/22/indicator-keyboard-Ru-17.svg
/usr/share/icons/ubuntu-mono-dark/status/22/indicator-keyboard-Ru-18.svg
/usr/share/icons/ubuntu-mono-dark/status/22/indicator-keyboard-Ru-19.svg
/usr/share/icons/ubuntu-mono-dark/status/22/indicator-keyboard-Ru-2.svg
/usr/share/icons/ubuntu-mono-dark/status/22/indicator-keyboard-Ru-20.svg
/usr/share/icons/ubuntu-mono-dark/status/22/indicator-keyboard-Ru-21.svg
/usr/share/icons/ubuntu-mono-dark/status/22/indicator-keyboard-Ru-22.svg
/usr/share/icons/ubuntu-mono-dark/status/22/indicator-keyboard-Ru-23.svg
/usr/share/icons/ubuntu-mono-dark/status/22/indicator-keyboard-Ru-24.svg
/usr/share/icons/ubuntu-mono-dark/status/22/indicator-keyboard-Ru-25.svg
/usr/share/icons/ubuntu-mono-dark/status/22/indicator-keyboard-Ru-26.svg
/usr/share/icons/ubuntu-mono-dark/status/22/indicator-keyboard-Ru-27.svg
/usr/share/icons/ubuntu-mono-dark/status/22/indicator-keyboard-Ru-3.svg
/usr/share/icons/ubuntu-mono-dark/status/22/indicator-keyboard-Ru-4.svg
/usr/share/icons/ubuntu-mono-dark/status/22/indicator-keyboard-Ru-5.svg
/usr/share/icons/ubuntu-mono-dark/status/22/indicator-keyboard-Ru-6.svg
/usr/share/icons/ubuntu-mono-dark/status/22/indicator-keyboard-Ru-7.svg
/usr/share/icons/ubuntu-mono-dark/status/22/indicator-keyboard-Ru-8.svg
/usr/share/icons/ubuntu-mono-dark/status/22/indicator-keyboard-Ru-9.svg
/usr/share/icons/ubuntu-mono-dark/status/22/indicator-keyboard-Ru.svg
/usr/share/icons/ubuntu-mono-dark/status/22/indicator-keyboard-Sa.svg
/usr/share/icons/ubuntu-mono-dark/status/22/indicator-keyboard-Sd.svg
/usr/share/icons/ubuntu-mono-dark/status/22/indicator-keyboard-Si-1.svg
/usr/share/icons/ubuntu-mono-dark/status/22/indicator-keyboard-Si-2.svg
/usr/share/icons/ubuntu-mono-dark/status/22/indicator-keyboard-Si.svg
/usr/share/icons/ubuntu-mono-dark/status/22/indicator-keyboard-Sk-1.svg
/usr/share/icons/ubuntu-mono-dark/status/22/indicator-keyboard-Sk-2.svg
/usr/share/icons/ubuntu-mono-dark/status/22/indicator-keyboard-Sk-3.svg
/usr/share/icons/ubuntu-mono-dark/status/22/indicator-keyboard-Sk-4.svg
/usr/share/icons/ubuntu-mono-dark/status/22/indicator-keyboard-Sk.svg
/usr/share/icons/ubuntu-mono-dark/status/22/indicator-keyboard-Sl-1.svg
/usr/share/icons/ubuntu-mono-dark/status/22/indicator-keyboard-Sl-2.svg
/usr/share/icons/ubuntu-mono-dark/status/22/indicator-keyboard-Sl-3.svg
/usr/share/icons/ubuntu-mono-dark/status/22/indicator-keyboard-Sl.svg
/usr/share/icons/ubuntu-mono-dark/status/22/indicator-keyboard-Sq.svg
/usr/share/icons/ubuntu-mono-dark/status/22/indicator-keyboard-Sr-1.svg
/usr/share/icons/ubuntu-mono-dark/status/22/indicator-keyboard-Sr-10.svg
/usr/share/icons/ubuntu-mono-dark/status/22/indicator-keyboard-Sr-11.svg
/usr/share/icons/ubuntu-mono-dark/status/22/indicator-keyboard-Sr-12.svg
/usr/share/icons/ubuntu-mono-dark/status/22/indicator-keyboard-Sr-13.svg
/usr/share/icons/ubuntu-mono-dark/status/22/indicator-keyboard-Sr-14.svg
/usr/share/icons/ubuntu-mono-dark/status/22/indicator-keyboard-Sr-15.svg
/usr/share/icons/ubuntu-mono-dark/status/22/indicator-keyboard-Sr-16.svg
/usr/share/icons/ubuntu-mono-dark/status/22/indicator-keyboard-Sr-17.svg
/usr/share/icons/ubuntu-mono-dark/status/22/indicator-keyboard-Sr-2.svg
/usr/share/icons/ubuntu-mono-dark/status/22/indicator-keyboard-Sr-3.svg
/usr/share/icons/ubuntu-mono-dark/status/22/indicator-keyboard-Sr-4.svg
/usr/share/icons/ubuntu-mono-dark/status/22/indicator-keyboard-Sr-5.svg
/usr/share/icons/ubuntu-mono-dark/status/22/indicator-keyboard-Sr-6.svg
/usr/share/icons/ubuntu-mono-dark/status/22/indicator-keyboard-Sr-7.svg
/usr/share/icons/ubuntu-mono-dark/status/22/indicator-keyboard-Sr-8.svg
/usr/share/icons/ubuntu-mono-dark/status/22/indicator-keyboard-Sr-9.svg
/usr/share/icons/ubuntu-mono-dark/status/22/indicator-keyboard-Sr.svg
/usr/share/icons/ubuntu-mono-dark/status/22/indicator-keyboard-Sv-1.svg
/usr/share/icons/ubuntu-mono-dark/status/22/indicator-keyboard-Sv-2.svg
/usr/share/icons/ubuntu-mono-dark/status/22/indicator-keyboard-Sv-3.svg
/usr/share/icons/ubuntu-mono-dark/status/22/indicator-keyboard-Sv-4.svg
/usr/share/icons/ubuntu-mono-dark/status/22/indicator-keyboard-Sv-5.svg
/usr/share/icons/ubuntu-mono-dark/status/22/indicator-keyboard-Sv-6.svg
/usr/share/icons/ubuntu-mono-dark/status/22/indicator-keyboard-Sv-7.svg
/usr/share/icons/ubuntu-mono-dark/status/22/indicator-keyboard-Sv.svg
/usr/share/icons/ubuntu-mono-dark/status/22/indicator-keyboard-Sw-1.svg
/usr/share/icons/ubuntu-mono-dark/status/22/indicator-keyboard-Sw-2.svg
/usr/share/icons/ubuntu-mono-dark/status/22/indicator-keyboard-Sw.svg
/usr/share/icons/ubuntu-mono-dark/status/22/indicator-keyboard-Sy-1.svg
/usr/share/icons/ubuntu-mono-dark/status/22/indicator-keyboard-Sy-2.svg
/usr/share/icons/ubuntu-mono-dark/status/22/indicator-keyboard-Sy.svg
/usr/share/icons/ubuntu-mono-dark/status/22/indicator-keyboard-Ta-1.svg
/usr/share/icons/ubuntu-mono-dark/status/22/indicator-keyboard-Ta-2.svg
/usr/share/icons/ubuntu-mono-dark/status/22/indicator-keyboard-Ta-3.svg
/usr/share/icons/ubuntu-mono-dark/status/22/indicator-keyboard-Ta-4.svg
/usr/share/icons/ubuntu-mono-dark/status/22/indicator-keyboard-Ta-5.svg
/usr/share/icons/ubuntu-mono-dark/status/22/indicator-keyboard-Ta-6.svg
/usr/share/icons/ubuntu-mono-dark/status/22/indicator-keyboard-Ta.svg
/usr/share/icons/ubuntu-mono-dark/status/22/indicator-keyboard-Te-1.svg
/usr/share/icons/ubuntu-mono-dark/status/22/indicator-keyboard-Te-2.svg
/usr/share/icons/ubuntu-mono-dark/status/22/indicator-keyboard-Te.svg
/usr/share/icons/ubuntu-mono-dark/status/22/indicator-keyboard-Tg-1.svg
/usr/share/icons/ubuntu-mono-dark/status/22/indicator-keyboard-Tg-2.svg
/usr/share/icons/ubuntu-mono-dark/status/22/indicator-keyboard-Tg.svg
/usr/share/icons/ubuntu-mono-dark/status/22/indicator-keyboard-Th-1.svg
/usr/share/icons/ubuntu-mono-dark/status/22/indicator-keyboard-Th-2.svg
/usr/share/icons/ubuntu-mono-dark/status/22/indicator-keyboard-Th-3.svg
/usr/share/icons/ubuntu-mono-dark/status/22/indicator-keyboard-Th.svg
/usr/share/icons/ubuntu-mono-dark/status/22/indicator-keyboard-Tk-1.svg
/usr/share/icons/ubuntu-mono-dark/status/22/indicator-keyboard-Tk-2.svg
/usr/share/icons/ubuntu-mono-dark/status/22/indicator-keyboard-Tk.svg
/usr/share/icons/ubuntu-mono-dark/status/22/indicator-keyboard-Tn.svg
/usr/share/icons/ubuntu-mono-dark/status/22/indicator-keyboard-Tr-1.svg
/usr/share/icons/ubuntu-mono-dark/status/22/indicator-keyboard-Tr-2.svg
/usr/share/icons/ubuntu-mono-dark/status/22/indicator-keyboard-Tr-3.svg
/usr/share/icons/ubuntu-mono-dark/status/22/indicator-keyboard-Tr-4.svg
/usr/share/icons/ubuntu-mono-dark/status/22/indicator-keyboard-Tr-5.svg
/usr/share/icons/ubuntu-mono-dark/status/22/indicator-keyboard-Tr.svg
/usr/share/icons/ubuntu-mono-dark/status/22/indicator-keyboard-Uk-1.svg
/usr/share/icons/ubuntu-mono-dark/status/22/indicator-keyboard-Uk-2.svg
/usr/share/icons/ubuntu-mono-dark/status/22/indicator-keyboard-Uk-3.svg
/usr/share/icons/ubuntu-mono-dark/status/22/indicator-keyboard-Uk-4.svg
/usr/share/icons/ubuntu-mono-dark/status/22/indicator-keyboard-Uk-5.svg
/usr/share/icons/ubuntu-mono-dark/status/22/indicator-keyboard-Uk-6.svg
/usr/share/icons/ubuntu-mono-dark/status/22/indicator-keyboard-Uk-7.svg
/usr/share/icons/ubuntu-mono-dark/status/22/indicator-keyboard-Uk-8.svg
/usr/share/icons/ubuntu-mono-dark/status/22/indicator-keyboard-Uk.svg
/usr/share/icons/ubuntu-mono-dark/status/22/indicator-keyboard-Ur-1.svg
/usr/share/icons/ubuntu-mono-dark/status/22/indicator-keyboard-Ur-2.svg
/usr/share/icons/ubuntu-mono-dark/status/22/indicator-keyboard-Ur-3.svg
/usr/share/icons/ubuntu-mono-dark/status/22/indicator-keyboard-Ur-4.svg
/usr/share/icons/ubuntu-mono-dark/status/22/indicator-keyboard-Ur-5.svg
/usr/share/icons/ubuntu-mono-dark/status/22/indicator-keyboard-Ur-6.svg
/usr/share/icons/ubuntu-mono-dark/status/22/indicator-keyboard-Ur.svg
/usr/share/icons/ubuntu-mono-dark/status/22/indicator-keyboard-Uz-1.svg
/usr/share/icons/ubuntu-mono-dark/status/22/indicator-keyboard-Uz-2.svg
/usr/share/icons/ubuntu-mono-dark/status/22/indicator-keyboard-Uz-3.svg
/usr/share/icons/ubuntu-mono-dark/status/22/indicator-keyboard-Uz-4.svg
/usr/share/icons/ubuntu-mono-dark/status/22/indicator-keyboard-Uz.svg
/usr/share/icons/ubuntu-mono-dark/status/22/indicator-keyboard-Vi.svg
/usr/share/icons/ubuntu-mono-dark/status/22/indicator-keyboard-Wo.svg
/usr/share/icons/ubuntu-mono-dark/status/22/indicator-keyboard-Xs.svg
/usr/share/icons/ubuntu-mono-dark/status/22/indicator-keyboard-Yo.svg
/usr/share/icons/ubuntu-mono-dark/status/22/indicator-keyboard-Zh-1.svg
/usr/share/icons/ubuntu-mono-dark/status/22/indicator-keyboard-Zh-2.svg
/usr/share/icons/ubuntu-mono-dark/status/22/indicator-keyboard-Zh-3.svg
/usr/share/icons/ubuntu-mono-dark/status/22/indicator-keyboard-Zh-4.svg
/usr/share/icons/ubuntu-mono-dark/status/22/indicator-keyboard-Zh-5.svg
/usr/share/icons/ubuntu-mono-dark/status/22/indicator-keyboard-Zh-6.svg
/usr/share/icons/ubuntu-mono-dark/status/22/indicator-keyboard-Zh.svg
/usr/share/icons/ubuntu-mono-dark/status/22/indicator-messages-new.svg
/usr/share/icons/ubuntu-mono-dark/status/22/indicator-messages.svg
/usr/share/icons/ubuntu-mono-dark/status/22/krb-expiring-ticket.svg
/usr/share/icons/ubuntu-mono-dark/status/22/krb-no-valid-ticket.svg
/usr/share/icons/ubuntu-mono-dark/status/22/network-error.svg
/usr/share/icons/ubuntu-mono-dark/status/22/network-offline.svg
/usr/share/icons/ubuntu-mono-dark/status/22/network-receive.svg
/usr/share/icons/ubuntu-mono-dark/status/22/network-transmit-receive.svg
/usr/share/icons/ubuntu-mono-dark/status/22/network-transmit.svg
/usr/share/icons/ubuntu-mono-dark/status/22/new-messages-red.svg
/usr/share/icons/ubuntu-mono-dark/status/22/nm-adhoc.svg
/usr/share/icons/ubuntu-mono-dark/status/22/nm-device-wired-secure.svg
/usr/share/icons/ubuntu-mono-dark/status/22/nm-signal-0.svg
/usr/share/icons/ubuntu-mono-dark/status/22/nm-signal-00-secure.svg
/usr/share/icons/ubuntu-mono-dark/status/22/nm-signal-100-secure.svg
/usr/share/icons/ubuntu-mono-dark/status/22/nm-signal-100.svg
/usr/share/icons/ubuntu-mono-dark/status/22/nm-signal-25-secure.svg
/usr/share/icons/ubuntu-mono-dark/status/22/nm-signal-25.svg
/usr/share/icons/ubuntu-mono-dark/status/22/nm-signal-50-secure.svg
/usr/share/icons/ubuntu-mono-dark/status/22/nm-signal-50.svg
/usr/share/icons/ubuntu-mono-dark/status/22/nm-signal-75-secure.svg
/usr/share/icons/ubuntu-mono-dark/status/22/nm-signal-75.svg
/usr/share/icons/ubuntu-mono-dark/status/22/nm-vpn-lock.svg
/usr/share/icons/ubuntu-mono-dark/status/22/nm-vpn-standalone-lock.svg
/usr/share/icons/ubuntu-mono-dark/status/22/nm-wwan-tower.svg
/usr/share/icons/ubuntu-mono-dark/status/22/system-devices-panel-alert.svg
/usr/share/icons/ubuntu-mono-dark/status/22/system-devices-panel-information.svg
/usr/share/icons/ubuntu-mono-dark/status/22/system-devices-panel.svg
/usr/share/icons/ubuntu-mono-dark/status/22/tray-new-im.svg
/usr/share/icons/ubuntu-mono-dark/status/22/ubuntuone-client-error.svg
/usr/share/icons/ubuntu-mono-dark/status/22/ubuntuone-client-idle.svg
/usr/share/icons/ubuntu-mono-dark/status/22/ubuntuone-client-offline.svg
/usr/share/icons/ubuntu-mono-dark/status/22/ubuntuone-client-paused.svg
/usr/share/icons/ubuntu-mono-dark/status/22/ubuntuone-client-updating.svg
/usr/share/icons/ubuntu-mono-dark/status/22/unity-ac-adapter-symbolic.svg
/usr/share/icons/ubuntu-mono-dark/status/22/unity-battery-000-charging.svg
/usr/share/icons/ubuntu-mono-dark/status/22/unity-battery-000.svg
/usr/share/icons/ubuntu-mono-dark/status/22/unity-battery-020-charging.svg
/usr/share/icons/ubuntu-mono-dark/status/22/unity-battery-020.svg
/usr/share/icons/ubuntu-mono-dark/status/22/unity-battery-040-charging.svg
/usr/share/icons/ubuntu-mono-dark/status/22/unity-battery-040.svg
/usr/share/icons/ubuntu-mono-dark/status/22/unity-battery-060-charging.svg
/usr/share/icons/ubuntu-mono-dark/status/22/unity-battery-060.svg
/usr/share/icons/ubuntu-mono-dark/status/22/unity-battery-080-charging.svg
/usr/share/icons/ubuntu-mono-dark/status/22/unity-battery-080.svg
/usr/share/icons/ubuntu-mono-dark/status/22/unity-battery-100-charging.svg
/usr/share/icons/ubuntu-mono-dark/status/22/unity-battery-100.svg
/usr/share/icons/ubuntu-mono-dark/status/22/unity-battery-charged.svg
/usr/share/icons/ubuntu-mono-dark/status/22/user-available-panel.svg
/usr/share/icons/ubuntu-mono-dark/status/22/user-away-panel.svg
/usr/share/icons/ubuntu-mono-dark/status/22/user-busy-panel.svg
/usr/share/icons/ubuntu-mono-dark/status/22/user-idle-panel.svg
/usr/share/icons/ubuntu-mono-dark/status/22/user-indeterminate-panel.svg
/usr/share/icons/ubuntu-mono-dark/status/22/user-invisible-panel.svg
/usr/share/icons/ubuntu-mono-dark/status/22/user-offline-panel.svg
/usr/share/icons/ubuntu-mono-dark/status/22/xfce4-mixer-no-record.svg
/usr/share/icons/ubuntu-mono-dark/status/22/xfce4-mixer-record.svg
/usr/share/icons/ubuntu-mono-dark/status/22/xfpm-keyboard-030.svg
/usr/share/icons/ubuntu-mono-dark/status/22/xfpm-mouse-030.svg
/usr/share/icons/ubuntu-mono-dark/status/22/xfpm-phone-040.svg
/usr/share/icons/ubuntu-mono-dark/status/24
/usr/share/icons/ubuntu-mono-dark/status/24/account-logged-in.svg
/usr/share/icons/ubuntu-mono-dark/status/24/application-running.svg
/usr/share/icons/ubuntu-mono-dark/status/24/audio-input-microphone-high-panel.svg
/usr/share/icons/ubuntu-mono-dark/status/24/audio-input-microphone-low-zero-panel.svg
/usr/share/icons/ubuntu-mono-dark/status/24/audio-output-none-panel.svg
/usr/share/icons/ubuntu-mono-dark/status/24/audio-volume-high-panel.svg
/usr/share/icons/ubuntu-mono-dark/status/24/audio-volume-low-panel.svg
/usr/share/icons/ubuntu-mono-dark/status/24/audio-volume-low-zero-panel.svg
/usr/share/icons/ubuntu-mono-dark/status/24/audio-volume-medium-panel.svg
/usr/share/icons/ubuntu-mono-dark/status/24/audio-volume-muted-blocking-panel.svg
/usr/share/icons/ubuntu-mono-dark/status/24/audio-volume-muted-panel.svg
/usr/share/icons/ubuntu-mono-dark/status/24/bluetooth-active.svg
/usr/share/icons/ubuntu-mono-dark/status/24/bluetooth-disabled.svg
/usr/share/icons/ubuntu-mono-dark/status/24/bluetooth-paired.svg
/usr/share/icons/ubuntu-mono-dark/status/24/gnome-netstatus-0-24.svg
/usr/share/icons/ubuntu-mono-dark/status/24/gnome-netstatus-25-49.svg
/usr/share/icons/ubuntu-mono-dark/status/24/gnome-netstatus-50-74.svg
/usr/share/icons/ubuntu-mono-dark/status/24/gnome-netstatus-75-100.svg
/usr/share/icons/ubuntu-mono-dark/status/24/gnome-netstatus-error.svg
/usr/share/icons/ubuntu-mono-dark/status/24/gpm-keyboard-000.svg
/usr/share/icons/ubuntu-mono-dark/status/24/gpm-keyboard-020.svg
/usr/share/icons/ubuntu-mono-dark/status/24/gpm-keyboard-040.svg
/usr/share/icons/ubuntu-mono-dark/status/24/gpm-keyboard-060.svg
/usr/share/icons/ubuntu-mono-dark/status/24/gpm-keyboard-080.svg
/usr/share/icons/ubuntu-mono-dark/status/24/gpm-keyboard-100.svg
/usr/share/icons/ubuntu-mono-dark/status/24/gpm-mouse-000.svg
/usr/share/icons/ubuntu-mono-dark/status/24/gpm-mouse-020.svg
/usr/share/icons/ubuntu-mono-dark/status/24/gpm-mouse-040.svg
/usr/share/icons/ubuntu-mono-dark/status/24/gpm-mouse-060.svg
/usr/share/icons/ubuntu-mono-dark/status/24/gpm-mouse-080.svg
/usr/share/icons/ubuntu-mono-dark/status/24/gpm-mouse-100.svg
/usr/share/icons/ubuntu-mono-dark/status/24/gpm-phone-000.svg
/usr/share/icons/ubuntu-mono-dark/status/24/gpm-phone-020.svg
/usr/share/icons/ubuntu-mono-dark/status/24/gpm-phone-040.svg
/usr/share/icons/ubuntu-mono-dark/status/24/gpm-phone-060.svg
/usr/share/icons/ubuntu-mono-dark/status/24/gpm-phone-080.svg
/usr/share/icons/ubuntu-mono-dark/status/24/gpm-phone-100.svg
/usr/share/icons/ubuntu-mono-dark/status/24/gsm-3g-full-secure.svg
/usr/share/icons/ubuntu-mono-dark/status/24/gsm-3g-full.svg
/usr/share/icons/ubuntu-mono-dark/status/24/gsm-3g-high-secure.svg
/usr/share/icons/ubuntu-mono-dark/status/24/gsm-3g-high.svg
/usr/share/icons/ubuntu-mono-dark/status/24/gsm-3g-low-secure.svg
/usr/share/icons/ubuntu-mono-dark/status/24/gsm-3g-low.svg
/usr/share/icons/ubuntu-mono-dark/status/24/gsm-3g-medium-secure.svg
/usr/share/icons/ubuntu-mono-dark/status/24/gsm-3g-medium.svg
/usr/share/icons/ubuntu-mono-dark/status/24/gsm-3g-none-secure.svg
/usr/share/icons/ubuntu-mono-dark/status/24/gsm-3g-none.svg
/usr/share/icons/ubuntu-mono-dark/status/24/gtk-dialog-authentication-panel.svg
/usr/share/icons/ubuntu-mono-dark/status/24/indicator-messages-new.svg
/usr/share/icons/ubuntu-mono-dark/status/24/indicator-messages.svg
/usr/share/icons/ubuntu-mono-dark/status/24/krb-expiring-ticket.svg
/usr/share/icons/ubuntu-mono-dark/status/24/krb-no-valid-ticket.svg
/usr/share/icons/ubuntu-mono-dark/status/24/network-error.svg
/usr/share/icons/ubuntu-mono-dark/status/24/network-offline.svg
/usr/share/icons/ubuntu-mono-dark/status/24/network-receive.svg
/usr/share/icons/ubuntu-mono-dark/status/24/network-transmit-receive.svg
/usr/share/icons/ubuntu-mono-dark/status/24/network-transmit.svg
/usr/share/icons/ubuntu-mono-dark/status/24/new-messages-red.svg
/usr/share/icons/ubuntu-mono-dark/status/24/nm-adhoc.svg
/usr/share/icons/ubuntu-mono-dark/status/24/nm-device-wired-secure.svg
/usr/share/icons/ubuntu-mono-dark/status/24/nm-device-wireless.svg
/usr/share/icons/ubuntu-mono-dark/status/24/nm-secure-lock.svg
/usr/share/icons/ubuntu-mono-dark/status/24/nm-signal-0.svg
/usr/share/icons/ubuntu-mono-dark/status/24/nm-signal-00-secure.svg
/usr/share/icons/ubuntu-mono-dark/status/24/nm-signal-00.svg
/usr/share/icons/ubuntu-mono-dark/status/24/nm-signal-100-secure.svg
/usr/share/icons/ubuntu-mono-dark/status/24/nm-signal-100.svg
/usr/share/icons/ubuntu-mono-dark/status/24/nm-signal-25-secure.svg
/usr/share/icons/ubuntu-mono-dark/status/24/nm-signal-25.svg
/usr/share/icons/ubuntu-mono-dark/status/24/nm-signal-50-secure.svg
/usr/share/icons/ubuntu-mono-dark/status/24/nm-signal-50.svg
/usr/share/icons/ubuntu-mono-dark/status/24/nm-signal-75-secure.svg
/usr/share/icons/ubuntu-mono-dark/status/24/nm-signal-75.svg
/usr/share/icons/ubuntu-mono-dark/status/24/nm-vpn-active-lock.svg
/usr/share/icons/ubuntu-mono-dark/status/24/nm-vpn-lock.svg
/usr/share/icons/ubuntu-mono-dark/status/24/nm-vpn-standalone-lock.svg
/usr/share/icons/ubuntu-mono-dark/status/24/nm-wwan-tower.svg
/usr/share/icons/ubuntu-mono-dark/status/24/tray-new-im.svg
/usr/share/icons/ubuntu-mono-dark/status/24/ubuntuone-client-error.svg
/usr/share/icons/ubuntu-mono-dark/status/24/ubuntuone-client-idle.svg
/usr/share/icons/ubuntu-mono-dark/status/24/ubuntuone-client-offline.svg
/usr/share/icons/ubuntu-mono-dark/status/24/ubuntuone-client-paused.svg
/usr/share/icons/ubuntu-mono-dark/status/24/ubuntuone-client-updating.svg
/usr/share/icons/ubuntu-mono-dark/status/24/unity-ac-adapter-symbolic.svg
/usr/share/icons/ubuntu-mono-dark/status/24/unity-battery-000-charging.svg
/usr/share/icons/ubuntu-mono-dark/status/24/unity-battery-000.svg
/usr/share/icons/ubuntu-mono-dark/status/24/unity-battery-020-charging.svg
/usr/share/icons/ubuntu-mono-dark/status/24/unity-battery-020.svg
/usr/share/icons/ubuntu-mono-dark/status/24/unity-battery-040-charging.svg
/usr/share/icons/ubuntu-mono-dark/status/24/unity-battery-040.svg
/usr/share/icons/ubuntu-mono-dark/status/24/unity-battery-060-charging.svg
/usr/share/icons/ubuntu-mono-dark/status/24/unity-battery-060.svg
/usr/share/icons/ubuntu-mono-dark/status/24/unity-battery-080-charging.svg
/usr/share/icons/ubuntu-mono-dark/status/24/unity-battery-080.svg
/usr/share/icons/ubuntu-mono-dark/status/24/unity-battery-100-charging.svg
/usr/share/icons/ubuntu-mono-dark/status/24/unity-battery-100.svg
/usr/share/icons/ubuntu-mono-dark/status/24/unity-battery-charged.svg
/usr/share/icons/ubuntu-mono-dark/status/24/user-available-panel.svg
/usr/share/icons/ubuntu-mono-dark/status/24/user-away-panel.svg
/usr/share/icons/ubuntu-mono-dark/status/24/user-busy-panel.svg
/usr/share/icons/ubuntu-mono-dark/status/24/user-idle-panel.svg
/usr/share/icons/ubuntu-mono-dark/status/24/user-indeterminate-panel.svg
/usr/share/icons/ubuntu-mono-dark/status/24/user-invisible-panel.svg
/usr/share/icons/ubuntu-mono-dark/status/24/user-offline-panel.svg
/usr/share/icons/ubuntu-mono-dark/status/24/xfce4-mixer-no-record.svg
/usr/share/icons/ubuntu-mono-dark/status/24/xfce4-mixer-record.svg
/usr/share/icons/ubuntu-mono-dark/status/24/xfpm-keyboard-030.svg
/usr/share/icons/ubuntu-mono-dark/status/24/xfpm-mouse-030.svg
/usr/share/icons/ubuntu-mono-dark/status/24/xfpm-phone-040.svg
/usr/share/icons/ubuntu-mono-dark/stock
/usr/share/icons/ubuntu-mono-dark/stock/128
/usr/share/icons/ubuntu-mono-dark/stock/16
/usr/share/icons/ubuntu-mono-dark/stock/22
/usr/share/icons/ubuntu-mono-dark/stock/22/stock_person-panel.svg
/usr/share/icons/ubuntu-mono-dark/stock/24
/usr/share/icons/ubuntu-mono-dark/stock/32
/usr/share/icons/ubuntu-mono-dark/stock/48
/usr/share/icons/ubuntu-mono-dark/stock/64
/usr/share/icons/ubuntu-mono-dark/stock/64/album_artwork.png
/usr/share/icons/ubuntu-mono-light
/usr/share/icons/ubuntu-mono-light/actions
/usr/share/icons/ubuntu-mono-light/actions/16
/usr/share/icons/ubuntu-mono-light/actions/16/package-supported.svg
/usr/share/icons/ubuntu-mono-light/actions/16/system-restart-panel.svg
/usr/share/icons/ubuntu-mono-light/actions/16/system-shutdown-panel-restart.svg
/usr/share/icons/ubuntu-mono-light/actions/16/system-shutdown-panel.svg
/usr/share/icons/ubuntu-mono-light/actions/16/window-close-symbolic.svg
/usr/share/icons/ubuntu-mono-light/actions/16/window-maximize-symbolic.svg
/usr/share/icons/ubuntu-mono-light/actions/16/window-minimize-symbolic.svg
/usr/share/icons/ubuntu-mono-light/actions/16/window-restore-symbolic.svg
/usr/share/icons/ubuntu-mono-light/actions/22
/usr/share/icons/ubuntu-mono-light/actions/22/package-supported.svg
/usr/share/icons/ubuntu-mono-light/actions/22/system-restart-panel.svg
/usr/share/icons/ubuntu-mono-light/actions/22/system-shutdown-panel-restart.svg
/usr/share/icons/ubuntu-mono-light/actions/22/system-shutdown-panel.svg
/usr/share/icons/ubuntu-mono-light/actions/24
/usr/share/icons/ubuntu-mono-light/actions/24/package-supported.svg
/usr/share/icons/ubuntu-mono-light/actions/24/system-restart-panel.svg
/usr/share/icons/ubuntu-mono-light/actions/24/system-shutdown-panel-restart.svg
/usr/share/icons/ubuntu-mono-light/actions/24/system-shutdown-panel.svg
/usr/share/icons/ubuntu-mono-light/animations
/usr/share/icons/ubuntu-mono-light/animations/22
/usr/share/icons/ubuntu-mono-light/animations/22/brasero-disc-00.svg
/usr/share/icons/ubuntu-mono-light/animations/22/brasero-disc-05.svg
/usr/share/icons/ubuntu-mono-light/animations/22/brasero-disc-10.svg
/usr/share/icons/ubuntu-mono-light/animations/22/brasero-disc-100.svg
/usr/share/icons/ubuntu-mono-light/animations/22/brasero-disc-15.svg
/usr/share/icons/ubuntu-mono-light/animations/22/brasero-disc-20.svg
/usr/share/icons/ubuntu-mono-light/animations/22/brasero-disc-25.svg
/usr/share/icons/ubuntu-mono-light/animations/22/brasero-disc-30.svg
/usr/share/icons/ubuntu-mono-light/animations/22/brasero-disc-35.svg
/usr/share/icons/ubuntu-mono-light/animations/22/brasero-disc-40.svg
/usr/share/icons/ubuntu-mono-light/animations/22/brasero-disc-45.svg
/usr/share/icons/ubuntu-mono-light/animations/22/brasero-disc-50.svg
/usr/share/icons/ubuntu-mono-light/animations/22/brasero-disc-55.svg
/usr/share/icons/ubuntu-mono-light/animations/22/brasero-disc-60.svg
/usr/share/icons/ubuntu-mono-light/animations/22/brasero-disc-65.svg
/usr/share/icons/ubuntu-mono-light/animations/22/brasero-disc-70.svg
/usr/share/icons/ubuntu-mono-light/animations/22/brasero-disc-75.svg
/usr/share/icons/ubuntu-mono-light/animations/22/brasero-disc-80.svg
/usr/share/icons/ubuntu-mono-light/animations/22/brasero-disc-85.svg
/usr/share/icons/ubuntu-mono-light/animations/22/brasero-disc-90.svg
/usr/share/icons/ubuntu-mono-light/animations/22/brasero-disc-95.svg
/usr/share/icons/ubuntu-mono-light/animations/22/nm-stage01-connecting01.svg
/usr/share/icons/ubuntu-mono-light/animations/22/nm-stage01-connecting02.svg
/usr/share/icons/ubuntu-mono-light/animations/22/nm-stage01-connecting03.svg
/usr/share/icons/ubuntu-mono-light/animations/22/nm-stage01-connecting04.svg
/usr/share/icons/ubuntu-mono-light/animations/22/nm-stage01-connecting05.svg
/usr/share/icons/ubuntu-mono-light/animations/22/nm-stage01-connecting06.svg
/usr/share/icons/ubuntu-mono-light/animations/22/nm-stage01-connecting07.svg
/usr/share/icons/ubuntu-mono-light/animations/22/nm-stage01-connecting08.svg
/usr/share/icons/ubuntu-mono-light/animations/22/nm-stage01-connecting09.svg
/usr/share/icons/ubuntu-mono-light/animations/22/nm-stage01-connecting10.svg
/usr/share/icons/ubuntu-mono-light/animations/22/nm-stage01-connecting11.svg
/usr/share/icons/ubuntu-mono-light/animations/22/nm-vpn-connecting12.svg
/usr/share/icons/ubuntu-mono-light/animations/22/nm-vpn-connecting13.svg
/usr/share/icons/ubuntu-mono-light/animations/24
/usr/share/icons/ubuntu-mono-light/animations/24/brasero-disc-00.svg
/usr/share/icons/ubuntu-mono-light/animations/24/brasero-disc-05.svg
/usr/share/icons/ubuntu-mono-light/animations/24/brasero-disc-10.svg
/usr/share/icons/ubuntu-mono-light/animations/24/brasero-disc-100.svg
/usr/share/icons/ubuntu-mono-light/animations/24/brasero-disc-15.svg
/usr/share/icons/ubuntu-mono-light/animations/24/brasero-disc-20.svg
/usr/share/icons/ubuntu-mono-light/animations/24/brasero-disc-25.svg
/usr/share/icons/ubuntu-mono-light/animations/24/brasero-disc-30.svg
/usr/share/icons/ubuntu-mono-light/animations/24/brasero-disc-35.svg
/usr/share/icons/ubuntu-mono-light/animations/24/brasero-disc-40.svg
/usr/share/icons/ubuntu-mono-light/animations/24/brasero-disc-45.svg
/usr/share/icons/ubuntu-mono-light/animations/24/brasero-disc-50.svg
/usr/share/icons/ubuntu-mono-light/animations/24/brasero-disc-55.svg
/usr/share/icons/ubuntu-mono-light/animations/24/brasero-disc-60.svg
/usr/share/icons/ubuntu-mono-light/animations/24/brasero-disc-65.svg
/usr/share/icons/ubuntu-mono-light/animations/24/brasero-disc-70.svg
/usr/share/icons/ubuntu-mono-light/animations/24/brasero-disc-75.svg
/usr/share/icons/ubuntu-mono-light/animations/24/brasero-disc-80.svg
/usr/share/icons/ubuntu-mono-light/animations/24/brasero-disc-85.svg
/usr/share/icons/ubuntu-mono-light/animations/24/brasero-disc-90.svg
/usr/share/icons/ubuntu-mono-light/animations/24/brasero-disc-95.svg
/usr/share/icons/ubuntu-mono-light/animations/24/nm-stage01-connecting01.svg
/usr/share/icons/ubuntu-mono-light/animations/24/nm-stage01-connecting02.svg
/usr/share/icons/ubuntu-mono-light/animations/24/nm-stage01-connecting03.svg
/usr/share/icons/ubuntu-mono-light/animations/24/nm-stage01-connecting04.svg
/usr/share/icons/ubuntu-mono-light/animations/24/nm-stage01-connecting05.svg
/usr/share/icons/ubuntu-mono-light/animations/24/nm-stage01-connecting06.svg
/usr/share/icons/ubuntu-mono-light/animations/24/nm-stage01-connecting07.svg
/usr/share/icons/ubuntu-mono-light/animations/24/nm-stage01-connecting08.svg
/usr/share/icons/ubuntu-mono-light/animations/24/nm-stage01-connecting09.svg
/usr/share/icons/ubuntu-mono-light/animations/24/nm-stage01-connecting10.svg
/usr/share/icons/ubuntu-mono-light/animations/24/nm-stage01-connecting11.svg
/usr/share/icons/ubuntu-mono-light/animations/24/nm-vpn-connecting12.svg
/usr/share/icons/ubuntu-mono-light/animations/24/nm-vpn-connecting13.svg
/usr/share/icons/ubuntu-mono-light/apps
/usr/share/icons/ubuntu-mono-light/apps/16
/usr/share/icons/ubuntu-mono-light/apps/16/distributor-logo.svg
/usr/share/icons/ubuntu-mono-light/apps/16/gnome-do-symbolic.svg
/usr/share/icons/ubuntu-mono-light/apps/16/gtg-panel.svg
/usr/share/icons/ubuntu-mono-light/apps/16/system-file-manager-panel.svg
/usr/share/icons/ubuntu-mono-light/apps/16/transmission-tray-icon.svg
/usr/share/icons/ubuntu-mono-light/apps/22
/usr/share/icons/ubuntu-mono-light/apps/22/audacious-panel.svg
/usr/share/icons/ubuntu-mono-light/apps/22/banshee-panel.svg
/usr/share/icons/ubuntu-mono-light/apps/22/distributor-logo.svg
/usr/share/icons/ubuntu-mono-light/apps/22/dropboxstatus-busy.svg
/usr/share/icons/ubuntu-mono-light/apps/22/dropboxstatus-busy2.svg
/usr/share/icons/ubuntu-mono-light/apps/22/dropboxstatus-idle.svg
/usr/share/icons/ubuntu-mono-light/apps/22/dropboxstatus-logo.svg
/usr/share/icons/ubuntu-mono-light/apps/22/dropboxstatus-x.svg
/usr/share/icons/ubuntu-mono-light/apps/22/gnome-do-symbolic.svg
/usr/share/icons/ubuntu-mono-light/apps/22/gsd-xrandr.svg
/usr/share/icons/ubuntu-mono-light/apps/22/gtg-panel.svg
/usr/share/icons/ubuntu-mono-light/apps/22/rhythmbox-notplaying.svg
/usr/share/icons/ubuntu-mono-light/apps/22/rhythmbox-panel.svg
/usr/share/icons/ubuntu-mono-light/apps/22/start-here.svg
/usr/share/icons/ubuntu-mono-light/apps/22/system-file-manager-panel.svg
/usr/share/icons/ubuntu-mono-light/apps/22/tomboy-panel.svg
/usr/share/icons/ubuntu-mono-light/apps/22/transmission-tray-icon.svg
/usr/share/icons/ubuntu-mono-light/apps/22/xchat-panel.svg
/usr/share/icons/ubuntu-mono-light/apps/24
/usr/share/icons/ubuntu-mono-light/apps/24/audacious-panel.svg
/usr/share/icons/ubuntu-mono-light/apps/24/banshee-panel.svg
/usr/share/icons/ubuntu-mono-light/apps/24/dropboxstatus-busy.svg
/usr/share/icons/ubuntu-mono-light/apps/24/dropboxstatus-busy2.svg
/usr/share/icons/ubuntu-mono-light/apps/24/dropboxstatus-idle.svg
/usr/share/icons/ubuntu-mono-light/apps/24/dropboxstatus-logo.svg
/usr/share/icons/ubuntu-mono-light/apps/24/dropboxstatus-x.svg
/usr/share/icons/ubuntu-mono-light/apps/24/gnome-do-symbolic.svg
/usr/share/icons/ubuntu-mono-light/apps/24/gsd-xrandr.svg
/usr/share/icons/ubuntu-mono-light/apps/24/gtg-panel.svg
/usr/share/icons/ubuntu-mono-light/apps/24/rhythmbox-notplaying.svg
/usr/share/icons/ubuntu-mono-light/apps/24/rhythmbox-panel.svg
/usr/share/icons/ubuntu-mono-light/apps/24/system-file-manager-panel.svg
/usr/share/icons/ubuntu-mono-light/apps/24/tomboy-panel.svg
/usr/share/icons/ubuntu-mono-light/apps/24/transmission-tray-icon.svg
/usr/share/icons/ubuntu-mono-light/apps/24/xchat-panel.svg
/usr/share/icons/ubuntu-mono-light/apps/48
/usr/share/icons/ubuntu-mono-light/categories
/usr/share/icons/ubuntu-mono-light/categories/22
/usr/share/icons/ubuntu-mono-light/categories/22/applications-microblogging-panel.svg
/usr/share/icons/ubuntu-mono-light/categories/24
/usr/share/icons/ubuntu-mono-light/categories/24/applications-microblogging-panel.svg
/usr/share/icons/ubuntu-mono-light/categories/24/preferences-desktop-peripherals-directory.svg
/usr/share/icons/ubuntu-mono-light/categories/24/preferences-desktop-personal-directory.svg
/usr/share/icons/ubuntu-mono-light/categories/24/preferences-system-directory.svg
/usr/share/icons/ubuntu-mono-light/index.theme
/usr/share/icons/ubuntu-mono-light/mimes
/usr/share/icons/ubuntu-mono-light/mimes/16
/usr/share/icons/ubuntu-mono-light/mimes/16/playlist-automatic-symbolic.svg
/usr/share/icons/ubuntu-mono-light/mimes/16/playlist-symbolic.svg
/usr/share/icons/ubuntu-mono-light/mimes/22
/usr/share/icons/ubuntu-mono-light/mimes/22/playlist-automatic-symbolic.svg
/usr/share/icons/ubuntu-mono-light/mimes/22/playlist-symbolic.svg
/usr/share/icons/ubuntu-mono-light/mimes/24
/usr/share/icons/ubuntu-mono-light/mimes/24/playlist-automatic-symbolic.svg
/usr/share/icons/ubuntu-mono-light/mimes/24/playlist-symbolic.svg
/usr/share/icons/ubuntu-mono-light/places
/usr/share/icons/ubuntu-mono-light/places/16
/usr/share/icons/ubuntu-mono-light/places/16/user-home.svg
/usr/share/icons/ubuntu-mono-light/places/22
/usr/share/icons/ubuntu-mono-light/places/22/user-home.svg
/usr/share/icons/ubuntu-mono-light/places/24
/usr/share/icons/ubuntu-mono-light/places/24/user-home.svg
/usr/share/icons/ubuntu-mono-light/places/32
/usr/share/icons/ubuntu-mono-light/places/32/user-home.svg
/usr/share/icons/ubuntu-mono-light/places/48
/usr/share/icons/ubuntu-mono-light/places/48/folder-home.svg
/usr/share/icons/ubuntu-mono-light/places/64
/usr/share/icons/ubuntu-mono-light/places/64/folder-home.svg
/usr/share/icons/ubuntu-mono-light/status
/usr/share/icons/ubuntu-mono-light/status/16
/usr/share/icons/ubuntu-mono-light/status/16/account-logged-in.svg
/usr/share/icons/ubuntu-mono-light/status/16/application-running.svg
/usr/share/icons/ubuntu-mono-light/status/16/applications-chat-panel.svg
/usr/share/icons/ubuntu-mono-light/status/16/applications-email-panel.svg
/usr/share/icons/ubuntu-mono-light/status/16/connect_no.svg
/usr/share/icons/ubuntu-mono-light/status/16/empathy-available.svg
/usr/share/icons/ubuntu-mono-light/status/16/empathy-away.svg
/usr/share/icons/ubuntu-mono-light/status/16/empathy-busy.svg
/usr/share/icons/ubuntu-mono-light/status/16/empathy-extended-away.svg
/usr/share/icons/ubuntu-mono-light/status/16/empathy-offline.svg
/usr/share/icons/ubuntu-mono-light/status/16/gnome-netstatus-0-24.svg
/usr/share/icons/ubuntu-mono-light/status/16/gnome-netstatus-25-49.svg
/usr/share/icons/ubuntu-mono-light/status/16/gnome-netstatus-50-74.svg
/usr/share/icons/ubuntu-mono-light/status/16/gnome-netstatus-75-100.svg
/usr/share/icons/ubuntu-mono-light/status/16/gnome-netstatus-disconn.svg
/usr/share/icons/ubuntu-mono-light/status/16/gnome-netstatus-error.svg
/usr/share/icons/ubuntu-mono-light/status/16/gpm-primary-000-charging.svg
/usr/share/icons/ubuntu-mono-light/status/16/gpm-primary-000.svg
/usr/share/icons/ubuntu-mono-light/status/16/gpm-primary-020-charging.svg
/usr/share/icons/ubuntu-mono-light/status/16/gpm-primary-020.svg
/usr/share/icons/ubuntu-mono-light/status/16/gpm-primary-040-charging.svg
/usr/share/icons/ubuntu-mono-light/status/16/gpm-primary-040.svg
/usr/share/icons/ubuntu-mono-light/status/16/gpm-primary-060-charging.svg
/usr/share/icons/ubuntu-mono-light/status/16/gpm-primary-060.svg
/usr/share/icons/ubuntu-mono-light/status/16/gpm-primary-080-charging.svg
/usr/share/icons/ubuntu-mono-light/status/16/gpm-primary-080.svg
/usr/share/icons/ubuntu-mono-light/status/16/gpm-primary-100-charging.svg
/usr/share/icons/ubuntu-mono-light/status/16/gpm-primary-100.svg
/usr/share/icons/ubuntu-mono-light/status/16/gpm-primary-charged.svg
/usr/share/icons/ubuntu-mono-light/status/16/gpm-ups-000-charging.svg
/usr/share/icons/ubuntu-mono-light/status/16/gpm-ups-000.svg
/usr/share/icons/ubuntu-mono-light/status/16/gpm-ups-020-charging.svg
/usr/share/icons/ubuntu-mono-light/status/16/gpm-ups-020.svg
/usr/share/icons/ubuntu-mono-light/status/16/gpm-ups-040-charging.svg
/usr/share/icons/ubuntu-mono-light/status/16/gpm-ups-040.svg
/usr/share/icons/ubuntu-mono-light/status/16/gpm-ups-060-charging.svg
/usr/share/icons/ubuntu-mono-light/status/16/gpm-ups-060.svg
/usr/share/icons/ubuntu-mono-light/status/16/gpm-ups-080-charging.svg
/usr/share/icons/ubuntu-mono-light/status/16/gpm-ups-080.svg
/usr/share/icons/ubuntu-mono-light/status/16/gpm-ups-100-charging.svg
/usr/share/icons/ubuntu-mono-light/status/16/gpm-ups-100.svg
/usr/share/icons/ubuntu-mono-light/status/16/gpm-ups-missing.svg
/usr/share/icons/ubuntu-mono-light/status/16/im-message-new.svg
/usr/share/icons/ubuntu-mono-light/status/16/indicator-messages-new.svg
/usr/share/icons/ubuntu-mono-light/status/16/indicator-messages.svg
/usr/share/icons/ubuntu-mono-light/status/16/network-error.svg
/usr/share/icons/ubuntu-mono-light/status/16/network-offline.svg
/usr/share/icons/ubuntu-mono-light/status/16/new-messages-red.svg
/usr/share/icons/ubuntu-mono-light/status/16/nm-mb-roam.svg
/usr/share/icons/ubuntu-mono-light/status/16/nm-no-connection.svg
/usr/share/icons/ubuntu-mono-light/status/16/nm-secure-lock.svg
/usr/share/icons/ubuntu-mono-light/status/16/nm-signal-0.svg
/usr/share/icons/ubuntu-mono-light/status/16/nm-signal-100.svg
/usr/share/icons/ubuntu-mono-light/status/16/nm-signal-25.svg
/usr/share/icons/ubuntu-mono-light/status/16/nm-signal-50.svg
/usr/share/icons/ubuntu-mono-light/status/16/nm-signal-75.svg
/usr/share/icons/ubuntu-mono-light/status/16/nm-tech-3g.svg
/usr/share/icons/ubuntu-mono-light/status/16/nm-tech-cdma-1x.svg
/usr/share/icons/ubuntu-mono-light/status/16/nm-tech-edge.svg
/usr/share/icons/ubuntu-mono-light/status/16/nm-tech-evdo.svg
/usr/share/icons/ubuntu-mono-light/status/16/nm-tech-gprs.svg
/usr/share/icons/ubuntu-mono-light/status/16/nm-tech-hspa.svg
/usr/share/icons/ubuntu-mono-light/status/16/nm-tech-umts.svg
/usr/share/icons/ubuntu-mono-light/status/16/nm-vpn-active-lock.svg
/usr/share/icons/ubuntu-mono-light/status/16/nm-vpn-lock.svg
/usr/share/icons/ubuntu-mono-light/status/16/nm-wwan-tower.svg
/usr/share/icons/ubuntu-mono-light/status/16/stock_disconnect.svg
/usr/share/icons/ubuntu-mono-light/status/16/stock_weather-cloudy.svg
/usr/share/icons/ubuntu-mono-light/status/16/stock_weather-few-clouds.svg
/usr/share/icons/ubuntu-mono-light/status/16/stock_weather-fog.svg
/usr/share/icons/ubuntu-mono-light/status/16/stock_weather-night-clear.svg
/usr/share/icons/ubuntu-mono-light/status/16/stock_weather-night-few-clouds.svg
/usr/share/icons/ubuntu-mono-light/status/16/stock_weather-showers.svg
/usr/share/icons/ubuntu-mono-light/status/16/stock_weather-snow.svg
/usr/share/icons/ubuntu-mono-light/status/16/stock_weather-storm.svg
/usr/share/icons/ubuntu-mono-light/status/16/tray-away.svg
/usr/share/icons/ubuntu-mono-light/status/16/tray-busy.svg
/usr/share/icons/ubuntu-mono-light/status/16/tray-extended-away.svg
/usr/share/icons/ubuntu-mono-light/status/16/tray-message.svg
/usr/share/icons/ubuntu-mono-light/status/16/tray-new-im.svg
/usr/share/icons/ubuntu-mono-light/status/16/tray-offline.svg
/usr/share/icons/ubuntu-mono-light/status/16/tray-online.svg
/usr/share/icons/ubuntu-mono-light/status/16/ubuntuone-client-error.svg
/usr/share/icons/ubuntu-mono-light/status/16/ubuntuone-client-idle.svg
/usr/share/icons/ubuntu-mono-light/status/16/ubuntuone-client-offline.svg
/usr/share/icons/ubuntu-mono-light/status/16/ubuntuone-client-paused.svg
/usr/share/icons/ubuntu-mono-light/status/16/ubuntuone-client-updating.svg
/usr/share/icons/ubuntu-mono-light/status/16/unity-battery-000-charging.svg
/usr/share/icons/ubuntu-mono-light/status/16/unity-battery-000.svg
/usr/share/icons/ubuntu-mono-light/status/16/unity-battery-020-charging.svg
/usr/share/icons/ubuntu-mono-light/status/16/unity-battery-020.svg
/usr/share/icons/ubuntu-mono-light/status/16/unity-battery-040-charging.svg
/usr/share/icons/ubuntu-mono-light/status/16/unity-battery-040.svg
/usr/share/icons/ubuntu-mono-light/status/16/unity-battery-060-charging.svg
/usr/share/icons/ubuntu-mono-light/status/16/unity-battery-060.svg
/usr/share/icons/ubuntu-mono-light/status/16/unity-battery-080-charging.svg
/usr/share/icons/ubuntu-mono-light/status/16/unity-battery-080.svg
/usr/share/icons/ubuntu-mono-light/status/16/unity-battery-100-charging.svg
/usr/share/icons/ubuntu-mono-light/status/16/unity-battery-100.svg
/usr/share/icons/ubuntu-mono-light/status/16/unity-battery-caution.svg
/usr/share/icons/ubuntu-mono-light/status/16/unity-battery-charged.svg
/usr/share/icons/ubuntu-mono-light/status/16/unity-battery-low.svg
/usr/share/icons/ubuntu-mono-light/status/16/unity-battery_charged.svg
/usr/share/icons/ubuntu-mono-light/status/16/unity-battery_empty.svg
/usr/share/icons/ubuntu-mono-light/status/16/unity-battery_full.svg
/usr/share/icons/ubuntu-mono-light/status/16/unity-gpm-battery-000-charging.svg
/usr/share/icons/ubuntu-mono-light/status/16/unity-gpm-battery-000.svg
/usr/share/icons/ubuntu-mono-light/status/16/unity-gpm-battery-020-charging.svg
/usr/share/icons/ubuntu-mono-light/status/16/unity-gpm-battery-020.svg
/usr/share/icons/ubuntu-mono-light/status/16/unity-gpm-battery-040-charging.svg
/usr/share/icons/ubuntu-mono-light/status/16/unity-gpm-battery-040.svg
/usr/share/icons/ubuntu-mono-light/status/16/unity-gpm-battery-060-charging.svg
/usr/share/icons/ubuntu-mono-light/status/16/unity-gpm-battery-060.svg
/usr/share/icons/ubuntu-mono-light/status/16/unity-gpm-battery-080-charging.svg
/usr/share/icons/ubuntu-mono-light/status/16/unity-gpm-battery-080.svg
/usr/share/icons/ubuntu-mono-light/status/16/unity-gpm-battery-100-charging.svg
/usr/share/icons/ubuntu-mono-light/status/16/unity-gpm-battery-100.svg
/usr/share/icons/ubuntu-mono-light/status/16/unity-gpm-battery-charged.svg
/usr/share/icons/ubuntu-mono-light/status/16/unity-gpm-battery-empty.svg
/usr/share/icons/ubuntu-mono-light/status/16/unity-gpm-battery-missing.svg
/usr/share/icons/ubuntu-mono-light/status/16/user-available-panel.svg
/usr/share/icons/ubuntu-mono-light/status/16/user-away-panel.svg
/usr/share/icons/ubuntu-mono-light/status/16/user-busy-panel.svg
/usr/share/icons/ubuntu-mono-light/status/16/user-idle-panel.svg
/usr/share/icons/ubuntu-mono-light/status/16/user-indeterminate-panel.svg
/usr/share/icons/ubuntu-mono-light/status/16/user-invisible-panel.svg
/usr/share/icons/ubuntu-mono-light/status/16/user-offline-panel.svg
/usr/share/icons/ubuntu-mono-light/status/16/weather-clear-night-000.svg
/usr/share/icons/ubuntu-mono-light/status/16/weather-clear-night-010.svg
/usr/share/icons/ubuntu-mono-light/status/16/weather-clear-night-020.svg
/usr/share/icons/ubuntu-mono-light/status/16/weather-clear-night-030.svg
/usr/share/icons/ubuntu-mono-light/status/16/weather-clear-night-040.svg
/usr/share/icons/ubuntu-mono-light/status/16/weather-clear-night-050.svg
/usr/share/icons/ubuntu-mono-light/status/16/weather-clear-night-060.svg
/usr/share/icons/ubuntu-mono-light/status/16/weather-clear-night-070.svg
/usr/share/icons/ubuntu-mono-light/status/16/weather-clear-night-080.svg
/usr/share/icons/ubuntu-mono-light/status/16/weather-clear-night-090.svg
/usr/share/icons/ubuntu-mono-light/status/16/weather-clear-night-100.svg
/usr/share/icons/ubuntu-mono-light/status/16/weather-clear-night-110.svg
/usr/share/icons/ubuntu-mono-light/status/16/weather-clear-night-120.svg
/usr/share/icons/ubuntu-mono-light/status/16/weather-clear-night-130.svg
/usr/share/icons/ubuntu-mono-light/status/16/weather-clear-night-140.svg
/usr/share/icons/ubuntu-mono-light/status/16/weather-clear-night-150.svg
/usr/share/icons/ubuntu-mono-light/status/16/weather-clear-night-160.svg
/usr/share/icons/ubuntu-mono-light/status/16/weather-clear-night-170.svg
/usr/share/icons/ubuntu-mono-light/status/16/weather-clear-night-180.svg
/usr/share/icons/ubuntu-mono-light/status/16/weather-clear-night-190.svg
/usr/share/icons/ubuntu-mono-light/status/16/weather-clear-night-200.svg
/usr/share/icons/ubuntu-mono-light/status/16/weather-clear-night-210.svg
/usr/share/icons/ubuntu-mono-light/status/16/weather-clear-night-220.svg
/usr/share/icons/ubuntu-mono-light/status/16/weather-clear-night-230.svg
/usr/share/icons/ubuntu-mono-light/status/16/weather-clear-night-240.svg
/usr/share/icons/ubuntu-mono-light/status/16/weather-clear-night-250.svg
/usr/share/icons/ubuntu-mono-light/status/16/weather-clear-night-260.svg
/usr/share/icons/ubuntu-mono-light/status/16/weather-clear-night-270.svg
/usr/share/icons/ubuntu-mono-light/status/16/weather-clear-night-280.svg
/usr/share/icons/ubuntu-mono-light/status/16/weather-clear-night-290.svg
/usr/share/icons/ubuntu-mono-light/status/16/weather-clear-night-300.svg
/usr/share/icons/ubuntu-mono-light/status/16/weather-clear-night-310.svg
/usr/share/icons/ubuntu-mono-light/status/16/weather-clear-night-320.svg
/usr/share/icons/ubuntu-mono-light/status/16/weather-clear-night-330.svg
/usr/share/icons/ubuntu-mono-light/status/16/weather-clear-night-340.svg
/usr/share/icons/ubuntu-mono-light/status/16/weather-clear-night-350.svg
/usr/share/icons/ubuntu-mono-light/status/16/weather-clear-night.svg
/usr/share/icons/ubuntu-mono-light/status/16/weather-clear.svg
/usr/share/icons/ubuntu-mono-light/status/16/weather-clouds-night.svg
/usr/share/icons/ubuntu-mono-light/status/16/weather-clouds.svg
/usr/share/icons/ubuntu-mono-light/status/16/weather-few-clouds-night-000.svg
/usr/share/icons/ubuntu-mono-light/status/16/weather-few-clouds-night-010.svg
/usr/share/icons/ubuntu-mono-light/status/16/weather-few-clouds-night-020.svg
/usr/share/icons/ubuntu-mono-light/status/16/weather-few-clouds-night-030.svg
/usr/share/icons/ubuntu-mono-light/status/16/weather-few-clouds-night-040.svg
/usr/share/icons/ubuntu-mono-light/status/16/weather-few-clouds-night-050.svg
/usr/share/icons/ubuntu-mono-light/status/16/weather-few-clouds-night-060.svg
/usr/share/icons/ubuntu-mono-light/status/16/weather-few-clouds-night-070.svg
/usr/share/icons/ubuntu-mono-light/status/16/weather-few-clouds-night-080.svg
/usr/share/icons/ubuntu-mono-light/status/16/weather-few-clouds-night-090.svg
/usr/share/icons/ubuntu-mono-light/status/16/weather-few-clouds-night-100.svg
/usr/share/icons/ubuntu-mono-light/status/16/weather-few-clouds-night-110.svg
/usr/share/icons/ubuntu-mono-light/status/16/weather-few-clouds-night-120.svg
/usr/share/icons/ubuntu-mono-light/status/16/weather-few-clouds-night-130.svg
/usr/share/icons/ubuntu-mono-light/status/16/weather-few-clouds-night-140.svg
/usr/share/icons/ubuntu-mono-light/status/16/weather-few-clouds-night-150.svg
/usr/share/icons/ubuntu-mono-light/status/16/weather-few-clouds-night-160.svg
/usr/share/icons/ubuntu-mono-light/status/16/weather-few-clouds-night-170.svg
/usr/share/icons/ubuntu-mono-light/status/16/weather-few-clouds-night-180.svg
/usr/share/icons/ubuntu-mono-light/status/16/weather-few-clouds-night-190.svg
/usr/share/icons/ubuntu-mono-light/status/16/weather-few-clouds-night-200.svg
/usr/share/icons/ubuntu-mono-light/status/16/weather-few-clouds-night-210.svg
/usr/share/icons/ubuntu-mono-light/status/16/weather-few-clouds-night-220.svg
/usr/share/icons/ubuntu-mono-light/status/16/weather-few-clouds-night-230.svg
/usr/share/icons/ubuntu-mono-light/status/16/weather-few-clouds-night-240.svg
/usr/share/icons/ubuntu-mono-light/status/16/weather-few-clouds-night-250.svg
/usr/share/icons/ubuntu-mono-light/status/16/weather-few-clouds-night-260.svg
/usr/share/icons/ubuntu-mono-light/status/16/weather-few-clouds-night-270.svg
/usr/share/icons/ubuntu-mono-light/status/16/weather-few-clouds-night-280.svg
/usr/share/icons/ubuntu-mono-light/status/16/weather-few-clouds-night-290.svg
/usr/share/icons/ubuntu-mono-light/status/16/weather-few-clouds-night-300.svg
/usr/share/icons/ubuntu-mono-light/status/16/weather-few-clouds-night-310.svg
/usr/share/icons/ubuntu-mono-light/status/16/weather-few-clouds-night-320.svg
/usr/share/icons/ubuntu-mono-light/status/16/weather-few-clouds-night-330.svg
/usr/share/icons/ubuntu-mono-light/status/16/weather-few-clouds-night-340.svg
/usr/share/icons/ubuntu-mono-light/status/16/weather-few-clouds-night-350.svg
/usr/share/icons/ubuntu-mono-light/status/16/weather-few-clouds-night.svg
/usr/share/icons/ubuntu-mono-light/status/16/weather-few-clouds.svg
/usr/share/icons/ubuntu-mono-light/status/16/weather-fog.svg
/usr/share/icons/ubuntu-mono-light/status/16/weather-overcast.svg
/usr/share/icons/ubuntu-mono-light/status/16/weather-severe-alert.svg
/usr/share/icons/ubuntu-mono-light/status/16/weather-showers-scattered.svg
/usr/share/icons/ubuntu-mono-light/status/16/weather-showers.svg
/usr/share/icons/ubuntu-mono-light/status/16/weather-snow.svg
/usr/share/icons/ubuntu-mono-light/status/16/weather-storm.svg
/usr/share/icons/ubuntu-mono-light/status/16/xfpm-primary-000-charging.svg
/usr/share/icons/ubuntu-mono-light/status/16/xfpm-primary-000.svg
/usr/share/icons/ubuntu-mono-light/status/16/xfpm-primary-020-charging.svg
/usr/share/icons/ubuntu-mono-light/status/16/xfpm-primary-020.svg
/usr/share/icons/ubuntu-mono-light/status/16/xfpm-primary-040-charging.svg
/usr/share/icons/ubuntu-mono-light/status/16/xfpm-primary-040.svg
/usr/share/icons/ubuntu-mono-light/status/16/xfpm-primary-060-charging.svg
/usr/share/icons/ubuntu-mono-light/status/16/xfpm-primary-060.svg
/usr/share/icons/ubuntu-mono-light/status/16/xfpm-primary-080-charging.svg
/usr/share/icons/ubuntu-mono-light/status/16/xfpm-primary-080.svg
/usr/share/icons/ubuntu-mono-light/status/16/xfpm-primary-100-charging.svg
/usr/share/icons/ubuntu-mono-light/status/16/xfpm-primary-100.svg
/usr/share/icons/ubuntu-mono-light/status/16/xfpm-primary-charged.svg
/usr/share/icons/ubuntu-mono-light/status/16/xfpm-primary-missing.svg
/usr/share/icons/ubuntu-mono-light/status/16/xfpm-ups-000-charging.svg
/usr/share/icons/ubuntu-mono-light/status/16/xfpm-ups-000.svg
/usr/share/icons/ubuntu-mono-light/status/16/xfpm-ups-020-charging.svg
/usr/share/icons/ubuntu-mono-light/status/16/xfpm-ups-020.svg
/usr/share/icons/ubuntu-mono-light/status/16/xfpm-ups-040-charging.svg
/usr/share/icons/ubuntu-mono-light/status/16/xfpm-ups-040.svg
/usr/share/icons/ubuntu-mono-light/status/16/xfpm-ups-060-charging.svg
/usr/share/icons/ubuntu-mono-light/status/16/xfpm-ups-060.svg
/usr/share/icons/ubuntu-mono-light/status/16/xfpm-ups-080-charging.svg
/usr/share/icons/ubuntu-mono-light/status/16/xfpm-ups-080.svg
/usr/share/icons/ubuntu-mono-light/status/16/xfpm-ups-100-charging.svg
/usr/share/icons/ubuntu-mono-light/status/16/xfpm-ups-100.svg
/usr/share/icons/ubuntu-mono-light/status/16/xfpm-ups-charged.svg
/usr/share/icons/ubuntu-mono-light/status/16/xfpm-ups-missing.svg
/usr/share/icons/ubuntu-mono-light/status/22
/usr/share/icons/ubuntu-mono-light/status/22/account-logged-in.svg
/usr/share/icons/ubuntu-mono-light/status/22/application-running.svg
/usr/share/icons/ubuntu-mono-light/status/22/applications-chat-panel.svg
/usr/share/icons/ubuntu-mono-light/status/22/applications-email-panel.svg
/usr/share/icons/ubuntu-mono-light/status/22/audio-input-microphone-high-panel.svg
/usr/share/icons/ubuntu-mono-light/status/22/audio-input-microphone-low-zero-panel.svg
/usr/share/icons/ubuntu-mono-light/status/22/audio-output-none-panel.svg
/usr/share/icons/ubuntu-mono-light/status/22/audio-volume-high-panel.svg
/usr/share/icons/ubuntu-mono-light/status/22/audio-volume-low-panel.svg
/usr/share/icons/ubuntu-mono-light/status/22/audio-volume-low-zero-panel.svg
/usr/share/icons/ubuntu-mono-light/status/22/audio-volume-medium-panel.svg
/usr/share/icons/ubuntu-mono-light/status/22/audio-volume-muted-blocking-panel.svg
/usr/share/icons/ubuntu-mono-light/status/22/audio-volume-muted-panel.svg
/usr/share/icons/ubuntu-mono-light/status/22/blueman-tray.svg
/usr/share/icons/ubuntu-mono-light/status/22/bluetooth-active.svg
/usr/share/icons/ubuntu-mono-light/status/22/bluetooth-disabled.svg
/usr/share/icons/ubuntu-mono-light/status/22/bluetooth-paired.svg
/usr/share/icons/ubuntu-mono-light/status/22/connect_creating.svg
/usr/share/icons/ubuntu-mono-light/status/22/connect_established.svg
/usr/share/icons/ubuntu-mono-light/status/22/connect_no.svg
/usr/share/icons/ubuntu-mono-light/status/22/empathy-available.svg
/usr/share/icons/ubuntu-mono-light/status/22/empathy-away.svg
/usr/share/icons/ubuntu-mono-light/status/22/empathy-busy.svg
/usr/share/icons/ubuntu-mono-light/status/22/empathy-extended-away.svg
/usr/share/icons/ubuntu-mono-light/status/22/empathy-offline.svg
/usr/share/icons/ubuntu-mono-light/status/22/gnome-netstatus-0-24.svg
/usr/share/icons/ubuntu-mono-light/status/22/gnome-netstatus-25-49.svg
/usr/share/icons/ubuntu-mono-light/status/22/gnome-netstatus-50-74.svg
/usr/share/icons/ubuntu-mono-light/status/22/gnome-netstatus-75-100.svg
/usr/share/icons/ubuntu-mono-light/status/22/gnome-netstatus-disconn.svg
/usr/share/icons/ubuntu-mono-light/status/22/gnome-netstatus-error.svg
/usr/share/icons/ubuntu-mono-light/status/22/gnome-netstatus-idle.svg
/usr/share/icons/ubuntu-mono-light/status/22/gnome-netstatus-rx.svg
/usr/share/icons/ubuntu-mono-light/status/22/gnome-netstatus-tx.svg
/usr/share/icons/ubuntu-mono-light/status/22/gnome-netstatus-txrx.svg
/usr/share/icons/ubuntu-mono-light/status/22/gpm-keyboard-000.svg
/usr/share/icons/ubuntu-mono-light/status/22/gpm-keyboard-020.svg
/usr/share/icons/ubuntu-mono-light/status/22/gpm-keyboard-040.svg
/usr/share/icons/ubuntu-mono-light/status/22/gpm-keyboard-060.svg
/usr/share/icons/ubuntu-mono-light/status/22/gpm-keyboard-080.svg
/usr/share/icons/ubuntu-mono-light/status/22/gpm-keyboard-100.svg
/usr/share/icons/ubuntu-mono-light/status/22/gpm-mouse-000.svg
/usr/share/icons/ubuntu-mono-light/status/22/gpm-mouse-020.svg
/usr/share/icons/ubuntu-mono-light/status/22/gpm-mouse-040.svg
/usr/share/icons/ubuntu-mono-light/status/22/gpm-mouse-060.svg
/usr/share/icons/ubuntu-mono-light/status/22/gpm-mouse-080.svg
/usr/share/icons/ubuntu-mono-light/status/22/gpm-mouse-100.svg
/usr/share/icons/ubuntu-mono-light/status/22/gpm-phone-000.svg
/usr/share/icons/ubuntu-mono-light/status/22/gpm-phone-020.svg
/usr/share/icons/ubuntu-mono-light/status/22/gpm-phone-040.svg
/usr/share/icons/ubuntu-mono-light/status/22/gpm-phone-060.svg
/usr/share/icons/ubuntu-mono-light/status/22/gpm-phone-080.svg
/usr/share/icons/ubuntu-mono-light/status/22/gpm-phone-100.svg
/usr/share/icons/ubuntu-mono-light/status/22/gpm-primary-000-charging.svg
/usr/share/icons/ubuntu-mono-light/status/22/gpm-primary-000.svg
/usr/share/icons/ubuntu-mono-light/status/22/gpm-primary-020-charging.svg
/usr/share/icons/ubuntu-mono-light/status/22/gpm-primary-020.svg
/usr/share/icons/ubuntu-mono-light/status/22/gpm-primary-040-charging.svg
/usr/share/icons/ubuntu-mono-light/status/22/gpm-primary-040.svg
/usr/share/icons/ubuntu-mono-light/status/22/gpm-primary-060-charging.svg
/usr/share/icons/ubuntu-mono-light/status/22/gpm-primary-060.svg
/usr/share/icons/ubuntu-mono-light/status/22/gpm-primary-080-charging.svg
/usr/share/icons/ubuntu-mono-light/status/22/gpm-primary-080.svg
/usr/share/icons/ubuntu-mono-light/status/22/gpm-primary-100-charging.svg
/usr/share/icons/ubuntu-mono-light/status/22/gpm-primary-100.svg
/usr/share/icons/ubuntu-mono-light/status/22/gpm-primary-charged.svg
/usr/share/icons/ubuntu-mono-light/status/22/gpm-ups-000-charging.svg
/usr/share/icons/ubuntu-mono-light/status/22/gpm-ups-000.svg
/usr/share/icons/ubuntu-mono-light/status/22/gpm-ups-020-charging.svg
/usr/share/icons/ubuntu-mono-light/status/22/gpm-ups-020.svg
/usr/share/icons/ubuntu-mono-light/status/22/gpm-ups-040-charging.svg
/usr/share/icons/ubuntu-mono-light/status/22/gpm-ups-040.svg
/usr/share/icons/ubuntu-mono-light/status/22/gpm-ups-060-charging.svg
/usr/share/icons/ubuntu-mono-light/status/22/gpm-ups-060.svg
/usr/share/icons/ubuntu-mono-light/status/22/gpm-ups-080-charging.svg
/usr/share/icons/ubuntu-mono-light/status/22/gpm-ups-080.svg
/usr/share/icons/ubuntu-mono-light/status/22/gpm-ups-100-charging.svg
/usr/share/icons/ubuntu-mono-light/status/22/gpm-ups-100.svg
/usr/share/icons/ubuntu-mono-light/status/22/gpm-ups-missing.svg
/usr/share/icons/ubuntu-mono-light/status/22/gsm-3g-full-secure.svg
/usr/share/icons/ubuntu-mono-light/status/22/gsm-3g-full.svg
/usr/share/icons/ubuntu-mono-light/status/22/gsm-3g-high-secure.svg
/usr/share/icons/ubuntu-mono-light/status/22/gsm-3g-high.svg
/usr/share/icons/ubuntu-mono-light/status/22/gsm-3g-low-secure.svg
/usr/share/icons/ubuntu-mono-light/status/22/gsm-3g-low.svg
/usr/share/icons/ubuntu-mono-light/status/22/gsm-3g-medium-secure.svg
/usr/share/icons/ubuntu-mono-light/status/22/gsm-3g-medium.svg
/usr/share/icons/ubuntu-mono-light/status/22/gsm-3g-none-secure.svg
/usr/share/icons/ubuntu-mono-light/status/22/gsm-3g-none.svg
/usr/share/icons/ubuntu-mono-light/status/22/gtk-dialog-authentication-panel.svg
/usr/share/icons/ubuntu-mono-light/status/22/ibus-keyboard.svg
/usr/share/icons/ubuntu-mono-light/status/22/im-message-new.svg
/usr/share/icons/ubuntu-mono-light/status/22/indicator-appmenu-menu-panel.svg
/usr/share/icons/ubuntu-mono-light/status/22/indicator-keyboard-Ak.svg
/usr/share/icons/ubuntu-mono-light/status/22/indicator-keyboard-Am.svg
/usr/share/icons/ubuntu-mono-light/status/22/indicator-keyboard-Ar-1.svg
/usr/share/icons/ubuntu-mono-light/status/22/indicator-keyboard-Ar-10.svg
/usr/share/icons/ubuntu-mono-light/status/22/indicator-keyboard-Ar-11.svg
/usr/share/icons/ubuntu-mono-light/status/22/indicator-keyboard-Ar-2.svg
/usr/share/icons/ubuntu-mono-light/status/22/indicator-keyboard-Ar-3.svg
/usr/share/icons/ubuntu-mono-light/status/22/indicator-keyboard-Ar-4.svg
/usr/share/icons/ubuntu-mono-light/status/22/indicator-keyboard-Ar-5.svg
/usr/share/icons/ubuntu-mono-light/status/22/indicator-keyboard-Ar-6.svg
/usr/share/icons/ubuntu-mono-light/status/22/indicator-keyboard-Ar-7.svg
/usr/share/icons/ubuntu-mono-light/status/22/indicator-keyboard-Ar-8.svg
/usr/share/icons/ubuntu-mono-light/status/22/indicator-keyboard-Ar-9.svg
/usr/share/icons/ubuntu-mono-light/status/22/indicator-keyboard-Ar.svg
/usr/share/icons/ubuntu-mono-light/status/22/indicator-keyboard-Av.svg
/usr/share/icons/ubuntu-mono-light/status/22/indicator-keyboard-Az-1.svg
/usr/share/icons/ubuntu-mono-light/status/22/indicator-keyboard-Az-2.svg
/usr/share/icons/ubuntu-mono-light/status/22/indicator-keyboard-Az.svg
/usr/share/icons/ubuntu-mono-light/status/22/indicator-keyboard-Be-1.svg
/usr/share/icons/ubuntu-mono-light/status/22/indicator-keyboard-Be-10.svg
/usr/share/icons/ubuntu-mono-light/status/22/indicator-keyboard-Be-11.svg
/usr/share/icons/ubuntu-mono-light/status/22/indicator-keyboard-Be-12.svg
/usr/share/icons/ubuntu-mono-light/status/22/indicator-keyboard-Be-13.svg
/usr/share/icons/ubuntu-mono-light/status/22/indicator-keyboard-Be-14.svg
/usr/share/icons/ubuntu-mono-light/status/22/indicator-keyboard-Be-2.svg
/usr/share/icons/ubuntu-mono-light/status/22/indicator-keyboard-Be-3.svg
/usr/share/icons/ubuntu-mono-light/status/22/indicator-keyboard-Be-4.svg
/usr/share/icons/ubuntu-mono-light/status/22/indicator-keyboard-Be-5.svg
/usr/share/icons/ubuntu-mono-light/status/22/indicator-keyboard-Be-6.svg
/usr/share/icons/ubuntu-mono-light/status/22/indicator-keyboard-Be-7.svg
/usr/share/icons/ubuntu-mono-light/status/22/indicator-keyboard-Be-8.svg
/usr/share/icons/ubuntu-mono-light/status/22/indicator-keyboard-Be-9.svg
/usr/share/icons/ubuntu-mono-light/status/22/indicator-keyboard-Be.svg
/usr/share/icons/ubuntu-mono-light/status/22/indicator-keyboard-Bg-1.svg
/usr/share/icons/ubuntu-mono-light/status/22/indicator-keyboard-Bg-2.svg
/usr/share/icons/ubuntu-mono-light/status/22/indicator-keyboard-Bg-3.svg
/usr/share/icons/ubuntu-mono-light/status/22/indicator-keyboard-Bg.svg
/usr/share/icons/ubuntu-mono-light/status/22/indicator-keyboard-Bm.svg
/usr/share/icons/ubuntu-mono-light/status/22/indicator-keyboard-Bn-1.svg
/usr/share/icons/ubuntu-mono-light/status/22/indicator-keyboard-Bn-2.svg
/usr/share/icons/ubuntu-mono-light/status/22/indicator-keyboard-Bn-3.svg
/usr/share/icons/ubuntu-mono-light/status/22/indicator-keyboard-Bn-4.svg
/usr/share/icons/ubuntu-mono-light/status/22/indicator-keyboard-Bn.svg
/usr/share/icons/ubuntu-mono-light/status/22/indicator-keyboard-Br-1.svg
/usr/share/icons/ubuntu-mono-light/status/22/indicator-keyboard-Br-2.svg
/usr/share/icons/ubuntu-mono-light/status/22/indicator-keyboard-Br-3.svg
/usr/share/icons/ubuntu-mono-light/status/22/indicator-keyboard-Br.svg
/usr/share/icons/ubuntu-mono-light/status/22/indicator-keyboard-Bs-1.svg
/usr/share/icons/ubuntu-mono-light/status/22/indicator-keyboard-Bs-2.svg
/usr/share/icons/ubuntu-mono-light/status/22/indicator-keyboard-Bs-3.svg
/usr/share/icons/ubuntu-mono-light/status/22/indicator-keyboard-Bs-4.svg
/usr/share/icons/ubuntu-mono-light/status/22/indicator-keyboard-Bs-5.svg
/usr/share/icons/ubuntu-mono-light/status/22/indicator-keyboard-Bs.svg
/usr/share/icons/ubuntu-mono-light/status/22/indicator-keyboard-By-1.svg
/usr/share/icons/ubuntu-mono-light/status/22/indicator-keyboard-By-2.svg
/usr/share/icons/ubuntu-mono-light/status/22/indicator-keyboard-By-3.svg
/usr/share/icons/ubuntu-mono-light/status/22/indicator-keyboard-By.svg
/usr/share/icons/ubuntu-mono-light/status/22/indicator-keyboard-Ch.svg
/usr/share/icons/ubuntu-mono-light/status/22/indicator-keyboard-Cm-1.svg
/usr/share/icons/ubuntu-mono-light/status/22/indicator-keyboard-Cm-2.svg
/usr/share/icons/ubuntu-mono-light/status/22/indicator-keyboard-Cm-3.svg
/usr/share/icons/ubuntu-mono-light/status/22/indicator-keyboard-Cm-4.svg
/usr/share/icons/ubuntu-mono-light/status/22/indicator-keyboard-Cm-5.svg
/usr/share/icons/ubuntu-mono-light/status/22/indicator-keyboard-Cm.svg
/usr/share/icons/ubuntu-mono-light/status/22/indicator-keyboard-Cr-1.svg
/usr/share/icons/ubuntu-mono-light/status/22/indicator-keyboard-Cr-2.svg
/usr/share/icons/ubuntu-mono-light/status/22/indicator-keyboard-Cr-3.svg
/usr/share/icons/ubuntu-mono-light/status/22/indicator-keyboard-Cr.svg
/usr/share/icons/ubuntu-mono-light/status/22/indicator-keyboard-Cs-1.svg
/usr/share/icons/ubuntu-mono-light/status/22/indicator-keyboard-Cs-2.svg
/usr/share/icons/ubuntu-mono-light/status/22/indicator-keyboard-Cs-3.svg
/usr/share/icons/ubuntu-mono-light/status/22/indicator-keyboard-Cs-4.svg
/usr/share/icons/ubuntu-mono-light/status/22/indicator-keyboard-Cs-5.svg
/usr/share/icons/ubuntu-mono-light/status/22/indicator-keyboard-Cs-6.svg
/usr/share/icons/ubuntu-mono-light/status/22/indicator-keyboard-Cs.svg
/usr/share/icons/ubuntu-mono-light/status/22/indicator-keyboard-Da-1.svg
/usr/share/icons/ubuntu-mono-light/status/22/indicator-keyboard-Da-2.svg
/usr/share/icons/ubuntu-mono-light/status/22/indicator-keyboard-Da-3.svg
/usr/share/icons/ubuntu-mono-light/status/22/indicator-keyboard-Da-4.svg
/usr/share/icons/ubuntu-mono-light/status/22/indicator-keyboard-Da-5.svg
/usr/share/icons/ubuntu-mono-light/status/22/indicator-keyboard-Da.svg
/usr/share/icons/ubuntu-mono-light/status/22/indicator-keyboard-De-1.svg
/usr/share/icons/ubuntu-mono-light/status/22/indicator-keyboard-De-10.svg
/usr/share/icons/ubuntu-mono-light/status/22/indicator-keyboard-De-11.svg
/usr/share/icons/ubuntu-mono-light/status/22/indicator-keyboard-De-12.svg
/usr/share/icons/ubuntu-mono-light/status/22/indicator-keyboard-De-13.svg
/usr/share/icons/ubuntu-mono-light/status/22/indicator-keyboard-De-14.svg
/usr/share/icons/ubuntu-mono-light/status/22/indicator-keyboard-De-15.svg
/usr/share/icons/ubuntu-mono-light/status/22/indicator-keyboard-De-16.svg
/usr/share/icons/ubuntu-mono-light/status/22/indicator-keyboard-De-17.svg
/usr/share/icons/ubuntu-mono-light/status/22/indicator-keyboard-De-18.svg
/usr/share/icons/ubuntu-mono-light/status/22/indicator-keyboard-De-19.svg
/usr/share/icons/ubuntu-mono-light/status/22/indicator-keyboard-De-2.svg
/usr/share/icons/ubuntu-mono-light/status/22/indicator-keyboard-De-20.svg
/usr/share/icons/ubuntu-mono-light/status/22/indicator-keyboard-De-21.svg
/usr/share/icons/ubuntu-mono-light/status/22/indicator-keyboard-De-22.svg
/usr/share/icons/ubuntu-mono-light/status/22/indicator-keyboard-De-23.svg
/usr/share/icons/ubuntu-mono-light/status/22/indicator-keyboard-De-24.svg
/usr/share/icons/ubuntu-mono-light/status/22/indicator-keyboard-De-25.svg
/usr/share/icons/ubuntu-mono-light/status/22/indicator-keyboard-De-3.svg
/usr/share/icons/ubuntu-mono-light/status/22/indicator-keyboard-De-4.svg
/usr/share/icons/ubuntu-mono-light/status/22/indicator-keyboard-De-5.svg
/usr/share/icons/ubuntu-mono-light/status/22/indicator-keyboard-De-6.svg
/usr/share/icons/ubuntu-mono-light/status/22/indicator-keyboard-De-7.svg
/usr/share/icons/ubuntu-mono-light/status/22/indicator-keyboard-De-8.svg
/usr/share/icons/ubuntu-mono-light/status/22/indicator-keyboard-De-9.svg
/usr/share/icons/ubuntu-mono-light/status/22/indicator-keyboard-De.svg
/usr/share/icons/ubuntu-mono-light/status/22/indicator-keyboard-Dv.svg
/usr/share/icons/ubuntu-mono-light/status/22/indicator-keyboard-Dz.svg
/usr/share/icons/ubuntu-mono-light/status/22/indicator-keyboard-Ee.svg
/usr/share/icons/ubuntu-mono-light/status/22/indicator-keyboard-En-1.svg
/usr/share/icons/ubuntu-mono-light/status/22/indicator-keyboard-En-10.svg
/usr/share/icons/ubuntu-mono-light/status/22/indicator-keyboard-En-11.svg
/usr/share/icons/ubuntu-mono-light/status/22/indicator-keyboard-En-12.svg
/usr/share/icons/ubuntu-mono-light/status/22/indicator-keyboard-En-13.svg
/usr/share/icons/ubuntu-mono-light/status/22/indicator-keyboard-En-14.svg
/usr/share/icons/ubuntu-mono-light/status/22/indicator-keyboard-En-15.svg
/usr/share/icons/ubuntu-mono-light/status/22/indicator-keyboard-En-16.svg
/usr/share/icons/ubuntu-mono-light/status/22/indicator-keyboard-En-17.svg
/usr/share/icons/ubuntu-mono-light/status/22/indicator-keyboard-En-18.svg
/usr/share/icons/ubuntu-mono-light/status/22/indicator-keyboard-En-19.svg
/usr/share/icons/ubuntu-mono-light/status/22/indicator-keyboard-En-2.svg
/usr/share/icons/ubuntu-mono-light/status/22/indicator-keyboard-En-20.svg
/usr/share/icons/ubuntu-mono-light/status/22/indicator-keyboard-En-21.svg
/usr/share/icons/ubuntu-mono-light/status/22/indicator-keyboard-En-22.svg
/usr/share/icons/ubuntu-mono-light/status/22/indicator-keyboard-En-23.svg
/usr/share/icons/ubuntu-mono-light/status/22/indicator-keyboard-En-24.svg
/usr/share/icons/ubuntu-mono-light/status/22/indicator-keyboard-En-25.svg
/usr/share/icons/ubuntu-mono-light/status/22/indicator-keyboard-En-26.svg
/usr/share/icons/ubuntu-mono-light/status/22/indicator-keyboard-En-27.svg
/usr/share/icons/ubuntu-mono-light/status/22/indicator-keyboard-En-28.svg
/usr/share/icons/ubuntu-mono-light/status/22/indicator-keyboard-En-29.svg
/usr/share/icons/ubuntu-mono-light/status/22/indicator-keyboard-En-3.svg
/usr/share/icons/ubuntu-mono-light/status/22/indicator-keyboard-En-30.svg
/usr/share/icons/ubuntu-mono-light/status/22/indicator-keyboard-En-31.svg
/usr/share/icons/ubuntu-mono-light/status/22/indicator-keyboard-En-32.svg
/usr/share/icons/ubuntu-mono-light/status/22/indicator-keyboard-En-33.svg
/usr/share/icons/ubuntu-mono-light/status/22/indicator-keyboard-En-34.svg
/usr/share/icons/ubuntu-mono-light/status/22/indicator-keyboard-En-35.svg
/usr/share/icons/ubuntu-mono-light/status/22/indicator-keyboard-En-4.svg
/usr/share/icons/ubuntu-mono-light/status/22/indicator-keyboard-En-5.svg
/usr/share/icons/ubuntu-mono-light/status/22/indicator-keyboard-En-6.svg
/usr/share/icons/ubuntu-mono-light/status/22/indicator-keyboard-En-7.svg
/usr/share/icons/ubuntu-mono-light/status/22/indicator-keyboard-En-8.svg
/usr/share/icons/ubuntu-mono-light/status/22/indicator-keyboard-En-9.svg
/usr/share/icons/ubuntu-mono-light/status/22/indicator-keyboard-En.svg
/usr/share/icons/ubuntu-mono-light/status/22/indicator-keyboard-Eo-1.svg
/usr/share/icons/ubuntu-mono-light/status/22/indicator-keyboard-Eo-2.svg
/usr/share/icons/ubuntu-mono-light/status/22/indicator-keyboard-Eo.svg
/usr/share/icons/ubuntu-mono-light/status/22/indicator-keyboard-Es-1.svg
/usr/share/icons/ubuntu-mono-light/status/22/indicator-keyboard-Es-10.svg
/usr/share/icons/ubuntu-mono-light/status/22/indicator-keyboard-Es-11.svg
/usr/share/icons/ubuntu-mono-light/status/22/indicator-keyboard-Es-12.svg
/usr/share/icons/ubuntu-mono-light/status/22/indicator-keyboard-Es-2.svg
/usr/share/icons/ubuntu-mono-light/status/22/indicator-keyboard-Es-3.svg
/usr/share/icons/ubuntu-mono-light/status/22/indicator-keyboard-Es-4.svg
/usr/share/icons/ubuntu-mono-light/status/22/indicator-keyboard-Es-5.svg
/usr/share/icons/ubuntu-mono-light/status/22/indicator-keyboard-Es-6.svg
/usr/share/icons/ubuntu-mono-light/status/22/indicator-keyboard-Es-7.svg
/usr/share/icons/ubuntu-mono-light/status/22/indicator-keyboard-Es-8.svg
/usr/share/icons/ubuntu-mono-light/status/22/indicator-keyboard-Es-9.svg
/usr/share/icons/ubuntu-mono-light/status/22/indicator-keyboard-Es.svg
/usr/share/icons/ubuntu-mono-light/status/22/indicator-keyboard-Et-1.svg
/usr/share/icons/ubuntu-mono-light/status/22/indicator-keyboard-Et-2.svg
/usr/share/icons/ubuntu-mono-light/status/22/indicator-keyboard-Et-3.svg
/usr/share/icons/ubuntu-mono-light/status/22/indicator-keyboard-Et-4.svg
/usr/share/icons/ubuntu-mono-light/status/22/indicator-keyboard-Et.svg
/usr/share/icons/ubuntu-mono-light/status/22/indicator-keyboard-Fa-1.svg
/usr/share/icons/ubuntu-mono-light/status/22/indicator-keyboard-Fa-2.svg
/usr/share/icons/ubuntu-mono-light/status/22/indicator-keyboard-Fa-3.svg
/usr/share/icons/ubuntu-mono-light/status/22/indicator-keyboard-Fa-4.svg
/usr/share/icons/ubuntu-mono-light/status/22/indicator-keyboard-Fa.svg
/usr/share/icons/ubuntu-mono-light/status/22/indicator-keyboard-Ff.svg
/usr/share/icons/ubuntu-mono-light/status/22/indicator-keyboard-Fi-1.svg
/usr/share/icons/ubuntu-mono-light/status/22/indicator-keyboard-Fi-2.svg
/usr/share/icons/ubuntu-mono-light/status/22/indicator-keyboard-Fi-3.svg
/usr/share/icons/ubuntu-mono-light/status/22/indicator-keyboard-Fi-4.svg
/usr/share/icons/ubuntu-mono-light/status/22/indicator-keyboard-Fi-5.svg
/usr/share/icons/ubuntu-mono-light/status/22/indicator-keyboard-Fi.svg
/usr/share/icons/ubuntu-mono-light/status/22/indicator-keyboard-Fo-1.svg
/usr/share/icons/ubuntu-mono-light/status/22/indicator-keyboard-Fo-2.svg
/usr/share/icons/ubuntu-mono-light/status/22/indicator-keyboard-Fo.svg
/usr/share/icons/ubuntu-mono-light/status/22/indicator-keyboard-Fr-1.svg
/usr/share/icons/ubuntu-mono-light/status/22/indicator-keyboard-Fr-10.svg
/usr/share/icons/ubuntu-mono-light/status/22/indicator-keyboard-Fr-11.svg
/usr/share/icons/ubuntu-mono-light/status/22/indicator-keyboard-Fr-12.svg
/usr/share/icons/ubuntu-mono-light/status/22/indicator-keyboard-Fr-13.svg
/usr/share/icons/ubuntu-mono-light/status/22/indicator-keyboard-Fr-14.svg
/usr/share/icons/ubuntu-mono-light/status/22/indicator-keyboard-Fr-15.svg
/usr/share/icons/ubuntu-mono-light/status/22/indicator-keyboard-Fr-16.svg
/usr/share/icons/ubuntu-mono-light/status/22/indicator-keyboard-Fr-17.svg
/usr/share/icons/ubuntu-mono-light/status/22/indicator-keyboard-Fr-18.svg
/usr/share/icons/ubuntu-mono-light/status/22/indicator-keyboard-Fr-19.svg
/usr/share/icons/ubuntu-mono-light/status/22/indicator-keyboard-Fr-2.svg
/usr/share/icons/ubuntu-mono-light/status/22/indicator-keyboard-Fr-20.svg
/usr/share/icons/ubuntu-mono-light/status/22/indicator-keyboard-Fr-21.svg
/usr/share/icons/ubuntu-mono-light/status/22/indicator-keyboard-Fr-22.svg
/usr/share/icons/ubuntu-mono-light/status/22/indicator-keyboard-Fr-23.svg
/usr/share/icons/ubuntu-mono-light/status/22/indicator-keyboard-Fr-24.svg
/usr/share/icons/ubuntu-mono-light/status/22/indicator-keyboard-Fr-25.svg
/usr/share/icons/ubuntu-mono-light/status/22/indicator-keyboard-Fr-26.svg
/usr/share/icons/ubuntu-mono-light/status/22/indicator-keyboard-Fr-27.svg
/usr/share/icons/ubuntu-mono-light/status/22/indicator-keyboard-Fr-28.svg
/usr/share/icons/ubuntu-mono-light/status/22/indicator-keyboard-Fr-29.svg
/usr/share/icons/ubuntu-mono-light/status/22/indicator-keyboard-Fr-3.svg
/usr/share/icons/ubuntu-mono-light/status/22/indicator-keyboard-Fr-30.svg
/usr/share/icons/ubuntu-mono-light/status/22/indicator-keyboard-Fr-31.svg
/usr/share/icons/ubuntu-mono-light/status/22/indicator-keyboard-Fr-4.svg
/usr/share/icons/ubuntu-mono-light/status/22/indicator-keyboard-Fr-5.svg
/usr/share/icons/ubuntu-mono-light/status/22/indicator-keyboard-Fr-6.svg
/usr/share/icons/ubuntu-mono-light/status/22/indicator-keyboard-Fr-7.svg
/usr/share/icons/ubuntu-mono-light/status/22/indicator-keyboard-Fr-8.svg
/usr/share/icons/ubuntu-mono-light/status/22/indicator-keyboard-Fr-9.svg
/usr/share/icons/ubuntu-mono-light/status/22/indicator-keyboard-Fr.svg
/usr/share/icons/ubuntu-mono-light/status/22/indicator-keyboard-Ga-1.svg
/usr/share/icons/ubuntu-mono-light/status/22/indicator-keyboard-Ga-2.svg
/usr/share/icons/ubuntu-mono-light/status/22/indicator-keyboard-Ga.svg
/usr/share/icons/ubuntu-mono-light/status/22/indicator-keyboard-Gr-1.svg
/usr/share/icons/ubuntu-mono-light/status/22/indicator-keyboard-Gr-2.svg
/usr/share/icons/ubuntu-mono-light/status/22/indicator-keyboard-Gr-3.svg
/usr/share/icons/ubuntu-mono-light/status/22/indicator-keyboard-Gr-4.svg
/usr/share/icons/ubuntu-mono-light/status/22/indicator-keyboard-Gr-5.svg
/usr/share/icons/ubuntu-mono-light/status/22/indicator-keyboard-Gr.svg
/usr/share/icons/ubuntu-mono-light/status/22/indicator-keyboard-Gu.svg
/usr/share/icons/ubuntu-mono-light/status/22/indicator-keyboard-Ha-1.svg
/usr/share/icons/ubuntu-mono-light/status/22/indicator-keyboard-Ha-2.svg
/usr/share/icons/ubuntu-mono-light/status/22/indicator-keyboard-Ha.svg
/usr/share/icons/ubuntu-mono-light/status/22/indicator-keyboard-He-1.svg
/usr/share/icons/ubuntu-mono-light/status/22/indicator-keyboard-He-2.svg
/usr/share/icons/ubuntu-mono-light/status/22/indicator-keyboard-He-3.svg
/usr/share/icons/ubuntu-mono-light/status/22/indicator-keyboard-He-4.svg
/usr/share/icons/ubuntu-mono-light/status/22/indicator-keyboard-He.svg
/usr/share/icons/ubuntu-mono-light/status/22/indicator-keyboard-Hi-1.svg
/usr/share/icons/ubuntu-mono-light/status/22/indicator-keyboard-Hi-2.svg
/usr/share/icons/ubuntu-mono-light/status/22/indicator-keyboard-Hi-3.svg
/usr/share/icons/ubuntu-mono-light/status/22/indicator-keyboard-Hi.svg
/usr/share/icons/ubuntu-mono-light/status/22/indicator-keyboard-Hr-1.svg
/usr/share/icons/ubuntu-mono-light/status/22/indicator-keyboard-Hr-2.svg
/usr/share/icons/ubuntu-mono-light/status/22/indicator-keyboard-Hr-3.svg
/usr/share/icons/ubuntu-mono-light/status/22/indicator-keyboard-Hr-4.svg
/usr/share/icons/ubuntu-mono-light/status/22/indicator-keyboard-Hr-5.svg
/usr/share/icons/ubuntu-mono-light/status/22/indicator-keyboard-Hr.svg
/usr/share/icons/ubuntu-mono-light/status/22/indicator-keyboard-Hu-1.svg
/usr/share/icons/ubuntu-mono-light/status/22/indicator-keyboard-Hu-10.svg
/usr/share/icons/ubuntu-mono-light/status/22/indicator-keyboard-Hu-11.svg
/usr/share/icons/ubuntu-mono-light/status/22/indicator-keyboard-Hu-12.svg
/usr/share/icons/ubuntu-mono-light/status/22/indicator-keyboard-Hu-13.svg
/usr/share/icons/ubuntu-mono-light/status/22/indicator-keyboard-Hu-14.svg
/usr/share/icons/ubuntu-mono-light/status/22/indicator-keyboard-Hu-15.svg
/usr/share/icons/ubuntu-mono-light/status/22/indicator-keyboard-Hu-16.svg
/usr/share/icons/ubuntu-mono-light/status/22/indicator-keyboard-Hu-17.svg
/usr/share/icons/ubuntu-mono-light/status/22/indicator-keyboard-Hu-18.svg
/usr/share/icons/ubuntu-mono-light/status/22/indicator-keyboard-Hu-19.svg
/usr/share/icons/ubuntu-mono-light/status/22/indicator-keyboard-Hu-2.svg
/usr/share/icons/ubuntu-mono-light/status/22/indicator-keyboard-Hu-20.svg
/usr/share/icons/ubuntu-mono-light/status/22/indicator-keyboard-Hu-3.svg
/usr/share/icons/ubuntu-mono-light/status/22/indicator-keyboard-Hu-4.svg
/usr/share/icons/ubuntu-mono-light/status/22/indicator-keyboard-Hu-5.svg
/usr/share/icons/ubuntu-mono-light/status/22/indicator-keyboard-Hu-6.svg
/usr/share/icons/ubuntu-mono-light/status/22/indicator-keyboard-Hu-7.svg
/usr/share/icons/ubuntu-mono-light/status/22/indicator-keyboard-Hu-8.svg
/usr/share/icons/ubuntu-mono-light/status/22/indicator-keyboard-Hu-9.svg
/usr/share/icons/ubuntu-mono-light/status/22/indicator-keyboard-Hu.svg
/usr/share/icons/ubuntu-mono-light/status/22/indicator-keyboard-Hy-1.svg
/usr/share/icons/ubuntu-mono-light/status/22/indicator-keyboard-Hy-2.svg
/usr/share/icons/ubuntu-mono-light/status/22/indicator-keyboard-Hy-3.svg
/usr/share/icons/ubuntu-mono-light/status/22/indicator-keyboard-Hy-4.svg
/usr/share/icons/ubuntu-mono-light/status/22/indicator-keyboard-Hy-5.svg
/usr/share/icons/ubuntu-mono-light/status/22/indicator-keyboard-Hy-6.svg
/usr/share/icons/ubuntu-mono-light/status/22/indicator-keyboard-Hy.svg
/usr/share/icons/ubuntu-mono-light/status/22/indicator-keyboard-Ie-1.svg
/usr/share/icons/ubuntu-mono-light/status/22/indicator-keyboard-Ie-2.svg
/usr/share/icons/ubuntu-mono-light/status/22/indicator-keyboard-Ie-3.svg
/usr/share/icons/ubuntu-mono-light/status/22/indicator-keyboard-Ie-4.svg
/usr/share/icons/ubuntu-mono-light/status/22/indicator-keyboard-Ie-5.svg
/usr/share/icons/ubuntu-mono-light/status/22/indicator-keyboard-Ie.svg
/usr/share/icons/ubuntu-mono-light/status/22/indicator-keyboard-Ig.svg
/usr/share/icons/ubuntu-mono-light/status/22/indicator-keyboard-Ik.svg
/usr/share/icons/ubuntu-mono-light/status/22/indicator-keyboard-In-1.svg
/usr/share/icons/ubuntu-mono-light/status/22/indicator-keyboard-In-2.svg
/usr/share/icons/ubuntu-mono-light/status/22/indicator-keyboard-In-3.svg
/usr/share/icons/ubuntu-mono-light/status/22/indicator-keyboard-In-4.svg
/usr/share/icons/ubuntu-mono-light/status/22/indicator-keyboard-In-5.svg
/usr/share/icons/ubuntu-mono-light/status/22/indicator-keyboard-In.svg
/usr/share/icons/ubuntu-mono-light/status/22/indicator-keyboard-Is-1.svg
/usr/share/icons/ubuntu-mono-light/status/22/indicator-keyboard-Is-2.svg
/usr/share/icons/ubuntu-mono-light/status/22/indicator-keyboard-Is-3.svg
/usr/share/icons/ubuntu-mono-light/status/22/indicator-keyboard-Is-4.svg
/usr/share/icons/ubuntu-mono-light/status/22/indicator-keyboard-Is-5.svg
/usr/share/icons/ubuntu-mono-light/status/22/indicator-keyboard-Is.svg
/usr/share/icons/ubuntu-mono-light/status/22/indicator-keyboard-It-1.svg
/usr/share/icons/ubuntu-mono-light/status/22/indicator-keyboard-It-2.svg
/usr/share/icons/ubuntu-mono-light/status/22/indicator-keyboard-It-3.svg
/usr/share/icons/ubuntu-mono-light/status/22/indicator-keyboard-It-4.svg
/usr/share/icons/ubuntu-mono-light/status/22/indicator-keyboard-It-5.svg
/usr/share/icons/ubuntu-mono-light/status/22/indicator-keyboard-It-6.svg
/usr/share/icons/ubuntu-mono-light/status/22/indicator-keyboard-It.svg
/usr/share/icons/ubuntu-mono-light/status/22/indicator-keyboard-Ja-1.svg
/usr/share/icons/ubuntu-mono-light/status/22/indicator-keyboard-Ja-2.svg
/usr/share/icons/ubuntu-mono-light/status/22/indicator-keyboard-Ja-3.svg
/usr/share/icons/ubuntu-mono-light/status/22/indicator-keyboard-Ja-4.svg
/usr/share/icons/ubuntu-mono-light/status/22/indicator-keyboard-Ja-5.svg
/usr/share/icons/ubuntu-mono-light/status/22/indicator-keyboard-Ja-6.svg
/usr/share/icons/ubuntu-mono-light/status/22/indicator-keyboard-Ja-7.svg
/usr/share/icons/ubuntu-mono-light/status/22/indicator-keyboard-Ja.svg
/usr/share/icons/ubuntu-mono-light/status/22/indicator-keyboard-Ka-1.svg
/usr/share/icons/ubuntu-mono-light/status/22/indicator-keyboard-Ka-2.svg
/usr/share/icons/ubuntu-mono-light/status/22/indicator-keyboard-Ka-3.svg
/usr/share/icons/ubuntu-mono-light/status/22/indicator-keyboard-Ka-4.svg
/usr/share/icons/ubuntu-mono-light/status/22/indicator-keyboard-Ka.svg
/usr/share/icons/ubuntu-mono-light/status/22/indicator-keyboard-Ki-1.svg
/usr/share/icons/ubuntu-mono-light/status/22/indicator-keyboard-Ki-2.svg
/usr/share/icons/ubuntu-mono-light/status/22/indicator-keyboard-Ki-3.svg
/usr/share/icons/ubuntu-mono-light/status/22/indicator-keyboard-Ki.svg
/usr/share/icons/ubuntu-mono-light/status/22/indicator-keyboard-Kk-1.svg
/usr/share/icons/ubuntu-mono-light/status/22/indicator-keyboard-Kk-2.svg
/usr/share/icons/ubuntu-mono-light/status/22/indicator-keyboard-Kk.svg
/usr/share/icons/ubuntu-mono-light/status/22/indicator-keyboard-Km.svg
/usr/share/icons/ubuntu-mono-light/status/22/indicator-keyboard-Kn-1.svg
/usr/share/icons/ubuntu-mono-light/status/22/indicator-keyboard-Kn-2.svg
/usr/share/icons/ubuntu-mono-light/status/22/indicator-keyboard-Kn.svg
/usr/share/icons/ubuntu-mono-light/status/22/indicator-keyboard-Ko-1.svg
/usr/share/icons/ubuntu-mono-light/status/22/indicator-keyboard-Ko-2.svg
/usr/share/icons/ubuntu-mono-light/status/22/indicator-keyboard-Ko.svg
/usr/share/icons/ubuntu-mono-light/status/22/indicator-keyboard-Ku-1.svg
/usr/share/icons/ubuntu-mono-light/status/22/indicator-keyboard-Ku-10.svg
/usr/share/icons/ubuntu-mono-light/status/22/indicator-keyboard-Ku-11.svg
/usr/share/icons/ubuntu-mono-light/status/22/indicator-keyboard-Ku-12.svg
/usr/share/icons/ubuntu-mono-light/status/22/indicator-keyboard-Ku-13.svg
/usr/share/icons/ubuntu-mono-light/status/22/indicator-keyboard-Ku-14.svg
/usr/share/icons/ubuntu-mono-light/status/22/indicator-keyboard-Ku-2.svg
/usr/share/icons/ubuntu-mono-light/status/22/indicator-keyboard-Ku-3.svg
/usr/share/icons/ubuntu-mono-light/status/22/indicator-keyboard-Ku-4.svg
/usr/share/icons/ubuntu-mono-light/status/22/indicator-keyboard-Ku-5.svg
/usr/share/icons/ubuntu-mono-light/status/22/indicator-keyboard-Ku-6.svg
/usr/share/icons/ubuntu-mono-light/status/22/indicator-keyboard-Ku-7.svg
/usr/share/icons/ubuntu-mono-light/status/22/indicator-keyboard-Ku-8.svg
/usr/share/icons/ubuntu-mono-light/status/22/indicator-keyboard-Ku-9.svg
/usr/share/icons/ubuntu-mono-light/status/22/indicator-keyboard-Ku.svg
/usr/share/icons/ubuntu-mono-light/status/22/indicator-keyboard-Lo-1.svg
/usr/share/icons/ubuntu-mono-light/status/22/indicator-keyboard-Lo-2.svg
/usr/share/icons/ubuntu-mono-light/status/22/indicator-keyboard-Lo.svg
/usr/share/icons/ubuntu-mono-light/status/22/indicator-keyboard-Lt-1.svg
/usr/share/icons/ubuntu-mono-light/status/22/indicator-keyboard-Lt-2.svg
/usr/share/icons/ubuntu-mono-light/status/22/indicator-keyboard-Lt-3.svg
/usr/share/icons/ubuntu-mono-light/status/22/indicator-keyboard-Lt-4.svg
/usr/share/icons/ubuntu-mono-light/status/22/indicator-keyboard-Lt-5.svg
/usr/share/icons/ubuntu-mono-light/status/22/indicator-keyboard-Lt-6.svg
/usr/share/icons/ubuntu-mono-light/status/22/indicator-keyboard-Lt.svg
/usr/share/icons/ubuntu-mono-light/status/22/indicator-keyboard-Lv-1.svg
/usr/share/icons/ubuntu-mono-light/status/22/indicator-keyboard-Lv-2.svg
/usr/share/icons/ubuntu-mono-light/status/22/indicator-keyboard-Lv-3.svg
/usr/share/icons/ubuntu-mono-light/status/22/indicator-keyboard-Lv-4.svg
/usr/share/icons/ubuntu-mono-light/status/22/indicator-keyboard-Lv-5.svg
/usr/share/icons/ubuntu-mono-light/status/22/indicator-keyboard-Lv-6.svg
/usr/share/icons/ubuntu-mono-light/status/22/indicator-keyboard-Lv-7.svg
/usr/share/icons/ubuntu-mono-light/status/22/indicator-keyboard-Lv.svg
/usr/share/icons/ubuntu-mono-light/status/22/indicator-keyboard-Md.svg
/usr/share/icons/ubuntu-mono-light/status/22/indicator-keyboard-Mi.svg
/usr/share/icons/ubuntu-mono-light/status/22/indicator-keyboard-Mk-1.svg
/usr/share/icons/ubuntu-mono-light/status/22/indicator-keyboard-Mk-2.svg
/usr/share/icons/ubuntu-mono-light/status/22/indicator-keyboard-Mk.svg
/usr/share/icons/ubuntu-mono-light/status/22/indicator-keyboard-Ml-1.svg
/usr/share/icons/ubuntu-mono-light/status/22/indicator-keyboard-Ml-2.svg
/usr/share/icons/ubuntu-mono-light/status/22/indicator-keyboard-Ml-3.svg
/usr/share/icons/ubuntu-mono-light/status/22/indicator-keyboard-Ml.svg
/usr/share/icons/ubuntu-mono-light/status/22/indicator-keyboard-Mn.svg
/usr/share/icons/ubuntu-mono-light/status/22/indicator-keyboard-Mr.svg
/usr/share/icons/ubuntu-mono-light/status/22/indicator-keyboard-Mt-1.svg
/usr/share/icons/ubuntu-mono-light/status/22/indicator-keyboard-Mt-2.svg
/usr/share/icons/ubuntu-mono-light/status/22/indicator-keyboard-Mt.svg
/usr/share/icons/ubuntu-mono-light/status/22/indicator-keyboard-My.svg
/usr/share/icons/ubuntu-mono-light/status/22/indicator-keyboard-Ne.svg
/usr/share/icons/ubuntu-mono-light/status/22/indicator-keyboard-Nl-1.svg
/usr/share/icons/ubuntu-mono-light/status/22/indicator-keyboard-Nl-2.svg
/usr/share/icons/ubuntu-mono-light/status/22/indicator-keyboard-Nl-3.svg
/usr/share/icons/ubuntu-mono-light/status/22/indicator-keyboard-Nl-4.svg
/usr/share/icons/ubuntu-mono-light/status/22/indicator-keyboard-Nl.svg
/usr/share/icons/ubuntu-mono-light/status/22/indicator-keyboard-No-1.svg
/usr/share/icons/ubuntu-mono-light/status/22/indicator-keyboard-No-2.svg
/usr/share/icons/ubuntu-mono-light/status/22/indicator-keyboard-No-3.svg
/usr/share/icons/ubuntu-mono-light/status/22/indicator-keyboard-No-4.svg
/usr/share/icons/ubuntu-mono-light/status/22/indicator-keyboard-No-5.svg
/usr/share/icons/ubuntu-mono-light/status/22/indicator-keyboard-No-6.svg
/usr/share/icons/ubuntu-mono-light/status/22/indicator-keyboard-No-7.svg
/usr/share/icons/ubuntu-mono-light/status/22/indicator-keyboard-No-8.svg
/usr/share/icons/ubuntu-mono-light/status/22/indicator-keyboard-No.svg
/usr/share/icons/ubuntu-mono-light/status/22/indicator-keyboard-Or.svg
/usr/share/icons/ubuntu-mono-light/status/22/indicator-keyboard-Pa-1.svg
/usr/share/icons/ubuntu-mono-light/status/22/indicator-keyboard-Pa-2.svg
/usr/share/icons/ubuntu-mono-light/status/22/indicator-keyboard-Pa.svg
/usr/share/icons/ubuntu-mono-light/status/22/indicator-keyboard-Ph-1.svg
/usr/share/icons/ubuntu-mono-light/status/22/indicator-keyboard-Ph-10.svg
/usr/share/icons/ubuntu-mono-light/status/22/indicator-keyboard-Ph-2.svg
/usr/share/icons/ubuntu-mono-light/status/22/indicator-keyboard-Ph-3.svg
/usr/share/icons/ubuntu-mono-light/status/22/indicator-keyboard-Ph-4.svg
/usr/share/icons/ubuntu-mono-light/status/22/indicator-keyboard-Ph-5.svg
/usr/share/icons/ubuntu-mono-light/status/22/indicator-keyboard-Ph-6.svg
/usr/share/icons/ubuntu-mono-light/status/22/indicator-keyboard-Ph-7.svg
/usr/share/icons/ubuntu-mono-light/status/22/indicator-keyboard-Ph-8.svg
/usr/share/icons/ubuntu-mono-light/status/22/indicator-keyboard-Ph-9.svg
/usr/share/icons/ubuntu-mono-light/status/22/indicator-keyboard-Ph.svg
/usr/share/icons/ubuntu-mono-light/status/22/indicator-keyboard-Pl-1.svg
/usr/share/icons/ubuntu-mono-light/status/22/indicator-keyboard-Pl-2.svg
/usr/share/icons/ubuntu-mono-light/status/22/indicator-keyboard-Pl-3.svg
/usr/share/icons/ubuntu-mono-light/status/22/indicator-keyboard-Pl-4.svg
/usr/share/icons/ubuntu-mono-light/status/22/indicator-keyboard-Pl-5.svg
/usr/share/icons/ubuntu-mono-light/status/22/indicator-keyboard-Pl-6.svg
/usr/share/icons/ubuntu-mono-light/status/22/indicator-keyboard-Pl-7.svg
/usr/share/icons/ubuntu-mono-light/status/22/indicator-keyboard-Pl-8.svg
/usr/share/icons/ubuntu-mono-light/status/22/indicator-keyboard-Pl-9.svg
/usr/share/icons/ubuntu-mono-light/status/22/indicator-keyboard-Pl.svg
/usr/share/icons/ubuntu-mono-light/status/22/indicator-keyboard-Ps-1.svg
/usr/share/icons/ubuntu-mono-light/status/22/indicator-keyboard-Ps-2.svg
/usr/share/icons/ubuntu-mono-light/status/22/indicator-keyboard-Ps.svg
/usr/share/icons/ubuntu-mono-light/status/22/indicator-keyboard-Pt-1.svg
/usr/share/icons/ubuntu-mono-light/status/22/indicator-keyboard-Pt-10.svg
/usr/share/icons/ubuntu-mono-light/status/22/indicator-keyboard-Pt-11.svg
/usr/share/icons/ubuntu-mono-light/status/22/indicator-keyboard-Pt-12.svg
/usr/share/icons/ubuntu-mono-light/status/22/indicator-keyboard-Pt-13.svg
/usr/share/icons/ubuntu-mono-light/status/22/indicator-keyboard-Pt-14.svg
/usr/share/icons/ubuntu-mono-light/status/22/indicator-keyboard-Pt-15.svg
/usr/share/icons/ubuntu-mono-light/status/22/indicator-keyboard-Pt-2.svg
/usr/share/icons/ubuntu-mono-light/status/22/indicator-keyboard-Pt-3.svg
/usr/share/icons/ubuntu-mono-light/status/22/indicator-keyboard-Pt-4.svg
/usr/share/icons/ubuntu-mono-light/status/22/indicator-keyboard-Pt-5.svg
/usr/share/icons/ubuntu-mono-light/status/22/indicator-keyboard-Pt-6.svg
/usr/share/icons/ubuntu-mono-light/status/22/indicator-keyboard-Pt-7.svg
/usr/share/icons/ubuntu-mono-light/status/22/indicator-keyboard-Pt-8.svg
/usr/share/icons/ubuntu-mono-light/status/22/indicator-keyboard-Pt-9.svg
/usr/share/icons/ubuntu-mono-light/status/22/indicator-keyboard-Pt.svg
/usr/share/icons/ubuntu-mono-light/status/22/indicator-keyboard-Ro-1.svg
/usr/share/icons/ubuntu-mono-light/status/22/indicator-keyboard-Ro-2.svg
/usr/share/icons/ubuntu-mono-light/status/22/indicator-keyboard-Ro-3.svg
/usr/share/icons/ubuntu-mono-light/status/22/indicator-keyboard-Ro-4.svg
/usr/share/icons/ubuntu-mono-light/status/22/indicator-keyboard-Ro-5.svg
/usr/share/icons/ubuntu-mono-light/status/22/indicator-keyboard-Ro.svg
/usr/share/icons/ubuntu-mono-light/status/22/indicator-keyboard-Ru-1.svg
/usr/share/icons/ubuntu-mono-light/status/22/indicator-keyboard-Ru-10.svg
/usr/share/icons/ubuntu-mono-light/status/22/indicator-keyboard-Ru-11.svg
/usr/share/icons/ubuntu-mono-light/status/22/indicator-keyboard-Ru-12.svg
/usr/share/icons/ubuntu-mono-light/status/22/indicator-keyboard-Ru-13.svg
/usr/share/icons/ubuntu-mono-light/status/22/indicator-keyboard-Ru-14.svg
/usr/share/icons/ubuntu-mono-light/status/22/indicator-keyboard-Ru-15.svg
/usr/share/icons/ubuntu-mono-light/status/22/indicator-keyboard-Ru-16.svg
/usr/share/icons/ubuntu-mono-light/status/22/indicator-keyboard-Ru-17.svg
/usr/share/icons/ubuntu-mono-light/status/22/indicator-keyboard-Ru-18.svg
/usr/share/icons/ubuntu-mono-light/status/22/indicator-keyboard-Ru-19.svg
/usr/share/icons/ubuntu-mono-light/status/22/indicator-keyboard-Ru-2.svg
/usr/share/icons/ubuntu-mono-light/status/22/indicator-keyboard-Ru-20.svg
/usr/share/icons/ubuntu-mono-light/status/22/indicator-keyboard-Ru-21.svg
/usr/share/icons/ubuntu-mono-light/status/22/indicator-keyboard-Ru-22.svg
/usr/share/icons/ubuntu-mono-light/status/22/indicator-keyboard-Ru-23.svg
/usr/share/icons/ubuntu-mono-light/status/22/indicator-keyboard-Ru-24.svg
/usr/share/icons/ubuntu-mono-light/status/22/indicator-keyboard-Ru-25.svg
/usr/share/icons/ubuntu-mono-light/status/22/indicator-keyboard-Ru-26.svg
/usr/share/icons/ubuntu-mono-light/status/22/indicator-keyboard-Ru-27.svg
/usr/share/icons/ubuntu-mono-light/status/22/indicator-keyboard-Ru-3.svg
/usr/share/icons/ubuntu-mono-light/status/22/indicator-keyboard-Ru-4.svg
/usr/share/icons/ubuntu-mono-light/status/22/indicator-keyboard-Ru-5.svg
/usr/share/icons/ubuntu-mono-light/status/22/indicator-keyboard-Ru-6.svg
/usr/share/icons/ubuntu-mono-light/status/22/indicator-keyboard-Ru-7.svg
/usr/share/icons/ubuntu-mono-light/status/22/indicator-keyboard-Ru-8.svg
/usr/share/icons/ubuntu-mono-light/status/22/indicator-keyboard-Ru-9.svg
/usr/share/icons/ubuntu-mono-light/status/22/indicator-keyboard-Ru.svg
/usr/share/icons/ubuntu-mono-light/status/22/indicator-keyboard-Sa.svg
/usr/share/icons/ubuntu-mono-light/status/22/indicator-keyboard-Sd.svg
/usr/share/icons/ubuntu-mono-light/status/22/indicator-keyboard-Si-1.svg
/usr/share/icons/ubuntu-mono-light/status/22/indicator-keyboard-Si-2.svg
/usr/share/icons/ubuntu-mono-light/status/22/indicator-keyboard-Si.svg
/usr/share/icons/ubuntu-mono-light/status/22/indicator-keyboard-Sk-1.svg
/usr/share/icons/ubuntu-mono-light/status/22/indicator-keyboard-Sk-2.svg
/usr/share/icons/ubuntu-mono-light/status/22/indicator-keyboard-Sk-3.svg
/usr/share/icons/ubuntu-mono-light/status/22/indicator-keyboard-Sk-4.svg
/usr/share/icons/ubuntu-mono-light/status/22/indicator-keyboard-Sk.svg
/usr/share/icons/ubuntu-mono-light/status/22/indicator-keyboard-Sl-1.svg
/usr/share/icons/ubuntu-mono-light/status/22/indicator-keyboard-Sl-2.svg
/usr/share/icons/ubuntu-mono-light/status/22/indicator-keyboard-Sl-3.svg
/usr/share/icons/ubuntu-mono-light/status/22/indicator-keyboard-Sl.svg
/usr/share/icons/ubuntu-mono-light/status/22/indicator-keyboard-Sq.svg
/usr/share/icons/ubuntu-mono-light/status/22/indicator-keyboard-Sr-1.svg
/usr/share/icons/ubuntu-mono-light/status/22/indicator-keyboard-Sr-10.svg
/usr/share/icons/ubuntu-mono-light/status/22/indicator-keyboard-Sr-11.svg
/usr/share/icons/ubuntu-mono-light/status/22/indicator-keyboard-Sr-12.svg
/usr/share/icons/ubuntu-mono-light/status/22/indicator-keyboard-Sr-13.svg
/usr/share/icons/ubuntu-mono-light/status/22/indicator-keyboard-Sr-14.svg
/usr/share/icons/ubuntu-mono-light/status/22/indicator-keyboard-Sr-15.svg
/usr/share/icons/ubuntu-mono-light/status/22/indicator-keyboard-Sr-16.svg
/usr/share/icons/ubuntu-mono-light/status/22/indicator-keyboard-Sr-17.svg
/usr/share/icons/ubuntu-mono-light/status/22/indicator-keyboard-Sr-2.svg
/usr/share/icons/ubuntu-mono-light/status/22/indicator-keyboard-Sr-3.svg
/usr/share/icons/ubuntu-mono-light/status/22/indicator-keyboard-Sr-4.svg
/usr/share/icons/ubuntu-mono-light/status/22/indicator-keyboard-Sr-5.svg
/usr/share/icons/ubuntu-mono-light/status/22/indicator-keyboard-Sr-6.svg
/usr/share/icons/ubuntu-mono-light/status/22/indicator-keyboard-Sr-7.svg
/usr/share/icons/ubuntu-mono-light/status/22/indicator-keyboard-Sr-8.svg
/usr/share/icons/ubuntu-mono-light/status/22/indicator-keyboard-Sr-9.svg
/usr/share/icons/ubuntu-mono-light/status/22/indicator-keyboard-Sr.svg
/usr/share/icons/ubuntu-mono-light/status/22/indicator-keyboard-Sv-1.svg
/usr/share/icons/ubuntu-mono-light/status/22/indicator-keyboard-Sv-2.svg
/usr/share/icons/ubuntu-mono-light/status/22/indicator-keyboard-Sv-3.svg
/usr/share/icons/ubuntu-mono-light/status/22/indicator-keyboard-Sv-4.svg
/usr/share/icons/ubuntu-mono-light/status/22/indicator-keyboard-Sv-5.svg
/usr/share/icons/ubuntu-mono-light/status/22/indicator-keyboard-Sv-6.svg
/usr/share/icons/ubuntu-mono-light/status/22/indicator-keyboard-Sv-7.svg
/usr/share/icons/ubuntu-mono-light/status/22/indicator-keyboard-Sv.svg
/usr/share/icons/ubuntu-mono-light/status/22/indicator-keyboard-Sw-1.svg
/usr/share/icons/ubuntu-mono-light/status/22/indicator-keyboard-Sw-2.svg
/usr/share/icons/ubuntu-mono-light/status/22/indicator-keyboard-Sw.svg
/usr/share/icons/ubuntu-mono-light/status/22/indicator-keyboard-Sy-1.svg
/usr/share/icons/ubuntu-mono-light/status/22/indicator-keyboard-Sy-2.svg
/usr/share/icons/ubuntu-mono-light/status/22/indicator-keyboard-Sy.svg
/usr/share/icons/ubuntu-mono-light/status/22/indicator-keyboard-Ta-1.svg
/usr/share/icons/ubuntu-mono-light/status/22/indicator-keyboard-Ta-2.svg
/usr/share/icons/ubuntu-mono-light/status/22/indicator-keyboard-Ta-3.svg
/usr/share/icons/ubuntu-mono-light/status/22/indicator-keyboard-Ta-4.svg
/usr/share/icons/ubuntu-mono-light/status/22/indicator-keyboard-Ta-5.svg
/usr/share/icons/ubuntu-mono-light/status/22/indicator-keyboard-Ta-6.svg
/usr/share/icons/ubuntu-mono-light/status/22/indicator-keyboard-Ta.svg
/usr/share/icons/ubuntu-mono-light/status/22/indicator-keyboard-Te-1.svg
/usr/share/icons/ubuntu-mono-light/status/22/indicator-keyboard-Te-2.svg
/usr/share/icons/ubuntu-mono-light/status/22/indicator-keyboard-Te.svg
/usr/share/icons/ubuntu-mono-light/status/22/indicator-keyboard-Tg-1.svg
/usr/share/icons/ubuntu-mono-light/status/22/indicator-keyboard-Tg-2.svg
/usr/share/icons/ubuntu-mono-light/status/22/indicator-keyboard-Tg.svg
/usr/share/icons/ubuntu-mono-light/status/22/indicator-keyboard-Th-1.svg
/usr/share/icons/ubuntu-mono-light/status/22/indicator-keyboard-Th-2.svg
/usr/share/icons/ubuntu-mono-light/status/22/indicator-keyboard-Th-3.svg
/usr/share/icons/ubuntu-mono-light/status/22/indicator-keyboard-Th.svg
/usr/share/icons/ubuntu-mono-light/status/22/indicator-keyboard-Tk-1.svg
/usr/share/icons/ubuntu-mono-light/status/22/indicator-keyboard-Tk-2.svg
/usr/share/icons/ubuntu-mono-light/status/22/indicator-keyboard-Tk.svg
/usr/share/icons/ubuntu-mono-light/status/22/indicator-keyboard-Tn.svg
/usr/share/icons/ubuntu-mono-light/status/22/indicator-keyboard-Tr-1.svg
/usr/share/icons/ubuntu-mono-light/status/22/indicator-keyboard-Tr-2.svg
/usr/share/icons/ubuntu-mono-light/status/22/indicator-keyboard-Tr-3.svg
/usr/share/icons/ubuntu-mono-light/status/22/indicator-keyboard-Tr-4.svg
/usr/share/icons/ubuntu-mono-light/status/22/indicator-keyboard-Tr-5.svg
/usr/share/icons/ubuntu-mono-light/status/22/indicator-keyboard-Tr.svg
/usr/share/icons/ubuntu-mono-light/status/22/indicator-keyboard-Uk-1.svg
/usr/share/icons/ubuntu-mono-light/status/22/indicator-keyboard-Uk-2.svg
/usr/share/icons/ubuntu-mono-light/status/22/indicator-keyboard-Uk-3.svg
/usr/share/icons/ubuntu-mono-light/status/22/indicator-keyboard-Uk-4.svg
/usr/share/icons/ubuntu-mono-light/status/22/indicator-keyboard-Uk-5.svg
/usr/share/icons/ubuntu-mono-light/status/22/indicator-keyboard-Uk-6.svg
/usr/share/icons/ubuntu-mono-light/status/22/indicator-keyboard-Uk-7.svg
/usr/share/icons/ubuntu-mono-light/status/22/indicator-keyboard-Uk-8.svg
/usr/share/icons/ubuntu-mono-light/status/22/indicator-keyboard-Uk.svg
/usr/share/icons/ubuntu-mono-light/status/22/indicator-keyboard-Ur-1.svg
/usr/share/icons/ubuntu-mono-light/status/22/indicator-keyboard-Ur-2.svg
/usr/share/icons/ubuntu-mono-light/status/22/indicator-keyboard-Ur-3.svg
/usr/share/icons/ubuntu-mono-light/status/22/indicator-keyboard-Ur-4.svg
/usr/share/icons/ubuntu-mono-light/status/22/indicator-keyboard-Ur-5.svg
/usr/share/icons/ubuntu-mono-light/status/22/indicator-keyboard-Ur-6.svg
/usr/share/icons/ubuntu-mono-light/status/22/indicator-keyboard-Ur.svg
/usr/share/icons/ubuntu-mono-light/status/22/indicator-keyboard-Uz-1.svg
/usr/share/icons/ubuntu-mono-light/status/22/indicator-keyboard-Uz-2.svg
/usr/share/icons/ubuntu-mono-light/status/22/indicator-keyboard-Uz-3.svg
/usr/share/icons/ubuntu-mono-light/status/22/indicator-keyboard-Uz-4.svg
/usr/share/icons/ubuntu-mono-light/status/22/indicator-keyboard-Uz.svg
/usr/share/icons/ubuntu-mono-light/status/22/indicator-keyboard-Vi.svg
/usr/share/icons/ubuntu-mono-light/status/22/indicator-keyboard-Wo.svg
/usr/share/icons/ubuntu-mono-light/status/22/indicator-keyboard-Xs.svg
/usr/share/icons/ubuntu-mono-light/status/22/indicator-keyboard-Yo.svg
/usr/share/icons/ubuntu-mono-light/status/22/indicator-keyboard-Zh-1.svg
/usr/share/icons/ubuntu-mono-light/status/22/indicator-keyboard-Zh-2.svg
/usr/share/icons/ubuntu-mono-light/status/22/indicator-keyboard-Zh-3.svg
/usr/share/icons/ubuntu-mono-light/status/22/indicator-keyboard-Zh-4.svg
/usr/share/icons/ubuntu-mono-light/status/22/indicator-keyboard-Zh-5.svg
/usr/share/icons/ubuntu-mono-light/status/22/indicator-keyboard-Zh-6.svg
/usr/share/icons/ubuntu-mono-light/status/22/indicator-keyboard-Zh.svg
/usr/share/icons/ubuntu-mono-light/status/22/indicator-messages-new.svg
/usr/share/icons/ubuntu-mono-light/status/22/indicator-messages.svg
/usr/share/icons/ubuntu-mono-light/status/22/krb-expiring-ticket.svg
/usr/share/icons/ubuntu-mono-light/status/22/krb-no-valid-ticket.svg
/usr/share/icons/ubuntu-mono-light/status/22/krb-valid-ticket.svg
/usr/share/icons/ubuntu-mono-light/status/22/network-error.svg
/usr/share/icons/ubuntu-mono-light/status/22/network-idle.svg
/usr/share/icons/ubuntu-mono-light/status/22/network-offline.svg
/usr/share/icons/ubuntu-mono-light/status/22/network-receive.svg
/usr/share/icons/ubuntu-mono-light/status/22/network-transmit-receive.svg
/usr/share/icons/ubuntu-mono-light/status/22/network-transmit.svg
/usr/share/icons/ubuntu-mono-light/status/22/network-wired.svg
/usr/share/icons/ubuntu-mono-light/status/22/new-messages-red.svg
/usr/share/icons/ubuntu-mono-light/status/22/nm-adhoc.svg
/usr/share/icons/ubuntu-mono-light/status/22/nm-device-wired-autoip.svg
/usr/share/icons/ubuntu-mono-light/status/22/nm-device-wired-secure.svg
/usr/share/icons/ubuntu-mono-light/status/22/nm-device-wired.svg
/usr/share/icons/ubuntu-mono-light/status/22/nm-device-wwan.svg
/usr/share/icons/ubuntu-mono-light/status/22/nm-mb-roam.svg
/usr/share/icons/ubuntu-mono-light/status/22/nm-no-connection.svg
/usr/share/icons/ubuntu-mono-light/status/22/nm-secure-lock.svg
/usr/share/icons/ubuntu-mono-light/status/22/nm-signal-0.svg
/usr/share/icons/ubuntu-mono-light/status/22/nm-signal-00-secure.svg
/usr/share/icons/ubuntu-mono-light/status/22/nm-signal-00.svg
/usr/share/icons/ubuntu-mono-light/status/22/nm-signal-100-secure.svg
/usr/share/icons/ubuntu-mono-light/status/22/nm-signal-100.svg
/usr/share/icons/ubuntu-mono-light/status/22/nm-signal-25-secure.svg
/usr/share/icons/ubuntu-mono-light/status/22/nm-signal-25.svg
/usr/share/icons/ubuntu-mono-light/status/22/nm-signal-50-secure.svg
/usr/share/icons/ubuntu-mono-light/status/22/nm-signal-50.svg
/usr/share/icons/ubuntu-mono-light/status/22/nm-signal-75-secure.svg
/usr/share/icons/ubuntu-mono-light/status/22/nm-signal-75.svg
/usr/share/icons/ubuntu-mono-light/status/22/nm-tech-3g.svg
/usr/share/icons/ubuntu-mono-light/status/22/nm-tech-cdma-1x.svg
/usr/share/icons/ubuntu-mono-light/status/22/nm-tech-edge.svg
/usr/share/icons/ubuntu-mono-light/status/22/nm-tech-evdo.svg
/usr/share/icons/ubuntu-mono-light/status/22/nm-tech-gprs.svg
/usr/share/icons/ubuntu-mono-light/status/22/nm-tech-hspa.svg
/usr/share/icons/ubuntu-mono-light/status/22/nm-tech-umts.svg
/usr/share/icons/ubuntu-mono-light/status/22/nm-vpn-active-lock.svg
/usr/share/icons/ubuntu-mono-light/status/22/nm-vpn-lock.svg
/usr/share/icons/ubuntu-mono-light/status/22/nm-vpn-standalone-lock.svg
/usr/share/icons/ubuntu-mono-light/status/22/nm-wwan-tower.svg
/usr/share/icons/ubuntu-mono-light/status/22/stock_disconnect.svg
/usr/share/icons/ubuntu-mono-light/status/22/system-devices-panel-alert.svg
/usr/share/icons/ubuntu-mono-light/status/22/system-devices-panel-information.svg
/usr/share/icons/ubuntu-mono-light/status/22/system-devices-panel.svg
/usr/share/icons/ubuntu-mono-light/status/22/tray-away.svg
/usr/share/icons/ubuntu-mono-light/status/22/tray-busy.svg
/usr/share/icons/ubuntu-mono-light/status/22/tray-extended-away.svg
/usr/share/icons/ubuntu-mono-light/status/22/tray-message.svg
/usr/share/icons/ubuntu-mono-light/status/22/tray-new-im.svg
/usr/share/icons/ubuntu-mono-light/status/22/tray-offline.svg
/usr/share/icons/ubuntu-mono-light/status/22/tray-online.svg
/usr/share/icons/ubuntu-mono-light/status/22/ubuntuone-client-error.svg
/usr/share/icons/ubuntu-mono-light/status/22/ubuntuone-client-idle.svg
/usr/share/icons/ubuntu-mono-light/status/22/ubuntuone-client-offline.svg
/usr/share/icons/ubuntu-mono-light/status/22/ubuntuone-client-paused.svg
/usr/share/icons/ubuntu-mono-light/status/22/ubuntuone-client-updating.svg
/usr/share/icons/ubuntu-mono-light/status/22/unity-ac-adapter-symbolic.svg
/usr/share/icons/ubuntu-mono-light/status/22/unity-battery-000-charging.svg
/usr/share/icons/ubuntu-mono-light/status/22/unity-battery-000.svg
/usr/share/icons/ubuntu-mono-light/status/22/unity-battery-020-charging.svg
/usr/share/icons/ubuntu-mono-light/status/22/unity-battery-020.svg
/usr/share/icons/ubuntu-mono-light/status/22/unity-battery-040-charging.svg
/usr/share/icons/ubuntu-mono-light/status/22/unity-battery-040.svg
/usr/share/icons/ubuntu-mono-light/status/22/unity-battery-060-charging.svg
/usr/share/icons/ubuntu-mono-light/status/22/unity-battery-060.svg
/usr/share/icons/ubuntu-mono-light/status/22/unity-battery-080-charging.svg
/usr/share/icons/ubuntu-mono-light/status/22/unity-battery-080.svg
/usr/share/icons/ubuntu-mono-light/status/22/unity-battery-100-charging.svg
/usr/share/icons/ubuntu-mono-light/status/22/unity-battery-100.svg
/usr/share/icons/ubuntu-mono-light/status/22/unity-battery-caution.svg
/usr/share/icons/ubuntu-mono-light/status/22/unity-battery-charged.svg
/usr/share/icons/ubuntu-mono-light/status/22/unity-battery-low.svg
/usr/share/icons/ubuntu-mono-light/status/22/unity-battery_charged.svg
/usr/share/icons/ubuntu-mono-light/status/22/unity-battery_empty.svg
/usr/share/icons/ubuntu-mono-light/status/22/unity-battery_full.svg
/usr/share/icons/ubuntu-mono-light/status/22/unity-battery_plugged.svg
/usr/share/icons/ubuntu-mono-light/status/22/unity-gpm-battery-000-charging.svg
/usr/share/icons/ubuntu-mono-light/status/22/unity-gpm-battery-000.svg
/usr/share/icons/ubuntu-mono-light/status/22/unity-gpm-battery-020-charging.svg
/usr/share/icons/ubuntu-mono-light/status/22/unity-gpm-battery-020.svg
/usr/share/icons/ubuntu-mono-light/status/22/unity-gpm-battery-040-charging.svg
/usr/share/icons/ubuntu-mono-light/status/22/unity-gpm-battery-040.svg
/usr/share/icons/ubuntu-mono-light/status/22/unity-gpm-battery-060-charging.svg
/usr/share/icons/ubuntu-mono-light/status/22/unity-gpm-battery-060.svg
/usr/share/icons/ubuntu-mono-light/status/22/unity-gpm-battery-080-charging.svg
/usr/share/icons/ubuntu-mono-light/status/22/unity-gpm-battery-080.svg
/usr/share/icons/ubuntu-mono-light/status/22/unity-gpm-battery-100-charging.svg
/usr/share/icons/ubuntu-mono-light/status/22/unity-gpm-battery-100.svg
/usr/share/icons/ubuntu-mono-light/status/22/unity-gpm-battery-charged.svg
/usr/share/icons/ubuntu-mono-light/status/22/unity-gpm-battery-empty.svg
/usr/share/icons/ubuntu-mono-light/status/22/unity-gpm-battery-missing.svg
/usr/share/icons/ubuntu-mono-light/status/22/user-available-panel.svg
/usr/share/icons/ubuntu-mono-light/status/22/user-away-panel.svg
/usr/share/icons/ubuntu-mono-light/status/22/user-busy-panel.svg
/usr/share/icons/ubuntu-mono-light/status/22/user-idle-panel.svg
/usr/share/icons/ubuntu-mono-light/status/22/user-indeterminate-panel.svg
/usr/share/icons/ubuntu-mono-light/status/22/user-invisible-panel.svg
/usr/share/icons/ubuntu-mono-light/status/22/user-offline-panel.svg
/usr/share/icons/ubuntu-mono-light/status/22/xfce4-mixer-muted.svg
/usr/share/icons/ubuntu-mono-light/status/22/xfce4-mixer-no-record.svg
/usr/share/icons/ubuntu-mono-light/status/22/xfce4-mixer-record.svg
/usr/share/icons/ubuntu-mono-light/status/22/xfce4-mixer-volume-muted.svg
/usr/share/icons/ubuntu-mono-light/status/22/xfpm-ac-adapter.svg
/usr/share/icons/ubuntu-mono-light/status/22/xfpm-keyboard-000.svg
/usr/share/icons/ubuntu-mono-light/status/22/xfpm-keyboard-030.svg
/usr/share/icons/ubuntu-mono-light/status/22/xfpm-keyboard-060.svg
/usr/share/icons/ubuntu-mono-light/status/22/xfpm-keyboard-100.svg
/usr/share/icons/ubuntu-mono-light/status/22/xfpm-mouse-000.svg
/usr/share/icons/ubuntu-mono-light/status/22/xfpm-mouse-030.svg
/usr/share/icons/ubuntu-mono-light/status/22/xfpm-mouse-060.svg
/usr/share/icons/ubuntu-mono-light/status/22/xfpm-mouse-100.svg
/usr/share/icons/ubuntu-mono-light/status/22/xfpm-phone-000.svg
/usr/share/icons/ubuntu-mono-light/status/22/xfpm-phone-040.svg
/usr/share/icons/ubuntu-mono-light/status/22/xfpm-phone-060.svg
/usr/share/icons/ubuntu-mono-light/status/22/xfpm-phone-100.svg
/usr/share/icons/ubuntu-mono-light/status/22/xfpm-primary-000-charging.svg
/usr/share/icons/ubuntu-mono-light/status/22/xfpm-primary-000.svg
/usr/share/icons/ubuntu-mono-light/status/22/xfpm-primary-020-charging.svg
/usr/share/icons/ubuntu-mono-light/status/22/xfpm-primary-020.svg
/usr/share/icons/ubuntu-mono-light/status/22/xfpm-primary-040-charging.svg
/usr/share/icons/ubuntu-mono-light/status/22/xfpm-primary-040.svg
/usr/share/icons/ubuntu-mono-light/status/22/xfpm-primary-060-charging.svg
/usr/share/icons/ubuntu-mono-light/status/22/xfpm-primary-060.svg
/usr/share/icons/ubuntu-mono-light/status/22/xfpm-primary-080-charging.svg
/usr/share/icons/ubuntu-mono-light/status/22/xfpm-primary-080.svg
/usr/share/icons/ubuntu-mono-light/status/22/xfpm-primary-100-charging.svg
/usr/share/icons/ubuntu-mono-light/status/22/xfpm-primary-100.svg
/usr/share/icons/ubuntu-mono-light/status/22/xfpm-primary-charged.svg
/usr/share/icons/ubuntu-mono-light/status/22/xfpm-primary-missing.svg
/usr/share/icons/ubuntu-mono-light/status/22/xfpm-ups-000-charging.svg
/usr/share/icons/ubuntu-mono-light/status/22/xfpm-ups-000.svg
/usr/share/icons/ubuntu-mono-light/status/22/xfpm-ups-020-charging.svg
/usr/share/icons/ubuntu-mono-light/status/22/xfpm-ups-020.svg
/usr/share/icons/ubuntu-mono-light/status/22/xfpm-ups-040-charging.svg
/usr/share/icons/ubuntu-mono-light/status/22/xfpm-ups-040.svg
/usr/share/icons/ubuntu-mono-light/status/22/xfpm-ups-060-charging.svg
/usr/share/icons/ubuntu-mono-light/status/22/xfpm-ups-060.svg
/usr/share/icons/ubuntu-mono-light/status/22/xfpm-ups-080-charging.svg
/usr/share/icons/ubuntu-mono-light/status/22/xfpm-ups-080.svg
/usr/share/icons/ubuntu-mono-light/status/22/xfpm-ups-100-charging.svg
/usr/share/icons/ubuntu-mono-light/status/22/xfpm-ups-100.svg
/usr/share/icons/ubuntu-mono-light/status/22/xfpm-ups-charged.svg
/usr/share/icons/ubuntu-mono-light/status/22/xfpm-ups-missing.svg
/usr/share/icons/ubuntu-mono-light/status/24
/usr/share/icons/ubuntu-mono-light/status/24/account-logged-in.svg
/usr/share/icons/ubuntu-mono-light/status/24/application-running.svg
/usr/share/icons/ubuntu-mono-light/status/24/applications-chat-panel.svg
/usr/share/icons/ubuntu-mono-light/status/24/applications-email-panel.svg
/usr/share/icons/ubuntu-mono-light/status/24/audio-input-microphone-high-panel.svg
/usr/share/icons/ubuntu-mono-light/status/24/audio-input-microphone-low-zero-panel.svg
/usr/share/icons/ubuntu-mono-light/status/24/audio-output-none-panel.svg
/usr/share/icons/ubuntu-mono-light/status/24/audio-volume-high-panel.svg
/usr/share/icons/ubuntu-mono-light/status/24/audio-volume-low-panel.svg
/usr/share/icons/ubuntu-mono-light/status/24/audio-volume-low-zero-panel.svg
/usr/share/icons/ubuntu-mono-light/status/24/audio-volume-medium-panel.svg
/usr/share/icons/ubuntu-mono-light/status/24/audio-volume-muted-blocking-panel.svg
/usr/share/icons/ubuntu-mono-light/status/24/audio-volume-muted-panel.svg
/usr/share/icons/ubuntu-mono-light/status/24/blueman-tray.svg
/usr/share/icons/ubuntu-mono-light/status/24/bluetooth-active.svg
/usr/share/icons/ubuntu-mono-light/status/24/bluetooth-disabled.svg
/usr/share/icons/ubuntu-mono-light/status/24/bluetooth-paired.svg
/usr/share/icons/ubuntu-mono-light/status/24/connect_creating.svg
/usr/share/icons/ubuntu-mono-light/status/24/connect_established.svg
/usr/share/icons/ubuntu-mono-light/status/24/connect_no.svg
/usr/share/icons/ubuntu-mono-light/status/24/empathy-available.svg
/usr/share/icons/ubuntu-mono-light/status/24/empathy-away.svg
/usr/share/icons/ubuntu-mono-light/status/24/empathy-busy.svg
/usr/share/icons/ubuntu-mono-light/status/24/empathy-extended-away.svg
/usr/share/icons/ubuntu-mono-light/status/24/empathy-offline.svg
/usr/share/icons/ubuntu-mono-light/status/24/gnome-netstatus-0-24.svg
/usr/share/icons/ubuntu-mono-light/status/24/gnome-netstatus-25-49.svg
/usr/share/icons/ubuntu-mono-light/status/24/gnome-netstatus-50-74.svg
/usr/share/icons/ubuntu-mono-light/status/24/gnome-netstatus-75-100.svg
/usr/share/icons/ubuntu-mono-light/status/24/gnome-netstatus-disconn.svg
/usr/share/icons/ubuntu-mono-light/status/24/gnome-netstatus-error.svg
/usr/share/icons/ubuntu-mono-light/status/24/gnome-netstatus-idle.svg
/usr/share/icons/ubuntu-mono-light/status/24/gnome-netstatus-rx.svg
/usr/share/icons/ubuntu-mono-light/status/24/gnome-netstatus-tx.svg
/usr/share/icons/ubuntu-mono-light/status/24/gnome-netstatus-txrx.svg
/usr/share/icons/ubuntu-mono-light/status/24/gpm-keyboard-000.svg
/usr/share/icons/ubuntu-mono-light/status/24/gpm-keyboard-020.svg
/usr/share/icons/ubuntu-mono-light/status/24/gpm-keyboard-040.svg
/usr/share/icons/ubuntu-mono-light/status/24/gpm-keyboard-060.svg
/usr/share/icons/ubuntu-mono-light/status/24/gpm-keyboard-080.svg
/usr/share/icons/ubuntu-mono-light/status/24/gpm-keyboard-100.svg
/usr/share/icons/ubuntu-mono-light/status/24/gpm-mouse-000.svg
/usr/share/icons/ubuntu-mono-light/status/24/gpm-mouse-020.svg
/usr/share/icons/ubuntu-mono-light/status/24/gpm-mouse-040.svg
/usr/share/icons/ubuntu-mono-light/status/24/gpm-mouse-060.svg
/usr/share/icons/ubuntu-mono-light/status/24/gpm-mouse-080.svg
/usr/share/icons/ubuntu-mono-light/status/24/gpm-mouse-100.svg
/usr/share/icons/ubuntu-mono-light/status/24/gpm-phone-000.svg
/usr/share/icons/ubuntu-mono-light/status/24/gpm-phone-020.svg
/usr/share/icons/ubuntu-mono-light/status/24/gpm-phone-040.svg
/usr/share/icons/ubuntu-mono-light/status/24/gpm-phone-060.svg
/usr/share/icons/ubuntu-mono-light/status/24/gpm-phone-080.svg
/usr/share/icons/ubuntu-mono-light/status/24/gpm-phone-100.svg
/usr/share/icons/ubuntu-mono-light/status/24/gpm-primary-000-charging.svg
/usr/share/icons/ubuntu-mono-light/status/24/gpm-primary-000.svg
/usr/share/icons/ubuntu-mono-light/status/24/gpm-primary-020-charging.svg
/usr/share/icons/ubuntu-mono-light/status/24/gpm-primary-020.svg
/usr/share/icons/ubuntu-mono-light/status/24/gpm-primary-040-charging.svg
/usr/share/icons/ubuntu-mono-light/status/24/gpm-primary-040.svg
/usr/share/icons/ubuntu-mono-light/status/24/gpm-primary-060-charging.svg
/usr/share/icons/ubuntu-mono-light/status/24/gpm-primary-060.svg
/usr/share/icons/ubuntu-mono-light/status/24/gpm-primary-080-charging.svg
/usr/share/icons/ubuntu-mono-light/status/24/gpm-primary-080.svg
/usr/share/icons/ubuntu-mono-light/status/24/gpm-primary-100-charging.svg
/usr/share/icons/ubuntu-mono-light/status/24/gpm-primary-100.svg
/usr/share/icons/ubuntu-mono-light/status/24/gpm-primary-charged.svg
/usr/share/icons/ubuntu-mono-light/status/24/gpm-ups-000-charging.svg
/usr/share/icons/ubuntu-mono-light/status/24/gpm-ups-000.svg
/usr/share/icons/ubuntu-mono-light/status/24/gpm-ups-020-charging.svg
/usr/share/icons/ubuntu-mono-light/status/24/gpm-ups-020.svg
/usr/share/icons/ubuntu-mono-light/status/24/gpm-ups-040-charging.svg
/usr/share/icons/ubuntu-mono-light/status/24/gpm-ups-040.svg
/usr/share/icons/ubuntu-mono-light/status/24/gpm-ups-060-charging.svg
/usr/share/icons/ubuntu-mono-light/status/24/gpm-ups-060.svg
/usr/share/icons/ubuntu-mono-light/status/24/gpm-ups-080-charging.svg
/usr/share/icons/ubuntu-mono-light/status/24/gpm-ups-080.svg
/usr/share/icons/ubuntu-mono-light/status/24/gpm-ups-100-charging.svg
/usr/share/icons/ubuntu-mono-light/status/24/gpm-ups-100.svg
/usr/share/icons/ubuntu-mono-light/status/24/gpm-ups-missing.svg
/usr/share/icons/ubuntu-mono-light/status/24/gsm-3g-full-secure.svg
/usr/share/icons/ubuntu-mono-light/status/24/gsm-3g-full.svg
/usr/share/icons/ubuntu-mono-light/status/24/gsm-3g-high-secure.svg
/usr/share/icons/ubuntu-mono-light/status/24/gsm-3g-high.svg
/usr/share/icons/ubuntu-mono-light/status/24/gsm-3g-low-secure.svg
/usr/share/icons/ubuntu-mono-light/status/24/gsm-3g-low.svg
/usr/share/icons/ubuntu-mono-light/status/24/gsm-3g-medium-secure.svg
/usr/share/icons/ubuntu-mono-light/status/24/gsm-3g-medium.svg
/usr/share/icons/ubuntu-mono-light/status/24/gsm-3g-none-secure.svg
/usr/share/icons/ubuntu-mono-light/status/24/gsm-3g-none.svg
/usr/share/icons/ubuntu-mono-light/status/24/gtk-dialog-authentication-panel.svg
/usr/share/icons/ubuntu-mono-light/status/24/im-message-new.svg
/usr/share/icons/ubuntu-mono-light/status/24/indicator-messages-new.svg
/usr/share/icons/ubuntu-mono-light/status/24/indicator-messages.svg
/usr/share/icons/ubuntu-mono-light/status/24/krb-expiring-ticket.svg
/usr/share/icons/ubuntu-mono-light/status/24/krb-no-valid-ticket.svg
/usr/share/icons/ubuntu-mono-light/status/24/krb-valid-ticket.svg
/usr/share/icons/ubuntu-mono-light/status/24/network-error.svg
/usr/share/icons/ubuntu-mono-light/status/24/network-idle.svg
/usr/share/icons/ubuntu-mono-light/status/24/network-offline.svg
/usr/share/icons/ubuntu-mono-light/status/24/network-receive.svg
/usr/share/icons/ubuntu-mono-light/status/24/network-transmit-receive.svg
/usr/share/icons/ubuntu-mono-light/status/24/network-transmit.svg
/usr/share/icons/ubuntu-mono-light/status/24/network-wired.svg
/usr/share/icons/ubuntu-mono-light/status/24/new-messages-red.svg
/usr/share/icons/ubuntu-mono-light/status/24/nm-adhoc.svg
/usr/share/icons/ubuntu-mono-light/status/24/nm-device-wired-autoip.svg
/usr/share/icons/ubuntu-mono-light/status/24/nm-device-wired-secure.svg
/usr/share/icons/ubuntu-mono-light/status/24/nm-device-wired.svg
/usr/share/icons/ubuntu-mono-light/status/24/nm-device-wireless.svg
/usr/share/icons/ubuntu-mono-light/status/24/nm-device-wwan.svg
/usr/share/icons/ubuntu-mono-light/status/24/nm-mb-roam.svg
/usr/share/icons/ubuntu-mono-light/status/24/nm-no-connection.svg
/usr/share/icons/ubuntu-mono-light/status/24/nm-secure-lock.svg
/usr/share/icons/ubuntu-mono-light/status/24/nm-signal-0.svg
/usr/share/icons/ubuntu-mono-light/status/24/nm-signal-00-secure.svg
/usr/share/icons/ubuntu-mono-light/status/24/nm-signal-00.svg
/usr/share/icons/ubuntu-mono-light/status/24/nm-signal-100-secure.svg
/usr/share/icons/ubuntu-mono-light/status/24/nm-signal-100.svg
/usr/share/icons/ubuntu-mono-light/status/24/nm-signal-25-secure.svg
/usr/share/icons/ubuntu-mono-light/status/24/nm-signal-25.svg
/usr/share/icons/ubuntu-mono-light/status/24/nm-signal-50-secure.svg
/usr/share/icons/ubuntu-mono-light/status/24/nm-signal-50.svg
/usr/share/icons/ubuntu-mono-light/status/24/nm-signal-75-secure.svg
/usr/share/icons/ubuntu-mono-light/status/24/nm-signal-75.svg
/usr/share/icons/ubuntu-mono-light/status/24/nm-tech-3g.svg
/usr/share/icons/ubuntu-mono-light/status/24/nm-tech-cdma-1x.svg
/usr/share/icons/ubuntu-mono-light/status/24/nm-tech-edge.svg
/usr/share/icons/ubuntu-mono-light/status/24/nm-tech-evdo.svg
/usr/share/icons/ubuntu-mono-light/status/24/nm-tech-gprs.svg
/usr/share/icons/ubuntu-mono-light/status/24/nm-tech-hspa.svg
/usr/share/icons/ubuntu-mono-light/status/24/nm-tech-umts.svg
/usr/share/icons/ubuntu-mono-light/status/24/nm-vpn-active-lock.svg
/usr/share/icons/ubuntu-mono-light/status/24/nm-vpn-lock.svg
/usr/share/icons/ubuntu-mono-light/status/24/nm-vpn-standalone-lock.svg
/usr/share/icons/ubuntu-mono-light/status/24/nm-wwan-tower.svg
/usr/share/icons/ubuntu-mono-light/status/24/stock_disconnect.svg
/usr/share/icons/ubuntu-mono-light/status/24/tray-away.svg
/usr/share/icons/ubuntu-mono-light/status/24/tray-busy.svg
/usr/share/icons/ubuntu-mono-light/status/24/tray-extended-away.svg
/usr/share/icons/ubuntu-mono-light/status/24/tray-message.svg
/usr/share/icons/ubuntu-mono-light/status/24/tray-new-im.svg
/usr/share/icons/ubuntu-mono-light/status/24/tray-offline.svg
/usr/share/icons/ubuntu-mono-light/status/24/tray-online.svg
/usr/share/icons/ubuntu-mono-light/status/24/ubuntuone-client-error.svg
/usr/share/icons/ubuntu-mono-light/status/24/ubuntuone-client-idle.svg
/usr/share/icons/ubuntu-mono-light/status/24/ubuntuone-client-offline.svg
/usr/share/icons/ubuntu-mono-light/status/24/ubuntuone-client-paused.svg
/usr/share/icons/ubuntu-mono-light/status/24/ubuntuone-client-updating.svg
/usr/share/icons/ubuntu-mono-light/status/24/unity-ac-adapter-symbolic.svg
/usr/share/icons/ubuntu-mono-light/status/24/unity-battery-000-charging.svg
/usr/share/icons/ubuntu-mono-light/status/24/unity-battery-000.svg
/usr/share/icons/ubuntu-mono-light/status/24/unity-battery-020-charging.svg
/usr/share/icons/ubuntu-mono-light/status/24/unity-battery-020.svg
/usr/share/icons/ubuntu-mono-light/status/24/unity-battery-040-charging.svg
/usr/share/icons/ubuntu-mono-light/status/24/unity-battery-040.svg
/usr/share/icons/ubuntu-mono-light/status/24/unity-battery-060-charging.svg
/usr/share/icons/ubuntu-mono-light/status/24/unity-battery-060.svg
/usr/share/icons/ubuntu-mono-light/status/24/unity-battery-080-charging.svg
/usr/share/icons/ubuntu-mono-light/status/24/unity-battery-080.svg
/usr/share/icons/ubuntu-mono-light/status/24/unity-battery-100-charging.svg
/usr/share/icons/ubuntu-mono-light/status/24/unity-battery-100.svg
/usr/share/icons/ubuntu-mono-light/status/24/unity-battery-caution.svg
/usr/share/icons/ubuntu-mono-light/status/24/unity-battery-charged.svg
/usr/share/icons/ubuntu-mono-light/status/24/unity-battery-low.svg
/usr/share/icons/ubuntu-mono-light/status/24/unity-battery_charged.svg
/usr/share/icons/ubuntu-mono-light/status/24/unity-battery_empty.svg
/usr/share/icons/ubuntu-mono-light/status/24/unity-battery_full.svg
/usr/share/icons/ubuntu-mono-light/status/24/unity-battery_plugged.svg
/usr/share/icons/ubuntu-mono-light/status/24/unity-gpm-battery-000-charging.svg
/usr/share/icons/ubuntu-mono-light/status/24/unity-gpm-battery-000.svg
/usr/share/icons/ubuntu-mono-light/status/24/unity-gpm-battery-020-charging.svg
/usr/share/icons/ubuntu-mono-light/status/24/unity-gpm-battery-020.svg
/usr/share/icons/ubuntu-mono-light/status/24/unity-gpm-battery-040-charging.svg
/usr/share/icons/ubuntu-mono-light/status/24/unity-gpm-battery-040.svg
/usr/share/icons/ubuntu-mono-light/status/24/unity-gpm-battery-060-charging.svg
/usr/share/icons/ubuntu-mono-light/status/24/unity-gpm-battery-060.svg
/usr/share/icons/ubuntu-mono-light/status/24/unity-gpm-battery-080-charging.svg
/usr/share/icons/ubuntu-mono-light/status/24/unity-gpm-battery-080.svg
/usr/share/icons/ubuntu-mono-light/status/24/unity-gpm-battery-100-charging.svg
/usr/share/icons/ubuntu-mono-light/status/24/unity-gpm-battery-100.svg
/usr/share/icons/ubuntu-mono-light/status/24/unity-gpm-battery-charged.svg
/usr/share/icons/ubuntu-mono-light/status/24/unity-gpm-battery-empty.svg
/usr/share/icons/ubuntu-mono-light/status/24/unity-gpm-battery-missing.svg
/usr/share/icons/ubuntu-mono-light/status/24/user-available-panel.svg
/usr/share/icons/ubuntu-mono-light/status/24/user-away-panel.svg
/usr/share/icons/ubuntu-mono-light/status/24/user-busy-panel.svg
/usr/share/icons/ubuntu-mono-light/status/24/user-idle-panel.svg
/usr/share/icons/ubuntu-mono-light/status/24/user-indeterminate-panel.svg
/usr/share/icons/ubuntu-mono-light/status/24/user-invisible-panel.svg
/usr/share/icons/ubuntu-mono-light/status/24/user-offline-panel.svg
/usr/share/icons/ubuntu-mono-light/status/24/xfce4-mixer-muted.svg
/usr/share/icons/ubuntu-mono-light/status/24/xfce4-mixer-no-record.svg
/usr/share/icons/ubuntu-mono-light/status/24/xfce4-mixer-record.svg
/usr/share/icons/ubuntu-mono-light/status/24/xfce4-mixer-volume-muted.svg
/usr/share/icons/ubuntu-mono-light/status/24/xfpm-ac-adapter.svg
/usr/share/icons/ubuntu-mono-light/status/24/xfpm-keyboard-000.svg
/usr/share/icons/ubuntu-mono-light/status/24/xfpm-keyboard-030.svg
/usr/share/icons/ubuntu-mono-light/status/24/xfpm-keyboard-060.svg
/usr/share/icons/ubuntu-mono-light/status/24/xfpm-keyboard-100.svg
/usr/share/icons/ubuntu-mono-light/status/24/xfpm-mouse-000.svg
/usr/share/icons/ubuntu-mono-light/status/24/xfpm-mouse-030.svg
/usr/share/icons/ubuntu-mono-light/status/24/xfpm-mouse-060.svg
/usr/share/icons/ubuntu-mono-light/status/24/xfpm-mouse-100.svg
/usr/share/icons/ubuntu-mono-light/status/24/xfpm-phone-000.svg
/usr/share/icons/ubuntu-mono-light/status/24/xfpm-phone-040.svg
/usr/share/icons/ubuntu-mono-light/status/24/xfpm-phone-060.svg
/usr/share/icons/ubuntu-mono-light/status/24/xfpm-phone-100.svg
/usr/share/icons/ubuntu-mono-light/status/24/xfpm-primary-000-charging.svg
/usr/share/icons/ubuntu-mono-light/status/24/xfpm-primary-000.svg
/usr/share/icons/ubuntu-mono-light/status/24/xfpm-primary-020-charging.svg
/usr/share/icons/ubuntu-mono-light/status/24/xfpm-primary-020.svg
/usr/share/icons/ubuntu-mono-light/status/24/xfpm-primary-040-charging.svg
/usr/share/icons/ubuntu-mono-light/status/24/xfpm-primary-040.svg
/usr/share/icons/ubuntu-mono-light/status/24/xfpm-primary-060-charging.svg
/usr/share/icons/ubuntu-mono-light/status/24/xfpm-primary-060.svg
/usr/share/icons/ubuntu-mono-light/status/24/xfpm-primary-080-charging.svg
/usr/share/icons/ubuntu-mono-light/status/24/xfpm-primary-080.svg
/usr/share/icons/ubuntu-mono-light/status/24/xfpm-primary-100-charging.svg
/usr/share/icons/ubuntu-mono-light/status/24/xfpm-primary-100.svg
/usr/share/icons/ubuntu-mono-light/status/24/xfpm-primary-charged.svg
/usr/share/icons/ubuntu-mono-light/status/24/xfpm-primary-missing.svg
/usr/share/icons/ubuntu-mono-light/status/24/xfpm-ups-000-charging.svg
/usr/share/icons/ubuntu-mono-light/status/24/xfpm-ups-000.svg
/usr/share/icons/ubuntu-mono-light/status/24/xfpm-ups-020-charging.svg
/usr/share/icons/ubuntu-mono-light/status/24/xfpm-ups-020.svg
/usr/share/icons/ubuntu-mono-light/status/24/xfpm-ups-040-charging.svg
/usr/share/icons/ubuntu-mono-light/status/24/xfpm-ups-040.svg
/usr/share/icons/ubuntu-mono-light/status/24/xfpm-ups-060-charging.svg
/usr/share/icons/ubuntu-mono-light/status/24/xfpm-ups-060.svg
/usr/share/icons/ubuntu-mono-light/status/24/xfpm-ups-080-charging.svg
/usr/share/icons/ubuntu-mono-light/status/24/xfpm-ups-080.svg
/usr/share/icons/ubuntu-mono-light/status/24/xfpm-ups-100-charging.svg
/usr/share/icons/ubuntu-mono-light/status/24/xfpm-ups-100.svg
/usr/share/icons/ubuntu-mono-light/status/24/xfpm-ups-charged.svg
/usr/share/icons/ubuntu-mono-light/status/24/xfpm-ups-missing.svg
/usr/share/icons/ubuntu-mono-light/stock
/usr/share/icons/ubuntu-mono-light/stock/128
/usr/share/icons/ubuntu-mono-light/stock/16
/usr/share/icons/ubuntu-mono-light/stock/22
/usr/share/icons/ubuntu-mono-light/stock/22/stock_person-panel.svg
/usr/share/icons/ubuntu-mono-light/stock/24
/usr/share/icons/ubuntu-mono-light/stock/32
/usr/share/icons/ubuntu-mono-light/stock/48
/usr/share/icons/ubuntu-mono-light/stock/64
/usr/share/icons/ubuntu-mono-light/stock/64/album_artwork.png
/usr/share/icons/ubuntu-mono-dark/animations/22/nm-stage02-connecting01.svg
/usr/share/icons/ubuntu-mono-dark/animations/22/nm-stage02-connecting02.svg
/usr/share/icons/ubuntu-mono-dark/animations/22/nm-stage02-connecting03.svg
/usr/share/icons/ubuntu-mono-dark/animations/22/nm-stage02-connecting04.svg
/usr/share/icons/ubuntu-mono-dark/animations/22/nm-stage02-connecting05.svg
/usr/share/icons/ubuntu-mono-dark/animations/22/nm-stage02-connecting06.svg
/usr/share/icons/ubuntu-mono-dark/animations/22/nm-stage02-connecting07.svg
/usr/share/icons/ubuntu-mono-dark/animations/22/nm-stage02-connecting08.svg
/usr/share/icons/ubuntu-mono-dark/animations/22/nm-stage02-connecting09.svg
/usr/share/icons/ubuntu-mono-dark/animations/22/nm-stage02-connecting10.svg
/usr/share/icons/ubuntu-mono-dark/animations/22/nm-stage02-connecting11.svg
/usr/share/icons/ubuntu-mono-dark/animations/22/nm-stage03-connecting01.svg
/usr/share/icons/ubuntu-mono-dark/animations/22/nm-stage03-connecting02.svg
/usr/share/icons/ubuntu-mono-dark/animations/22/nm-stage03-connecting03.svg
/usr/share/icons/ubuntu-mono-dark/animations/22/nm-stage03-connecting04.svg
/usr/share/icons/ubuntu-mono-dark/animations/22/nm-stage03-connecting05.svg
/usr/share/icons/ubuntu-mono-dark/animations/22/nm-stage03-connecting06.svg
/usr/share/icons/ubuntu-mono-dark/animations/22/nm-stage03-connecting07.svg
/usr/share/icons/ubuntu-mono-dark/animations/22/nm-stage03-connecting08.svg
/usr/share/icons/ubuntu-mono-dark/animations/22/nm-stage03-connecting09.svg
/usr/share/icons/ubuntu-mono-dark/animations/22/nm-stage03-connecting10.svg
/usr/share/icons/ubuntu-mono-dark/animations/22/nm-stage03-connecting11.svg
/usr/share/icons/ubuntu-mono-dark/animations/22/nm-vpn-connecting01.svg
/usr/share/icons/ubuntu-mono-dark/animations/22/nm-vpn-connecting02.svg
/usr/share/icons/ubuntu-mono-dark/animations/22/nm-vpn-connecting03.svg
/usr/share/icons/ubuntu-mono-dark/animations/22/nm-vpn-connecting04.svg
/usr/share/icons/ubuntu-mono-dark/animations/22/nm-vpn-connecting05.svg
/usr/share/icons/ubuntu-mono-dark/animations/22/nm-vpn-connecting06.svg
/usr/share/icons/ubuntu-mono-dark/animations/22/nm-vpn-connecting07.svg
/usr/share/icons/ubuntu-mono-dark/animations/22/nm-vpn-connecting08.svg
/usr/share/icons/ubuntu-mono-dark/animations/22/nm-vpn-connecting09.svg
/usr/share/icons/ubuntu-mono-dark/animations/22/nm-vpn-connecting10.svg
/usr/share/icons/ubuntu-mono-dark/animations/22/nm-vpn-connecting11.svg
/usr/share/icons/ubuntu-mono-dark/animations/22/nm-vpn-connecting14.svg
/usr/share/icons/ubuntu-mono-dark/animations/24/nm-stage02-connecting01.svg
/usr/share/icons/ubuntu-mono-dark/animations/24/nm-stage02-connecting02.svg
/usr/share/icons/ubuntu-mono-dark/animations/24/nm-stage02-connecting03.svg
/usr/share/icons/ubuntu-mono-dark/animations/24/nm-stage02-connecting04.svg
/usr/share/icons/ubuntu-mono-dark/animations/24/nm-stage02-connecting05.svg
/usr/share/icons/ubuntu-mono-dark/animations/24/nm-stage02-connecting06.svg
/usr/share/icons/ubuntu-mono-dark/animations/24/nm-stage02-connecting07.svg
/usr/share/icons/ubuntu-mono-dark/animations/24/nm-stage02-connecting08.svg
/usr/share/icons/ubuntu-mono-dark/animations/24/nm-stage02-connecting09.svg
/usr/share/icons/ubuntu-mono-dark/animations/24/nm-stage02-connecting10.svg
/usr/share/icons/ubuntu-mono-dark/animations/24/nm-stage02-connecting11.svg
/usr/share/icons/ubuntu-mono-dark/animations/24/nm-stage03-connecting01.svg
/usr/share/icons/ubuntu-mono-dark/animations/24/nm-stage03-connecting02.svg
/usr/share/icons/ubuntu-mono-dark/animations/24/nm-stage03-connecting03.svg
/usr/share/icons/ubuntu-mono-dark/animations/24/nm-stage03-connecting04.svg
/usr/share/icons/ubuntu-mono-dark/animations/24/nm-stage03-connecting05.svg
/usr/share/icons/ubuntu-mono-dark/animations/24/nm-stage03-connecting06.svg
/usr/share/icons/ubuntu-mono-dark/animations/24/nm-stage03-connecting07.svg
/usr/share/icons/ubuntu-mono-dark/animations/24/nm-stage03-connecting08.svg
/usr/share/icons/ubuntu-mono-dark/animations/24/nm-stage03-connecting09.svg
/usr/share/icons/ubuntu-mono-dark/animations/24/nm-stage03-connecting10.svg
/usr/share/icons/ubuntu-mono-dark/animations/24/nm-stage03-connecting11.svg
/usr/share/icons/ubuntu-mono-dark/animations/24/nm-vpn-connecting01.svg
/usr/share/icons/ubuntu-mono-dark/animations/24/nm-vpn-connecting02.svg
/usr/share/icons/ubuntu-mono-dark/animations/24/nm-vpn-connecting03.svg
/usr/share/icons/ubuntu-mono-dark/animations/24/nm-vpn-connecting04.svg
/usr/share/icons/ubuntu-mono-dark/animations/24/nm-vpn-connecting05.svg
/usr/share/icons/ubuntu-mono-dark/animations/24/nm-vpn-connecting06.svg
/usr/share/icons/ubuntu-mono-dark/animations/24/nm-vpn-connecting07.svg
/usr/share/icons/ubuntu-mono-dark/animations/24/nm-vpn-connecting08.svg
/usr/share/icons/ubuntu-mono-dark/animations/24/nm-vpn-connecting09.svg
/usr/share/icons/ubuntu-mono-dark/animations/24/nm-vpn-connecting10.svg
/usr/share/icons/ubuntu-mono-dark/animations/24/nm-vpn-connecting11.svg
/usr/share/icons/ubuntu-mono-dark/animations/24/nm-vpn-connecting14.svg
/usr/share/icons/ubuntu-mono-dark/places/16/folder-home.svg
/usr/share/icons/ubuntu-mono-dark/places/16/folder_home.svg
/usr/share/icons/ubuntu-mono-dark/places/16/gnome-fs-home.svg
/usr/share/icons/ubuntu-mono-dark/places/16/gnome-home.svg
/usr/share/icons/ubuntu-mono-dark/places/22/folder-home.svg
/usr/share/icons/ubuntu-mono-dark/places/22/folder_home.svg
/usr/share/icons/ubuntu-mono-dark/places/22/gnome-fs-home.svg
/usr/share/icons/ubuntu-mono-dark/places/22/gnome-home.svg
/usr/share/icons/ubuntu-mono-dark/places/24/folder-home.svg
/usr/share/icons/ubuntu-mono-dark/places/24/folder_home.svg
/usr/share/icons/ubuntu-mono-dark/places/24/gnome-fs-home.svg
/usr/share/icons/ubuntu-mono-dark/places/24/gnome-home.svg
/usr/share/icons/ubuntu-mono-dark/places/32/folder-home.svg
/usr/share/icons/ubuntu-mono-dark/places/32/folder_home.svg
/usr/share/icons/ubuntu-mono-dark/places/32/gnome-fs-home.svg
/usr/share/icons/ubuntu-mono-dark/places/32/gnome-home.svg
/usr/share/icons/ubuntu-mono-dark/places/48/folder_home.svg
/usr/share/icons/ubuntu-mono-dark/places/48/gnome-fs-home.svg
/usr/share/icons/ubuntu-mono-dark/places/48/gnome-home.svg
/usr/share/icons/ubuntu-mono-dark/places/48/user-home.svg
/usr/share/icons/ubuntu-mono-dark/places/64/folder_home.svg
/usr/share/icons/ubuntu-mono-dark/places/64/gnome-fs-home.svg
/usr/share/icons/ubuntu-mono-dark/places/64/gnome-home.svg
/usr/share/icons/ubuntu-mono-dark/places/64/user-home.svg
/usr/share/icons/ubuntu-mono-dark/status/16/nm-signal-00.svg
/usr/share/icons/ubuntu-mono-dark/status/16/unity-battery-caution-charging-symbolic.svg
/usr/share/icons/ubuntu-mono-dark/status/16/unity-battery-caution-symbolic.svg
/usr/share/icons/ubuntu-mono-dark/status/16/unity-battery-caution.svg
/usr/share/icons/ubuntu-mono-dark/status/16/unity-battery-empty-charging-symbolic.svg
/usr/share/icons/ubuntu-mono-dark/status/16/unity-battery-empty-symbolic.svg
/usr/share/icons/ubuntu-mono-dark/status/16/unity-battery-full-charged-symbolic.svg
/usr/share/icons/ubuntu-mono-dark/status/16/unity-battery-full-charging-symbolic.svg
/usr/share/icons/ubuntu-mono-dark/status/16/unity-battery-full-symbolic.svg
/usr/share/icons/ubuntu-mono-dark/status/16/unity-battery-good-charging-symbolic.svg
/usr/share/icons/ubuntu-mono-dark/status/16/unity-battery-good-symbolic.svg
/usr/share/icons/ubuntu-mono-dark/status/16/unity-battery-low-charging-symbolic.svg
/usr/share/icons/ubuntu-mono-dark/status/16/unity-battery-low-symbolic.svg
/usr/share/icons/ubuntu-mono-dark/status/16/unity-battery-low.svg
/usr/share/icons/ubuntu-mono-dark/status/16/unity-battery-missing-symbolic.svg
/usr/share/icons/ubuntu-mono-dark/status/16/unity-battery_charged.svg
/usr/share/icons/ubuntu-mono-dark/status/16/unity-battery_empty.svg
/usr/share/icons/ubuntu-mono-dark/status/16/unity-battery_full.svg
/usr/share/icons/ubuntu-mono-dark/status/22/applications-chat-panel.svg
/usr/share/icons/ubuntu-mono-dark/status/22/applications-email-panel.svg
/usr/share/icons/ubuntu-mono-dark/status/22/blueman-tray.svg
/usr/share/icons/ubuntu-mono-dark/status/22/connect_creating.svg
/usr/share/icons/ubuntu-mono-dark/status/22/connect_established.svg
/usr/share/icons/ubuntu-mono-dark/status/22/connect_no.svg
/usr/share/icons/ubuntu-mono-dark/status/22/empathy-available.svg
/usr/share/icons/ubuntu-mono-dark/status/22/empathy-away.svg
/usr/share/icons/ubuntu-mono-dark/status/22/empathy-busy.svg
/usr/share/icons/ubuntu-mono-dark/status/22/empathy-extended-away.svg
/usr/share/icons/ubuntu-mono-dark/status/22/empathy-offline.svg
/usr/share/icons/ubuntu-mono-dark/status/22/gnome-netstatus-0-24.svg
/usr/share/icons/ubuntu-mono-dark/status/22/gnome-netstatus-25-49.svg
/usr/share/icons/ubuntu-mono-dark/status/22/gnome-netstatus-50-74.svg
/usr/share/icons/ubuntu-mono-dark/status/22/gnome-netstatus-75-100.svg
/usr/share/icons/ubuntu-mono-dark/status/22/gnome-netstatus-disconn.svg
/usr/share/icons/ubuntu-mono-dark/status/22/gnome-netstatus-error.svg
/usr/share/icons/ubuntu-mono-dark/status/22/gnome-netstatus-idle.svg
/usr/share/icons/ubuntu-mono-dark/status/22/gnome-netstatus-rx.svg
/usr/share/icons/ubuntu-mono-dark/status/22/gnome-netstatus-tx.svg
/usr/share/icons/ubuntu-mono-dark/status/22/gnome-netstatus-txrx.svg
/usr/share/icons/ubuntu-mono-dark/status/22/gpm-primary-000-charging.svg
/usr/share/icons/ubuntu-mono-dark/status/22/gpm-primary-000.svg
/usr/share/icons/ubuntu-mono-dark/status/22/gpm-primary-020-charging.svg
/usr/share/icons/ubuntu-mono-dark/status/22/gpm-primary-020.svg
/usr/share/icons/ubuntu-mono-dark/status/22/gpm-primary-040-charging.svg
/usr/share/icons/ubuntu-mono-dark/status/22/gpm-primary-040.svg
/usr/share/icons/ubuntu-mono-dark/status/22/gpm-primary-060-charging.svg
/usr/share/icons/ubuntu-mono-dark/status/22/gpm-primary-060.svg
/usr/share/icons/ubuntu-mono-dark/status/22/gpm-primary-080-charging.svg
/usr/share/icons/ubuntu-mono-dark/status/22/gpm-primary-080.svg
/usr/share/icons/ubuntu-mono-dark/status/22/gpm-primary-100-charging.svg
/usr/share/icons/ubuntu-mono-dark/status/22/gpm-primary-100.svg
/usr/share/icons/ubuntu-mono-dark/status/22/gpm-primary-charged.svg
/usr/share/icons/ubuntu-mono-dark/status/22/gpm-ups-000-charging.svg
/usr/share/icons/ubuntu-mono-dark/status/22/gpm-ups-000.svg
/usr/share/icons/ubuntu-mono-dark/status/22/gpm-ups-020-charging.svg
/usr/share/icons/ubuntu-mono-dark/status/22/gpm-ups-020.svg
/usr/share/icons/ubuntu-mono-dark/status/22/gpm-ups-040-charging.svg
/usr/share/icons/ubuntu-mono-dark/status/22/gpm-ups-040.svg
/usr/share/icons/ubuntu-mono-dark/status/22/gpm-ups-060-charging.svg
/usr/share/icons/ubuntu-mono-dark/status/22/gpm-ups-060.svg
/usr/share/icons/ubuntu-mono-dark/status/22/gpm-ups-080-charging.svg
/usr/share/icons/ubuntu-mono-dark/status/22/gpm-ups-080.svg
/usr/share/icons/ubuntu-mono-dark/status/22/gpm-ups-100-charging.svg
/usr/share/icons/ubuntu-mono-dark/status/22/gpm-ups-100.svg
/usr/share/icons/ubuntu-mono-dark/status/22/gpm-ups-missing.svg
/usr/share/icons/ubuntu-mono-dark/status/22/im-message-new.svg
/usr/share/icons/ubuntu-mono-dark/status/22/krb-valid-ticket.svg
/usr/share/icons/ubuntu-mono-dark/status/22/network-idle.svg
/usr/share/icons/ubuntu-mono-dark/status/22/network-wired.svg
/usr/share/icons/ubuntu-mono-dark/status/22/nm-device-wired-autoip.svg
/usr/share/icons/ubuntu-mono-dark/status/22/nm-device-wired.svg
/usr/share/icons/ubuntu-mono-dark/status/22/nm-device-wwan.svg
/usr/share/icons/ubuntu-mono-dark/status/22/nm-mb-roam.svg
/usr/share/icons/ubuntu-mono-dark/status/22/nm-no-connection.svg
/usr/share/icons/ubuntu-mono-dark/status/22/nm-secure-lock.svg
/usr/share/icons/ubuntu-mono-dark/status/22/nm-signal-00.svg
/usr/share/icons/ubuntu-mono-dark/status/22/nm-tech-3g.svg
/usr/share/icons/ubuntu-mono-dark/status/22/nm-tech-cdma-1x.svg
/usr/share/icons/ubuntu-mono-dark/status/22/nm-tech-edge.svg
/usr/share/icons/ubuntu-mono-dark/status/22/nm-tech-evdo.svg
/usr/share/icons/ubuntu-mono-dark/status/22/nm-tech-gprs.svg
/usr/share/icons/ubuntu-mono-dark/status/22/nm-tech-hspa.svg
/usr/share/icons/ubuntu-mono-dark/status/22/nm-tech-umts.svg
/usr/share/icons/ubuntu-mono-dark/status/22/nm-vpn-active-lock.svg
/usr/share/icons/ubuntu-mono-dark/status/22/stock_disconnect.svg
/usr/share/icons/ubuntu-mono-dark/status/22/tray-away.svg
/usr/share/icons/ubuntu-mono-dark/status/22/tray-busy.svg
/usr/share/icons/ubuntu-mono-dark/status/22/tray-extended-away.svg
/usr/share/icons/ubuntu-mono-dark/status/22/tray-message.svg
/usr/share/icons/ubuntu-mono-dark/status/22/tray-offline.svg
/usr/share/icons/ubuntu-mono-dark/status/22/tray-online.svg
/usr/share/icons/ubuntu-mono-dark/status/22/unity-battery-caution-charging-symbolic.svg
/usr/share/icons/ubuntu-mono-dark/status/22/unity-battery-caution-symbolic.svg
/usr/share/icons/ubuntu-mono-dark/status/22/unity-battery-caution.svg
/usr/share/icons/ubuntu-mono-dark/status/22/unity-battery-empty-charging-symbolic.svg
/usr/share/icons/ubuntu-mono-dark/status/22/unity-battery-empty-symbolic.svg
/usr/share/icons/ubuntu-mono-dark/status/22/unity-battery-full-charged-symbolic.svg
/usr/share/icons/ubuntu-mono-dark/status/22/unity-battery-full-charging-symbolic.svg
/usr/share/icons/ubuntu-mono-dark/status/22/unity-battery-full-symbolic.svg
/usr/share/icons/ubuntu-mono-dark/status/22/unity-battery-good-charging-symbolic.svg
/usr/share/icons/ubuntu-mono-dark/status/22/unity-battery-good-symbolic.svg
/usr/share/icons/ubuntu-mono-dark/status/22/unity-battery-low-charging-symbolic.svg
/usr/share/icons/ubuntu-mono-dark/status/22/unity-battery-low-symbolic.svg
/usr/share/icons/ubuntu-mono-dark/status/22/unity-battery-low.svg
/usr/share/icons/ubuntu-mono-dark/status/22/unity-battery-missing-symbolic.svg
/usr/share/icons/ubuntu-mono-dark/status/22/unity-battery_charged.svg
/usr/share/icons/ubuntu-mono-dark/status/22/unity-battery_empty.svg
/usr/share/icons/ubuntu-mono-dark/status/22/unity-battery_full.svg
/usr/share/icons/ubuntu-mono-dark/status/22/unity-battery_plugged.svg
/usr/share/icons/ubuntu-mono-dark/status/22/unity-gpm-battery-000-charging.svg
/usr/share/icons/ubuntu-mono-dark/status/22/unity-gpm-battery-000.svg
/usr/share/icons/ubuntu-mono-dark/status/22/unity-gpm-battery-020-charging.svg
/usr/share/icons/ubuntu-mono-dark/status/22/unity-gpm-battery-020.svg
/usr/share/icons/ubuntu-mono-dark/status/22/unity-gpm-battery-040-charging.svg
/usr/share/icons/ubuntu-mono-dark/status/22/unity-gpm-battery-040.svg
/usr/share/icons/ubuntu-mono-dark/status/22/unity-gpm-battery-060-charging.svg
/usr/share/icons/ubuntu-mono-dark/status/22/unity-gpm-battery-060.svg
/usr/share/icons/ubuntu-mono-dark/status/22/unity-gpm-battery-080-charging.svg
/usr/share/icons/ubuntu-mono-dark/status/22/unity-gpm-battery-080.svg
/usr/share/icons/ubuntu-mono-dark/status/22/unity-gpm-battery-100-charging.svg
/usr/share/icons/ubuntu-mono-dark/status/22/unity-gpm-battery-100.svg
/usr/share/icons/ubuntu-mono-dark/status/22/unity-gpm-battery-charged.svg
/usr/share/icons/ubuntu-mono-dark/status/22/unity-gpm-battery-empty.svg
/usr/share/icons/ubuntu-mono-dark/status/22/unity-gpm-battery-missing.svg
/usr/share/icons/ubuntu-mono-dark/status/22/xfce4-mixer-muted.svg
/usr/share/icons/ubuntu-mono-dark/status/22/xfce4-mixer-volume-muted.svg
/usr/share/icons/ubuntu-mono-dark/status/22/xfpm-ac-adapter.svg
/usr/share/icons/ubuntu-mono-dark/status/22/xfpm-keyboard-000.svg
/usr/share/icons/ubuntu-mono-dark/status/22/xfpm-keyboard-060.svg
/usr/share/icons/ubuntu-mono-dark/status/22/xfpm-keyboard-100.svg
/usr/share/icons/ubuntu-mono-dark/status/22/xfpm-mouse-000.svg
/usr/share/icons/ubuntu-mono-dark/status/22/xfpm-mouse-060.svg
/usr/share/icons/ubuntu-mono-dark/status/22/xfpm-mouse-100.svg
/usr/share/icons/ubuntu-mono-dark/status/22/xfpm-phone-000.svg
/usr/share/icons/ubuntu-mono-dark/status/22/xfpm-phone-060.svg
/usr/share/icons/ubuntu-mono-dark/status/22/xfpm-phone-100.svg
/usr/share/icons/ubuntu-mono-dark/status/22/xfpm-primary-000-charging.svg
/usr/share/icons/ubuntu-mono-dark/status/22/xfpm-primary-000.svg
/usr/share/icons/ubuntu-mono-dark/status/22/xfpm-primary-020-charging.svg
/usr/share/icons/ubuntu-mono-dark/status/22/xfpm-primary-020.svg
/usr/share/icons/ubuntu-mono-dark/status/22/xfpm-primary-040-charging.svg
/usr/share/icons/ubuntu-mono-dark/status/22/xfpm-primary-040.svg
/usr/share/icons/ubuntu-mono-dark/status/22/xfpm-primary-060-charging.svg
/usr/share/icons/ubuntu-mono-dark/status/22/xfpm-primary-060.svg
/usr/share/icons/ubuntu-mono-dark/status/22/xfpm-primary-080-charging.svg
/usr/share/icons/ubuntu-mono-dark/status/22/xfpm-primary-080.svg
/usr/share/icons/ubuntu-mono-dark/status/22/xfpm-primary-100-charging.svg
/usr/share/icons/ubuntu-mono-dark/status/22/xfpm-primary-100.svg
/usr/share/icons/ubuntu-mono-dark/status/22/xfpm-primary-charged.svg
/usr/share/icons/ubuntu-mono-dark/status/22/xfpm-primary-missing.svg
/usr/share/icons/ubuntu-mono-dark/status/22/xfpm-ups-000-charging.svg
/usr/share/icons/ubuntu-mono-dark/status/22/xfpm-ups-000.svg
/usr/share/icons/ubuntu-mono-dark/status/22/xfpm-ups-020-charging.svg
/usr/share/icons/ubuntu-mono-dark/status/22/xfpm-ups-020.svg
/usr/share/icons/ubuntu-mono-dark/status/22/xfpm-ups-040-charging.svg
/usr/share/icons/ubuntu-mono-dark/status/22/xfpm-ups-040.svg
/usr/share/icons/ubuntu-mono-dark/status/22/xfpm-ups-060-charging.svg
/usr/share/icons/ubuntu-mono-dark/status/22/xfpm-ups-060.svg
/usr/share/icons/ubuntu-mono-dark/status/22/xfpm-ups-080-charging.svg
/usr/share/icons/ubuntu-mono-dark/status/22/xfpm-ups-080.svg
/usr/share/icons/ubuntu-mono-dark/status/22/xfpm-ups-100-charging.svg
/usr/share/icons/ubuntu-mono-dark/status/22/xfpm-ups-100.svg
/usr/share/icons/ubuntu-mono-dark/status/22/xfpm-ups-charged.svg
/usr/share/icons/ubuntu-mono-dark/status/22/xfpm-ups-missing.svg
/usr/share/icons/ubuntu-mono-dark/status/24/applications-chat-panel.svg
/usr/share/icons/ubuntu-mono-dark/status/24/applications-email-panel.svg
/usr/share/icons/ubuntu-mono-dark/status/24/blueman-tray.svg
/usr/share/icons/ubuntu-mono-dark/status/24/connect_creating.svg
/usr/share/icons/ubuntu-mono-dark/status/24/connect_established.svg
/usr/share/icons/ubuntu-mono-dark/status/24/connect_no.svg
/usr/share/icons/ubuntu-mono-dark/status/24/empathy-available.svg
/usr/share/icons/ubuntu-mono-dark/status/24/empathy-away.svg
/usr/share/icons/ubuntu-mono-dark/status/24/empathy-busy.svg
/usr/share/icons/ubuntu-mono-dark/status/24/empathy-extended-away.svg
/usr/share/icons/ubuntu-mono-dark/status/24/empathy-offline.svg
/usr/share/icons/ubuntu-mono-dark/status/24/gnome-netstatus-disconn.svg
/usr/share/icons/ubuntu-mono-dark/status/24/gnome-netstatus-idle.svg
/usr/share/icons/ubuntu-mono-dark/status/24/gnome-netstatus-rx.svg
/usr/share/icons/ubuntu-mono-dark/status/24/gnome-netstatus-tx.svg
/usr/share/icons/ubuntu-mono-dark/status/24/gnome-netstatus-txrx.svg
/usr/share/icons/ubuntu-mono-dark/status/24/gpm-primary-000-charging.svg
/usr/share/icons/ubuntu-mono-dark/status/24/gpm-primary-000.svg
/usr/share/icons/ubuntu-mono-dark/status/24/gpm-primary-020-charging.svg
/usr/share/icons/ubuntu-mono-dark/status/24/gpm-primary-020.svg
/usr/share/icons/ubuntu-mono-dark/status/24/gpm-primary-040-charging.svg
/usr/share/icons/ubuntu-mono-dark/status/24/gpm-primary-040.svg
/usr/share/icons/ubuntu-mono-dark/status/24/gpm-primary-060-charging.svg
/usr/share/icons/ubuntu-mono-dark/status/24/gpm-primary-060.svg
/usr/share/icons/ubuntu-mono-dark/status/24/gpm-primary-080-charging.svg
/usr/share/icons/ubuntu-mono-dark/status/24/gpm-primary-080.svg
/usr/share/icons/ubuntu-mono-dark/status/24/gpm-primary-100-charging.svg
/usr/share/icons/ubuntu-mono-dark/status/24/gpm-primary-100.svg
/usr/share/icons/ubuntu-mono-dark/status/24/gpm-primary-charged.svg
/usr/share/icons/ubuntu-mono-dark/status/24/gpm-ups-000-charging.svg
/usr/share/icons/ubuntu-mono-dark/status/24/gpm-ups-000.svg
/usr/share/icons/ubuntu-mono-dark/status/24/gpm-ups-020-charging.svg
/usr/share/icons/ubuntu-mono-dark/status/24/gpm-ups-020.svg
/usr/share/icons/ubuntu-mono-dark/status/24/gpm-ups-040-charging.svg
/usr/share/icons/ubuntu-mono-dark/status/24/gpm-ups-040.svg
/usr/share/icons/ubuntu-mono-dark/status/24/gpm-ups-060-charging.svg
/usr/share/icons/ubuntu-mono-dark/status/24/gpm-ups-060.svg
/usr/share/icons/ubuntu-mono-dark/status/24/gpm-ups-080-charging.svg
/usr/share/icons/ubuntu-mono-dark/status/24/gpm-ups-080.svg
/usr/share/icons/ubuntu-mono-dark/status/24/gpm-ups-100-charging.svg
/usr/share/icons/ubuntu-mono-dark/status/24/gpm-ups-100.svg
/usr/share/icons/ubuntu-mono-dark/status/24/gpm-ups-missing.svg
/usr/share/icons/ubuntu-mono-dark/status/24/im-message-new.svg
/usr/share/icons/ubuntu-mono-dark/status/24/krb-valid-ticket.svg
/usr/share/icons/ubuntu-mono-dark/status/24/network-idle.svg
/usr/share/icons/ubuntu-mono-dark/status/24/network-wired.svg
/usr/share/icons/ubuntu-mono-dark/status/24/nm-device-wired-autoip.svg
/usr/share/icons/ubuntu-mono-dark/status/24/nm-device-wired.svg
/usr/share/icons/ubuntu-mono-dark/status/24/nm-device-wwan.svg
/usr/share/icons/ubuntu-mono-dark/status/24/nm-mb-roam.svg
/usr/share/icons/ubuntu-mono-dark/status/24/nm-no-connection.svg
/usr/share/icons/ubuntu-mono-dark/status/24/nm-tech-3g.svg
/usr/share/icons/ubuntu-mono-dark/status/24/nm-tech-cdma-1x.svg
/usr/share/icons/ubuntu-mono-dark/status/24/nm-tech-edge.svg
/usr/share/icons/ubuntu-mono-dark/status/24/nm-tech-evdo.svg
/usr/share/icons/ubuntu-mono-dark/status/24/nm-tech-gprs.svg
/usr/share/icons/ubuntu-mono-dark/status/24/nm-tech-hspa.svg
/usr/share/icons/ubuntu-mono-dark/status/24/nm-tech-umts.svg
/usr/share/icons/ubuntu-mono-dark/status/24/stock_disconnect.svg
/usr/share/icons/ubuntu-mono-dark/status/24/tray-away.svg
/usr/share/icons/ubuntu-mono-dark/status/24/tray-busy.svg
/usr/share/icons/ubuntu-mono-dark/status/24/tray-extended-away.svg
/usr/share/icons/ubuntu-mono-dark/status/24/tray-message.svg
/usr/share/icons/ubuntu-mono-dark/status/24/tray-offline.svg
/usr/share/icons/ubuntu-mono-dark/status/24/tray-online.svg
/usr/share/icons/ubuntu-mono-dark/status/24/unity-battery-caution-charging-symbolic.svg
/usr/share/icons/ubuntu-mono-dark/status/24/unity-battery-caution-symbolic.svg
/usr/share/icons/ubuntu-mono-dark/status/24/unity-battery-caution.svg
/usr/share/icons/ubuntu-mono-dark/status/24/unity-battery-empty-charging-symbolic.svg
/usr/share/icons/ubuntu-mono-dark/status/24/unity-battery-empty-symbolic.svg
/usr/share/icons/ubuntu-mono-dark/status/24/unity-battery-full-charged-symbolic.svg
/usr/share/icons/ubuntu-mono-dark/status/24/unity-battery-full-charging-symbolic.svg
/usr/share/icons/ubuntu-mono-dark/status/24/unity-battery-full-symbolic.svg
/usr/share/icons/ubuntu-mono-dark/status/24/unity-battery-good-charging-symbolic.svg
/usr/share/icons/ubuntu-mono-dark/status/24/unity-battery-good-symbolic.svg
/usr/share/icons/ubuntu-mono-dark/status/24/unity-battery-low-charging-symbolic.svg
/usr/share/icons/ubuntu-mono-dark/status/24/unity-battery-low-symbolic.svg
/usr/share/icons/ubuntu-mono-dark/status/24/unity-battery-low.svg
/usr/share/icons/ubuntu-mono-dark/status/24/unity-battery-missing-symbolic.svg
/usr/share/icons/ubuntu-mono-dark/status/24/unity-battery_charged.svg
/usr/share/icons/ubuntu-mono-dark/status/24/unity-battery_empty.svg
/usr/share/icons/ubuntu-mono-dark/status/24/unity-battery_full.svg
/usr/share/icons/ubuntu-mono-dark/status/24/unity-battery_plugged.svg
/usr/share/icons/ubuntu-mono-dark/status/24/unity-gpm-battery-000-charging.svg
/usr/share/icons/ubuntu-mono-dark/status/24/unity-gpm-battery-000.svg
/usr/share/icons/ubuntu-mono-dark/status/24/unity-gpm-battery-020-charging.svg
/usr/share/icons/ubuntu-mono-dark/status/24/unity-gpm-battery-020.svg
/usr/share/icons/ubuntu-mono-dark/status/24/unity-gpm-battery-040-charging.svg
/usr/share/icons/ubuntu-mono-dark/status/24/unity-gpm-battery-040.svg
/usr/share/icons/ubuntu-mono-dark/status/24/unity-gpm-battery-060-charging.svg
/usr/share/icons/ubuntu-mono-dark/status/24/unity-gpm-battery-060.svg
/usr/share/icons/ubuntu-mono-dark/status/24/unity-gpm-battery-080-charging.svg
/usr/share/icons/ubuntu-mono-dark/status/24/unity-gpm-battery-080.svg
/usr/share/icons/ubuntu-mono-dark/status/24/unity-gpm-battery-100-charging.svg
/usr/share/icons/ubuntu-mono-dark/status/24/unity-gpm-battery-100.svg
/usr/share/icons/ubuntu-mono-dark/status/24/unity-gpm-battery-charged.svg
/usr/share/icons/ubuntu-mono-dark/status/24/unity-gpm-battery-empty.svg
/usr/share/icons/ubuntu-mono-dark/status/24/unity-gpm-battery-missing.svg
/usr/share/icons/ubuntu-mono-dark/status/24/xfce4-mixer-muted.svg
/usr/share/icons/ubuntu-mono-dark/status/24/xfce4-mixer-volume-muted.svg
/usr/share/icons/ubuntu-mono-dark/status/24/xfpm-ac-adapter.svg
/usr/share/icons/ubuntu-mono-dark/status/24/xfpm-keyboard-000.svg
/usr/share/icons/ubuntu-mono-dark/status/24/xfpm-keyboard-060.svg
/usr/share/icons/ubuntu-mono-dark/status/24/xfpm-keyboard-100.svg
/usr/share/icons/ubuntu-mono-dark/status/24/xfpm-mouse-000.svg
/usr/share/icons/ubuntu-mono-dark/status/24/xfpm-mouse-060.svg
/usr/share/icons/ubuntu-mono-dark/status/24/xfpm-mouse-100.svg
/usr/share/icons/ubuntu-mono-dark/status/24/xfpm-phone-000.svg
/usr/share/icons/ubuntu-mono-dark/status/24/xfpm-phone-060.svg
/usr/share/icons/ubuntu-mono-dark/status/24/xfpm-phone-100.svg
/usr/share/icons/ubuntu-mono-dark/status/24/xfpm-primary-000-charging.svg
/usr/share/icons/ubuntu-mono-dark/status/24/xfpm-primary-000.svg
/usr/share/icons/ubuntu-mono-dark/status/24/xfpm-primary-020-charging.svg
/usr/share/icons/ubuntu-mono-dark/status/24/xfpm-primary-020.svg
/usr/share/icons/ubuntu-mono-dark/status/24/xfpm-primary-040-charging.svg
/usr/share/icons/ubuntu-mono-dark/status/24/xfpm-primary-040.svg
/usr/share/icons/ubuntu-mono-dark/status/24/xfpm-primary-060-charging.svg
/usr/share/icons/ubuntu-mono-dark/status/24/xfpm-primary-060.svg
/usr/share/icons/ubuntu-mono-dark/status/24/xfpm-primary-080-charging.svg
/usr/share/icons/ubuntu-mono-dark/status/24/xfpm-primary-080.svg
/usr/share/icons/ubuntu-mono-dark/status/24/xfpm-primary-100-charging.svg
/usr/share/icons/ubuntu-mono-dark/status/24/xfpm-primary-100.svg
/usr/share/icons/ubuntu-mono-dark/status/24/xfpm-primary-charged.svg
/usr/share/icons/ubuntu-mono-dark/status/24/xfpm-primary-missing.svg
/usr/share/icons/ubuntu-mono-dark/status/24/xfpm-ups-000-charging.svg
/usr/share/icons/ubuntu-mono-dark/status/24/xfpm-ups-000.svg
/usr/share/icons/ubuntu-mono-dark/status/24/xfpm-ups-020-charging.svg
/usr/share/icons/ubuntu-mono-dark/status/24/xfpm-ups-020.svg
/usr/share/icons/ubuntu-mono-dark/status/24/xfpm-ups-040-charging.svg
/usr/share/icons/ubuntu-mono-dark/status/24/xfpm-ups-040.svg
/usr/share/icons/ubuntu-mono-dark/status/24/xfpm-ups-060-charging.svg
/usr/share/icons/ubuntu-mono-dark/status/24/xfpm-ups-060.svg
/usr/share/icons/ubuntu-mono-dark/status/24/xfpm-ups-080-charging.svg
/usr/share/icons/ubuntu-mono-dark/status/24/xfpm-ups-080.svg
/usr/share/icons/ubuntu-mono-dark/status/24/xfpm-ups-100-charging.svg
/usr/share/icons/ubuntu-mono-dark/status/24/xfpm-ups-100.svg
/usr/share/icons/ubuntu-mono-dark/status/24/xfpm-ups-charged.svg
/usr/share/icons/ubuntu-mono-dark/status/24/xfpm-ups-missing.svg
/usr/share/icons/ubuntu-mono-dark/stock/22/avatar-default.svg
/usr/share/icons/ubuntu-mono-light/animations/22/nm-stage02-connecting01.svg
/usr/share/icons/ubuntu-mono-light/animations/22/nm-stage02-connecting02.svg
/usr/share/icons/ubuntu-mono-light/animations/22/nm-stage02-connecting03.svg
/usr/share/icons/ubuntu-mono-light/animations/22/nm-stage02-connecting04.svg
/usr/share/icons/ubuntu-mono-light/animations/22/nm-stage02-connecting05.svg
/usr/share/icons/ubuntu-mono-light/animations/22/nm-stage02-connecting06.svg
/usr/share/icons/ubuntu-mono-light/animations/22/nm-stage02-connecting07.svg
/usr/share/icons/ubuntu-mono-light/animations/22/nm-stage02-connecting08.svg
/usr/share/icons/ubuntu-mono-light/animations/22/nm-stage02-connecting09.svg
/usr/share/icons/ubuntu-mono-light/animations/22/nm-stage02-connecting10.svg
/usr/share/icons/ubuntu-mono-light/animations/22/nm-stage02-connecting11.svg
/usr/share/icons/ubuntu-mono-light/animations/22/nm-stage03-connecting01.svg
/usr/share/icons/ubuntu-mono-light/animations/22/nm-stage03-connecting02.svg
/usr/share/icons/ubuntu-mono-light/animations/22/nm-stage03-connecting03.svg
/usr/share/icons/ubuntu-mono-light/animations/22/nm-stage03-connecting04.svg
/usr/share/icons/ubuntu-mono-light/animations/22/nm-stage03-connecting05.svg
/usr/share/icons/ubuntu-mono-light/animations/22/nm-stage03-connecting06.svg
/usr/share/icons/ubuntu-mono-light/animations/22/nm-stage03-connecting07.svg
/usr/share/icons/ubuntu-mono-light/animations/22/nm-stage03-connecting08.svg
/usr/share/icons/ubuntu-mono-light/animations/22/nm-stage03-connecting09.svg
/usr/share/icons/ubuntu-mono-light/animations/22/nm-stage03-connecting10.svg
/usr/share/icons/ubuntu-mono-light/animations/22/nm-stage03-connecting11.svg
/usr/share/icons/ubuntu-mono-light/animations/22/nm-vpn-connecting01.svg
/usr/share/icons/ubuntu-mono-light/animations/22/nm-vpn-connecting02.svg
/usr/share/icons/ubuntu-mono-light/animations/22/nm-vpn-connecting03.svg
/usr/share/icons/ubuntu-mono-light/animations/22/nm-vpn-connecting04.svg
/usr/share/icons/ubuntu-mono-light/animations/22/nm-vpn-connecting05.svg
/usr/share/icons/ubuntu-mono-light/animations/22/nm-vpn-connecting06.svg
/usr/share/icons/ubuntu-mono-light/animations/22/nm-vpn-connecting07.svg
/usr/share/icons/ubuntu-mono-light/animations/22/nm-vpn-connecting08.svg
/usr/share/icons/ubuntu-mono-light/animations/22/nm-vpn-connecting09.svg
/usr/share/icons/ubuntu-mono-light/animations/22/nm-vpn-connecting10.svg
/usr/share/icons/ubuntu-mono-light/animations/22/nm-vpn-connecting11.svg
/usr/share/icons/ubuntu-mono-light/animations/22/nm-vpn-connecting14.svg
/usr/share/icons/ubuntu-mono-light/animations/24/nm-stage02-connecting01.svg
/usr/share/icons/ubuntu-mono-light/animations/24/nm-stage02-connecting02.svg
/usr/share/icons/ubuntu-mono-light/animations/24/nm-stage02-connecting03.svg
/usr/share/icons/ubuntu-mono-light/animations/24/nm-stage02-connecting04.svg
/usr/share/icons/ubuntu-mono-light/animations/24/nm-stage02-connecting05.svg
/usr/share/icons/ubuntu-mono-light/animations/24/nm-stage02-connecting06.svg
/usr/share/icons/ubuntu-mono-light/animations/24/nm-stage02-connecting07.svg
/usr/share/icons/ubuntu-mono-light/animations/24/nm-stage02-connecting08.svg
/usr/share/icons/ubuntu-mono-light/animations/24/nm-stage02-connecting09.svg
/usr/share/icons/ubuntu-mono-light/animations/24/nm-stage02-connecting10.svg
/usr/share/icons/ubuntu-mono-light/animations/24/nm-stage02-connecting11.svg
/usr/share/icons/ubuntu-mono-light/animations/24/nm-stage03-connecting01.svg
/usr/share/icons/ubuntu-mono-light/animations/24/nm-stage03-connecting02.svg
/usr/share/icons/ubuntu-mono-light/animations/24/nm-stage03-connecting03.svg
/usr/share/icons/ubuntu-mono-light/animations/24/nm-stage03-connecting04.svg
/usr/share/icons/ubuntu-mono-light/animations/24/nm-stage03-connecting05.svg
/usr/share/icons/ubuntu-mono-light/animations/24/nm-stage03-connecting06.svg
/usr/share/icons/ubuntu-mono-light/animations/24/nm-stage03-connecting07.svg
/usr/share/icons/ubuntu-mono-light/animations/24/nm-stage03-connecting08.svg
/usr/share/icons/ubuntu-mono-light/animations/24/nm-stage03-connecting09.svg
/usr/share/icons/ubuntu-mono-light/animations/24/nm-stage03-connecting10.svg
/usr/share/icons/ubuntu-mono-light/animations/24/nm-stage03-connecting11.svg
/usr/share/icons/ubuntu-mono-light/animations/24/nm-vpn-connecting01.svg
/usr/share/icons/ubuntu-mono-light/animations/24/nm-vpn-connecting02.svg
/usr/share/icons/ubuntu-mono-light/animations/24/nm-vpn-connecting03.svg
/usr/share/icons/ubuntu-mono-light/animations/24/nm-vpn-connecting04.svg
/usr/share/icons/ubuntu-mono-light/animations/24/nm-vpn-connecting05.svg
/usr/share/icons/ubuntu-mono-light/animations/24/nm-vpn-connecting06.svg
/usr/share/icons/ubuntu-mono-light/animations/24/nm-vpn-connecting07.svg
/usr/share/icons/ubuntu-mono-light/animations/24/nm-vpn-connecting08.svg
/usr/share/icons/ubuntu-mono-light/animations/24/nm-vpn-connecting09.svg
/usr/share/icons/ubuntu-mono-light/animations/24/nm-vpn-connecting10.svg
/usr/share/icons/ubuntu-mono-light/animations/24/nm-vpn-connecting11.svg
/usr/share/icons/ubuntu-mono-light/animations/24/nm-vpn-connecting14.svg
/usr/share/icons/ubuntu-mono-light/places/16/folder-home.svg
/usr/share/icons/ubuntu-mono-light/places/16/folder_home.svg
/usr/share/icons/ubuntu-mono-light/places/16/gnome-fs-home.svg
/usr/share/icons/ubuntu-mono-light/places/16/gnome-home.svg
/usr/share/icons/ubuntu-mono-light/places/22/folder-home.svg
/usr/share/icons/ubuntu-mono-light/places/22/folder_home.svg
/usr/share/icons/ubuntu-mono-light/places/22/gnome-fs-home.svg
/usr/share/icons/ubuntu-mono-light/places/22/gnome-home.svg
/usr/share/icons/ubuntu-mono-light/places/24/folder-home.svg
/usr/share/icons/ubuntu-mono-light/places/24/folder_home.svg
/usr/share/icons/ubuntu-mono-light/places/24/gnome-fs-home.svg
/usr/share/icons/ubuntu-mono-light/places/24/gnome-home.svg
/usr/share/icons/ubuntu-mono-light/places/32/folder-home.svg
/usr/share/icons/ubuntu-mono-light/places/32/folder_home.svg
/usr/share/icons/ubuntu-mono-light/places/32/gnome-fs-home.svg
/usr/share/icons/ubuntu-mono-light/places/32/gnome-home.svg
/usr/share/icons/ubuntu-mono-light/places/48/folder_home.svg
/usr/share/icons/ubuntu-mono-light/places/48/gnome-fs-home.svg
/usr/share/icons/ubuntu-mono-light/places/48/gnome-home.svg
/usr/share/icons/ubuntu-mono-light/places/48/user-home.svg
/usr/share/icons/ubuntu-mono-light/places/64/folder_home.svg
/usr/share/icons/ubuntu-mono-light/places/64/gnome-fs-home.svg
/usr/share/icons/ubuntu-mono-light/places/64/gnome-home.svg
/usr/share/icons/ubuntu-mono-light/places/64/user-home.svg
/usr/share/icons/ubuntu-mono-light/status/16/nm-signal-00.svg
/usr/share/icons/ubuntu-mono-light/status/16/unity-battery-caution-charging-symbolic.svg
/usr/share/icons/ubuntu-mono-light/status/16/unity-battery-caution-symbolic.svg
/usr/share/icons/ubuntu-mono-light/status/16/unity-battery-empty-charging-symbolic.svg
/usr/share/icons/ubuntu-mono-light/status/16/unity-battery-empty-symbolic.svg
/usr/share/icons/ubuntu-mono-light/status/16/unity-battery-full-charged-symbolic.svg
/usr/share/icons/ubuntu-mono-light/status/16/unity-battery-full-charging-symbolic.svg
/usr/share/icons/ubuntu-mono-light/status/16/unity-battery-full-symbolic.svg
/usr/share/icons/ubuntu-mono-light/status/16/unity-battery-good-charging-symbolic.svg
/usr/share/icons/ubuntu-mono-light/status/16/unity-battery-good-symbolic.svg
/usr/share/icons/ubuntu-mono-light/status/16/unity-battery-low-charging-symbolic.svg
/usr/share/icons/ubuntu-mono-light/status/16/unity-battery-low-symbolic.svg
/usr/share/icons/ubuntu-mono-light/status/16/unity-battery-missing-symbolic.svg
/usr/share/icons/ubuntu-mono-light/status/22/unity-battery-caution-charging-symbolic.svg
/usr/share/icons/ubuntu-mono-light/status/22/unity-battery-caution-symbolic.svg
/usr/share/icons/ubuntu-mono-light/status/22/unity-battery-empty-charging-symbolic.svg
/usr/share/icons/ubuntu-mono-light/status/22/unity-battery-empty-symbolic.svg
/usr/share/icons/ubuntu-mono-light/status/22/unity-battery-full-charged-symbolic.svg
/usr/share/icons/ubuntu-mono-light/status/22/unity-battery-full-charging-symbolic.svg
/usr/share/icons/ubuntu-mono-light/status/22/unity-battery-full-symbolic.svg
/usr/share/icons/ubuntu-mono-light/status/22/unity-battery-good-charging-symbolic.svg
/usr/share/icons/ubuntu-mono-light/status/22/unity-battery-good-symbolic.svg
/usr/share/icons/ubuntu-mono-light/status/22/unity-battery-low-charging-symbolic.svg
/usr/share/icons/ubuntu-mono-light/status/22/unity-battery-low-symbolic.svg
/usr/share/icons/ubuntu-mono-light/status/22/unity-battery-missing-symbolic.svg
/usr/share/icons/ubuntu-mono-light/status/24/unity-battery-caution-charging-symbolic.svg
/usr/share/icons/ubuntu-mono-light/status/24/unity-battery-caution-symbolic.svg
/usr/share/icons/ubuntu-mono-light/status/24/unity-battery-empty-charging-symbolic.svg
/usr/share/icons/ubuntu-mono-light/status/24/unity-battery-empty-symbolic.svg
/usr/share/icons/ubuntu-mono-light/status/24/unity-battery-full-charged-symbolic.svg
/usr/share/icons/ubuntu-mono-light/status/24/unity-battery-full-charging-symbolic.svg
/usr/share/icons/ubuntu-mono-light/status/24/unity-battery-full-symbolic.svg
/usr/share/icons/ubuntu-mono-light/status/24/unity-battery-good-charging-symbolic.svg
/usr/share/icons/ubuntu-mono-light/status/24/unity-battery-good-symbolic.svg
/usr/share/icons/ubuntu-mono-light/status/24/unity-battery-low-charging-symbolic.svg
/usr/share/icons/ubuntu-mono-light/status/24/unity-battery-low-symbolic.svg
/usr/share/icons/ubuntu-mono-light/status/24/unity-battery-missing-symbolic.svg
/usr/share/icons/ubuntu-mono-light/stock/22/avatar-default.svg

dpkg -L vdpau-driver-all
/.
/usr
/usr/share
/usr/share/bug
/usr/share/bug/vdpau-driver-all
/usr/share/doc
/usr/share/doc/vdpau-driver-all
/usr/share/doc/vdpau-driver-all/changelog.Debian.gz
/usr/share/doc/vdpau-driver-all/copyright

dpkg -L x11-xkb-utils
/.
/usr
/usr/bin
/usr/bin/setxkbmap
/usr/bin/xkbbell
/usr/bin/xkbcomp
/usr/bin/xkbevd
/usr/bin/xkbprint
/usr/bin/xkbvleds
/usr/bin/xkbwatch
/usr/share
/usr/share/doc
/usr/share/doc/x11-xkb-utils
/usr/share/doc/x11-xkb-utils/changelog.gz
/usr/share/doc/x11-xkb-utils/copyright
/usr/share/doc/x11-xkb-utils/xkbevd-example.cf
/usr/share/man
/usr/share/man/man1
/usr/share/man/man1/setxkbmap.1.gz
/usr/share/man/man1/xkbbell.1.gz
/usr/share/man/man1/xkbcomp.1.gz
/usr/share/man/man1/xkbevd.1.gz
/usr/share/man/man1/xkbprint.1.gz
/usr/share/man/man1/xkbvleds.1.gz
/usr/share/man/man1/xkbwatch.1.gz
/usr/share/pkgconfig
/usr/share/pkgconfig/xkbcomp.pc
/var
/var/lib
/var/lib/xkb

dpkg -L xcvt
/.
/usr
/usr/bin
/usr/bin/cvt
/usr/share
/usr/share/doc
/usr/share/doc/xcvt
/usr/share/doc/xcvt/copyright
/usr/share/man
/usr/share/man/man1
/usr/share/man/man1/cvt.1.gz
/usr/share/doc/xcvt/changelog.Debian.gz

dpkg -L xfonts-base
/.
/etc
/etc/X11
/etc/X11/fonts
/etc/X11/fonts/misc
/etc/X11/fonts/misc/xfonts-base.alias
/usr
/usr/share
/usr/share/doc
/usr/share/doc/xfonts-base
/usr/share/doc/xfonts-base/changelog.gz
/usr/share/doc/xfonts-base/copyright
/usr/share/fonts
/usr/share/fonts/X11
/usr/share/fonts/X11/misc
/usr/share/fonts/X11/misc/10x20-ISO8859-1.pcf.gz
/usr/share/fonts/X11/misc/10x20-ISO8859-10.pcf.gz
/usr/share/fonts/X11/misc/10x20-ISO8859-11.pcf.gz
/usr/share/fonts/X11/misc/10x20-ISO8859-13.pcf.gz
/usr/share/fonts/X11/misc/10x20-ISO8859-14.pcf.gz
/usr/share/fonts/X11/misc/10x20-ISO8859-15.pcf.gz
/usr/share/fonts/X11/misc/10x20-ISO8859-16.pcf.gz
/usr/share/fonts/X11/misc/10x20-ISO8859-2.pcf.gz
/usr/share/fonts/X11/misc/10x20-ISO8859-3.pcf.gz
/usr/share/fonts/X11/misc/10x20-ISO8859-4.pcf.gz
/usr/share/fonts/X11/misc/10x20-ISO8859-5.pcf.gz
/usr/share/fonts/X11/misc/10x20-ISO8859-7.pcf.gz
/usr/share/fonts/X11/misc/10x20-ISO8859-8.pcf.gz
/usr/share/fonts/X11/misc/10x20-ISO8859-9.pcf.gz
/usr/share/fonts/X11/misc/10x20-KOI8-R.pcf.gz
/usr/share/fonts/X11/misc/10x20.pcf.gz
/usr/share/fonts/X11/misc/12x13ja.pcf.gz
/usr/share/fonts/X11/misc/12x24.pcf.gz
/usr/share/fonts/X11/misc/12x24rk.pcf.gz
/usr/share/fonts/X11/misc/18x18ja.pcf.gz
/usr/share/fonts/X11/misc/18x18ko.pcf.gz
/usr/share/fonts/X11/misc/4x6-ISO8859-1.pcf.gz
/usr/share/fonts/X11/misc/4x6-ISO8859-10.pcf.gz
/usr/share/fonts/X11/misc/4x6-ISO8859-13.pcf.gz
/usr/share/fonts/X11/misc/4x6-ISO8859-14.pcf.gz
/usr/share/fonts/X11/misc/4x6-ISO8859-15.pcf.gz
/usr/share/fonts/X11/misc/4x6-ISO8859-16.pcf.gz
/usr/share/fonts/X11/misc/4x6-ISO8859-2.pcf.gz
/usr/share/fonts/X11/misc/4x6-ISO8859-3.pcf.gz
/usr/share/fonts/X11/misc/4x6-ISO8859-4.pcf.gz
/usr/share/fonts/X11/misc/4x6-ISO8859-5.pcf.gz
/usr/share/fonts/X11/misc/4x6-ISO8859-7.pcf.gz
/usr/share/fonts/X11/misc/4x6-ISO8859-8.pcf.gz
/usr/share/fonts/X11/misc/4x6-ISO8859-9.pcf.gz
/usr/share/fonts/X11/misc/4x6-KOI8-R.pcf.gz
/usr/share/fonts/X11/misc/4x6.pcf.gz
/usr/share/fonts/X11/misc/5x7-ISO8859-1.pcf.gz
/usr/share/fonts/X11/misc/5x7-ISO8859-10.pcf.gz
/usr/share/fonts/X11/misc/5x7-ISO8859-13.pcf.gz
/usr/share/fonts/X11/misc/5x7-ISO8859-14.pcf.gz
/usr/share/fonts/X11/misc/5x7-ISO8859-15.pcf.gz
/usr/share/fonts/X11/misc/5x7-ISO8859-16.pcf.gz
/usr/share/fonts/X11/misc/5x7-ISO8859-2.pcf.gz
/usr/share/fonts/X11/misc/5x7-ISO8859-3.pcf.gz
/usr/share/fonts/X11/misc/5x7-ISO8859-4.pcf.gz
/usr/share/fonts/X11/misc/5x7-ISO8859-5.pcf.gz
/usr/share/fonts/X11/misc/5x7-ISO8859-7.pcf.gz
/usr/share/fonts/X11/misc/5x7-ISO8859-8.pcf.gz
/usr/share/fonts/X11/misc/5x7-ISO8859-9.pcf.gz
/usr/share/fonts/X11/misc/5x7-KOI8-R.pcf.gz
/usr/share/fonts/X11/misc/5x7.pcf.gz
/usr/share/fonts/X11/misc/5x8-ISO8859-1.pcf.gz
/usr/share/fonts/X11/misc/5x8-ISO8859-10.pcf.gz
/usr/share/fonts/X11/misc/5x8-ISO8859-13.pcf.gz
/usr/share/fonts/X11/misc/5x8-ISO8859-14.pcf.gz
/usr/share/fonts/X11/misc/5x8-ISO8859-15.pcf.gz
/usr/share/fonts/X11/misc/5x8-ISO8859-16.pcf.gz
/usr/share/fonts/X11/misc/5x8-ISO8859-2.pcf.gz
/usr/share/fonts/X11/misc/5x8-ISO8859-3.pcf.gz
/usr/share/fonts/X11/misc/5x8-ISO8859-4.pcf.gz
/usr/share/fonts/X11/misc/5x8-ISO8859-5.pcf.gz
/usr/share/fonts/X11/misc/5x8-ISO8859-7.pcf.gz
/usr/share/fonts/X11/misc/5x8-ISO8859-8.pcf.gz
/usr/share/fonts/X11/misc/5x8-ISO8859-9.pcf.gz
/usr/share/fonts/X11/misc/5x8-KOI8-R.pcf.gz
/usr/share/fonts/X11/misc/5x8.pcf.gz
/usr/share/fonts/X11/misc/6x10-ISO8859-1.pcf.gz
/usr/share/fonts/X11/misc/6x10-ISO8859-10.pcf.gz
/usr/share/fonts/X11/misc/6x10-ISO8859-13.pcf.gz
/usr/share/fonts/X11/misc/6x10-ISO8859-14.pcf.gz
/usr/share/fonts/X11/misc/6x10-ISO8859-15.pcf.gz
/usr/share/fonts/X11/misc/6x10-ISO8859-16.pcf.gz
/usr/share/fonts/X11/misc/6x10-ISO8859-2.pcf.gz
/usr/share/fonts/X11/misc/6x10-ISO8859-3.pcf.gz
/usr/share/fonts/X11/misc/6x10-ISO8859-4.pcf.gz
/usr/share/fonts/X11/misc/6x10-ISO8859-5.pcf.gz
/usr/share/fonts/X11/misc/6x10-ISO8859-7.pcf.gz
/usr/share/fonts/X11/misc/6x10-ISO8859-8.pcf.gz
/usr/share/fonts/X11/misc/6x10-ISO8859-9.pcf.gz
/usr/share/fonts/X11/misc/6x10-KOI8-R.pcf.gz
/usr/share/fonts/X11/misc/6x10.pcf.gz
/usr/share/fonts/X11/misc/6x12-ISO8859-1.pcf.gz
/usr/share/fonts/X11/misc/6x12-ISO8859-10.pcf.gz
/usr/share/fonts/X11/misc/6x12-ISO8859-13.pcf.gz
/usr/share/fonts/X11/misc/6x12-ISO8859-14.pcf.gz
/usr/share/fonts/X11/misc/6x12-ISO8859-15.pcf.gz
/usr/share/fonts/X11/misc/6x12-ISO8859-16.pcf.gz
/usr/share/fonts/X11/misc/6x12-ISO8859-2.pcf.gz
/usr/share/fonts/X11/misc/6x12-ISO8859-3.pcf.gz
/usr/share/fonts/X11/misc/6x12-ISO8859-4.pcf.gz
/usr/share/fonts/X11/misc/6x12-ISO8859-5.pcf.gz
/usr/share/fonts/X11/misc/6x12-ISO8859-7.pcf.gz
/usr/share/fonts/X11/misc/6x12-ISO8859-8.pcf.gz
/usr/share/fonts/X11/misc/6x12-ISO8859-9.pcf.gz
/usr/share/fonts/X11/misc/6x12-KOI8-R.pcf.gz
/usr/share/fonts/X11/misc/6x12.pcf.gz
/usr/share/fonts/X11/misc/6x13-ISO8859-1.pcf.gz
/usr/share/fonts/X11/misc/6x13-ISO8859-10.pcf.gz
/usr/share/fonts/X11/misc/6x13-ISO8859-11.pcf.gz
/usr/share/fonts/X11/misc/6x13-ISO8859-13.pcf.gz
/usr/share/fonts/X11/misc/6x13-ISO8859-14.pcf.gz
/usr/share/fonts/X11/misc/6x13-ISO8859-15.pcf.gz
/usr/share/fonts/X11/misc/6x13-ISO8859-16.pcf.gz
/usr/share/fonts/X11/misc/6x13-ISO8859-2.pcf.gz
/usr/share/fonts/X11/misc/6x13-ISO8859-3.pcf.gz
/usr/share/fonts/X11/misc/6x13-ISO8859-4.pcf.gz
/usr/share/fonts/X11/misc/6x13-ISO8859-5.pcf.gz
/usr/share/fonts/X11/misc/6x13-ISO8859-7.pcf.gz
/usr/share/fonts/X11/misc/6x13-ISO8859-8.pcf.gz
/usr/share/fonts/X11/misc/6x13-ISO8859-9.pcf.gz
/usr/share/fonts/X11/misc/6x13-KOI8-R.pcf.gz
/usr/share/fonts/X11/misc/6x13.pcf.gz
/usr/share/fonts/X11/misc/6x13B-ISO8859-1.pcf.gz
/usr/share/fonts/X11/misc/6x13B-ISO8859-10.pcf.gz
/usr/share/fonts/X11/misc/6x13B-ISO8859-13.pcf.gz
/usr/share/fonts/X11/misc/6x13B-ISO8859-14.pcf.gz
/usr/share/fonts/X11/misc/6x13B-ISO8859-15.pcf.gz
/usr/share/fonts/X11/misc/6x13B-ISO8859-16.pcf.gz
/usr/share/fonts/X11/misc/6x13B-ISO8859-2.pcf.gz
/usr/share/fonts/X11/misc/6x13B-ISO8859-3.pcf.gz
/usr/share/fonts/X11/misc/6x13B-ISO8859-4.pcf.gz
/usr/share/fonts/X11/misc/6x13B-ISO8859-5.pcf.gz
/usr/share/fonts/X11/misc/6x13B-ISO8859-7.pcf.gz
/usr/share/fonts/X11/misc/6x13B-ISO8859-8.pcf.gz
/usr/share/fonts/X11/misc/6x13B-ISO8859-9.pcf.gz
/usr/share/fonts/X11/misc/6x13B.pcf.gz
/usr/share/fonts/X11/misc/6x13O-ISO8859-1.pcf.gz
/usr/share/fonts/X11/misc/6x13O-ISO8859-10.pcf.gz
/usr/share/fonts/X11/misc/6x13O-ISO8859-13.pcf.gz
/usr/share/fonts/X11/misc/6x13O-ISO8859-14.pcf.gz
/usr/share/fonts/X11/misc/6x13O-ISO8859-15.pcf.gz
/usr/share/fonts/X11/misc/6x13O-ISO8859-16.pcf.gz
/usr/share/fonts/X11/misc/6x13O-ISO8859-2.pcf.gz
/usr/share/fonts/X11/misc/6x13O-ISO8859-3.pcf.gz
/usr/share/fonts/X11/misc/6x13O-ISO8859-4.pcf.gz
/usr/share/fonts/X11/misc/6x13O-ISO8859-5.pcf.gz
/usr/share/fonts/X11/misc/6x13O-ISO8859-7.pcf.gz
/usr/share/fonts/X11/misc/6x13O-ISO8859-9.pcf.gz
/usr/share/fonts/X11/misc/6x13O.pcf.gz
/usr/share/fonts/X11/misc/6x9-ISO8859-1.pcf.gz
/usr/share/fonts/X11/misc/6x9-ISO8859-10.pcf.gz
/usr/share/fonts/X11/misc/6x9-ISO8859-13.pcf.gz
/usr/share/fonts/X11/misc/6x9-ISO8859-14.pcf.gz
/usr/share/fonts/X11/misc/6x9-ISO8859-15.pcf.gz
/usr/share/fonts/X11/misc/6x9-ISO8859-16.pcf.gz
/usr/share/fonts/X11/misc/6x9-ISO8859-2.pcf.gz
/usr/share/fonts/X11/misc/6x9-ISO8859-3.pcf.gz
/usr/share/fonts/X11/misc/6x9-ISO8859-4.pcf.gz
/usr/share/fonts/X11/misc/6x9-ISO8859-5.pcf.gz
/usr/share/fonts/X11/misc/6x9-ISO8859-7.pcf.gz
/usr/share/fonts/X11/misc/6x9-ISO8859-8.pcf.gz
/usr/share/fonts/X11/misc/6x9-ISO8859-9.pcf.gz
/usr/share/fonts/X11/misc/6x9-KOI8-R.pcf.gz
/usr/share/fonts/X11/misc/6x9.pcf.gz
/usr/share/fonts/X11/misc/7x13-ISO8859-1.pcf.gz
/usr/share/fonts/X11/misc/7x13-ISO8859-10.pcf.gz
/usr/share/fonts/X11/misc/7x13-ISO8859-11.pcf.gz
/usr/share/fonts/X11/misc/7x13-ISO8859-13.pcf.gz
/usr/share/fonts/X11/misc/7x13-ISO8859-14.pcf.gz
/usr/share/fonts/X11/misc/7x13-ISO8859-15.pcf.gz
/usr/share/fonts/X11/misc/7x13-ISO8859-16.pcf.gz
/usr/share/fonts/X11/misc/7x13-ISO8859-2.pcf.gz
/usr/share/fonts/X11/misc/7x13-ISO8859-3.pcf.gz
/usr/share/fonts/X11/misc/7x13-ISO8859-4.pcf.gz
/usr/share/fonts/X11/misc/7x13-ISO8859-5.pcf.gz
/usr/share/fonts/X11/misc/7x13-ISO8859-7.pcf.gz
/usr/share/fonts/X11/misc/7x13-ISO8859-8.pcf.gz
/usr/share/fonts/X11/misc/7x13-ISO8859-9.pcf.gz
/usr/share/fonts/X11/misc/7x13-KOI8-R.pcf.gz
/usr/share/fonts/X11/misc/7x13.pcf.gz
/usr/share/fonts/X11/misc/7x13B-ISO8859-1.pcf.gz
/usr/share/fonts/X11/misc/7x13B-ISO8859-10.pcf.gz
/usr/share/fonts/X11/misc/7x13B-ISO8859-11.pcf.gz
/usr/share/fonts/X11/misc/7x13B-ISO8859-13.pcf.gz
/usr/share/fonts/X11/misc/7x13B-ISO8859-14.pcf.gz
/usr/share/fonts/X11/misc/7x13B-ISO8859-15.pcf.gz
/usr/share/fonts/X11/misc/7x13B-ISO8859-16.pcf.gz
/usr/share/fonts/X11/misc/7x13B-ISO8859-2.pcf.gz
/usr/share/fonts/X11/misc/7x13B-ISO8859-3.pcf.gz
/usr/share/fonts/X11/misc/7x13B-ISO8859-4.pcf.gz
/usr/share/fonts/X11/misc/7x13B-ISO8859-5.pcf.gz
/usr/share/fonts/X11/misc/7x13B-ISO8859-7.pcf.gz
/usr/share/fonts/X11/misc/7x13B-ISO8859-8.pcf.gz
/usr/share/fonts/X11/misc/7x13B-ISO8859-9.pcf.gz
/usr/share/fonts/X11/misc/7x13B.pcf.gz
/usr/share/fonts/X11/misc/7x13O-ISO8859-1.pcf.gz
/usr/share/fonts/X11/misc/7x13O-ISO8859-10.pcf.gz
/usr/share/fonts/X11/misc/7x13O-ISO8859-11.pcf.gz
/usr/share/fonts/X11/misc/7x13O-ISO8859-13.pcf.gz
/usr/share/fonts/X11/misc/7x13O-ISO8859-14.pcf.gz
/usr/share/fonts/X11/misc/7x13O-ISO8859-15.pcf.gz
/usr/share/fonts/X11/misc/7x13O-ISO8859-16.pcf.gz
/usr/share/fonts/X11/misc/7x13O-ISO8859-2.pcf.gz
/usr/share/fonts/X11/misc/7x13O-ISO8859-3.pcf.gz
/usr/share/fonts/X11/misc/7x13O-ISO8859-4.pcf.gz
/usr/share/fonts/X11/misc/7x13O-ISO8859-5.pcf.gz
/usr/share/fonts/X11/misc/7x13O-ISO8859-7.pcf.gz
/usr/share/fonts/X11/misc/7x13O-ISO8859-9.pcf.gz
/usr/share/fonts/X11/misc/7x13O.pcf.gz
/usr/share/fonts/X11/misc/7x14-ISO8859-1.pcf.gz
/usr/share/fonts/X11/misc/7x14-ISO8859-10.pcf.gz
/usr/share/fonts/X11/misc/7x14-ISO8859-11.pcf.gz
/usr/share/fonts/X11/misc/7x14-ISO8859-13.pcf.gz
/usr/share/fonts/X11/misc/7x14-ISO8859-14.pcf.gz
/usr/share/fonts/X11/misc/7x14-ISO8859-15.pcf.gz
/usr/share/fonts/X11/misc/7x14-ISO8859-16.pcf.gz
/usr/share/fonts/X11/misc/7x14-ISO8859-2.pcf.gz
/usr/share/fonts/X11/misc/7x14-ISO8859-3.pcf.gz
/usr/share/fonts/X11/misc/7x14-ISO8859-4.pcf.gz
/usr/share/fonts/X11/misc/7x14-ISO8859-5.pcf.gz
/usr/share/fonts/X11/misc/7x14-ISO8859-7.pcf.gz
/usr/share/fonts/X11/misc/7x14-ISO8859-8.pcf.gz
/usr/share/fonts/X11/misc/7x14-ISO8859-9.pcf.gz
/usr/share/fonts/X11/misc/7x14-JISX0201.1976-0.pcf.gz
/usr/share/fonts/X11/misc/7x14-KOI8-R.pcf.gz
/usr/share/fonts/X11/misc/7x14.pcf.gz
/usr/share/fonts/X11/misc/7x14B-ISO8859-1.pcf.gz
/usr/share/fonts/X11/misc/7x14B-ISO8859-10.pcf.gz
/usr/share/fonts/X11/misc/7x14B-ISO8859-11.pcf.gz
/usr/share/fonts/X11/misc/7x14B-ISO8859-13.pcf.gz
/usr/share/fonts/X11/misc/7x14B-ISO8859-14.pcf.gz
/usr/share/fonts/X11/misc/7x14B-ISO8859-15.pcf.gz
/usr/share/fonts/X11/misc/7x14B-ISO8859-16.pcf.gz
/usr/share/fonts/X11/misc/7x14B-ISO8859-2.pcf.gz
/usr/share/fonts/X11/misc/7x14B-ISO8859-3.pcf.gz
/usr/share/fonts/X11/misc/7x14B-ISO8859-4.pcf.gz
/usr/share/fonts/X11/misc/7x14B-ISO8859-5.pcf.gz
/usr/share/fonts/X11/misc/7x14B-ISO8859-7.pcf.gz
/usr/share/fonts/X11/misc/7x14B-ISO8859-8.pcf.gz
/usr/share/fonts/X11/misc/7x14B-ISO8859-9.pcf.gz
/usr/share/fonts/X11/misc/7x14B.pcf.gz
/usr/share/fonts/X11/misc/8x13-ISO8859-1.pcf.gz
/usr/share/fonts/X11/misc/8x13-ISO8859-10.pcf.gz
/usr/share/fonts/X11/misc/8x13-ISO8859-13.pcf.gz
/usr/share/fonts/X11/misc/8x13-ISO8859-14.pcf.gz
/usr/share/fonts/X11/misc/8x13-ISO8859-15.pcf.gz
/usr/share/fonts/X11/misc/8x13-ISO8859-16.pcf.gz
/usr/share/fonts/X11/misc/8x13-ISO8859-2.pcf.gz
/usr/share/fonts/X11/misc/8x13-ISO8859-3.pcf.gz
/usr/share/fonts/X11/misc/8x13-ISO8859-4.pcf.gz
/usr/share/fonts/X11/misc/8x13-ISO8859-5.pcf.gz
/usr/share/fonts/X11/misc/8x13-ISO8859-7.pcf.gz
/usr/share/fonts/X11/misc/8x13-ISO8859-8.pcf.gz
/usr/share/fonts/X11/misc/8x13-ISO8859-9.pcf.gz
/usr/share/fonts/X11/misc/8x13-KOI8-R.pcf.gz
/usr/share/fonts/X11/misc/8x13.pcf.gz
/usr/share/fonts/X11/misc/8x13B-ISO8859-1.pcf.gz
/usr/share/fonts/X11/misc/8x13B-ISO8859-10.pcf.gz
/usr/share/fonts/X11/misc/8x13B-ISO8859-13.pcf.gz
/usr/share/fonts/X11/misc/8x13B-ISO8859-14.pcf.gz
/usr/share/fonts/X11/misc/8x13B-ISO8859-15.pcf.gz
/usr/share/fonts/X11/misc/8x13B-ISO8859-16.pcf.gz
/usr/share/fonts/X11/misc/8x13B-ISO8859-2.pcf.gz
/usr/share/fonts/X11/misc/8x13B-ISO8859-3.pcf.gz
/usr/share/fonts/X11/misc/8x13B-ISO8859-4.pcf.gz
/usr/share/fonts/X11/misc/8x13B-ISO8859-5.pcf.gz
/usr/share/fonts/X11/misc/8x13B-ISO8859-7.pcf.gz
/usr/share/fonts/X11/misc/8x13B-ISO8859-8.pcf.gz
/usr/share/fonts/X11/misc/8x13B-ISO8859-9.pcf.gz
/usr/share/fonts/X11/misc/8x13B.pcf.gz
/usr/share/fonts/X11/misc/8x13O-ISO8859-1.pcf.gz
/usr/share/fonts/X11/misc/8x13O-ISO8859-10.pcf.gz
/usr/share/fonts/X11/misc/8x13O-ISO8859-13.pcf.gz
/usr/share/fonts/X11/misc/8x13O-ISO8859-14.pcf.gz
/usr/share/fonts/X11/misc/8x13O-ISO8859-15.pcf.gz
/usr/share/fonts/X11/misc/8x13O-ISO8859-16.pcf.gz
/usr/share/fonts/X11/misc/8x13O-ISO8859-2.pcf.gz
/usr/share/fonts/X11/misc/8x13O-ISO8859-3.pcf.gz
/usr/share/fonts/X11/misc/8x13O-ISO8859-4.pcf.gz
/usr/share/fonts/X11/misc/8x13O-ISO8859-5.pcf.gz
/usr/share/fonts/X11/misc/8x13O-ISO8859-7.pcf.gz
/usr/share/fonts/X11/misc/8x13O-ISO8859-9.pcf.gz
/usr/share/fonts/X11/misc/8x13O.pcf.gz
/usr/share/fonts/X11/misc/8x16.pcf.gz
/usr/share/fonts/X11/misc/8x16rk.pcf.gz
/usr/share/fonts/X11/misc/9x15-ISO8859-1.pcf.gz
/usr/share/fonts/X11/misc/9x15-ISO8859-10.pcf.gz
/usr/share/fonts/X11/misc/9x15-ISO8859-11.pcf.gz
/usr/share/fonts/X11/misc/9x15-ISO8859-13.pcf.gz
/usr/share/fonts/X11/misc/9x15-ISO8859-14.pcf.gz
/usr/share/fonts/X11/misc/9x15-ISO8859-15.pcf.gz
/usr/share/fonts/X11/misc/9x15-ISO8859-16.pcf.gz
/usr/share/fonts/X11/misc/9x15-ISO8859-2.pcf.gz
/usr/share/fonts/X11/misc/9x15-ISO8859-3.pcf.gz
/usr/share/fonts/X11/misc/9x15-ISO8859-4.pcf.gz
/usr/share/fonts/X11/misc/9x15-ISO8859-5.pcf.gz
/usr/share/fonts/X11/misc/9x15-ISO8859-7.pcf.gz
/usr/share/fonts/X11/misc/9x15-ISO8859-8.pcf.gz
/usr/share/fonts/X11/misc/9x15-ISO8859-9.pcf.gz
/usr/share/fonts/X11/misc/9x15-KOI8-R.pcf.gz
/usr/share/fonts/X11/misc/9x15.pcf.gz
/usr/share/fonts/X11/misc/9x15B-ISO8859-1.pcf.gz
/usr/share/fonts/X11/misc/9x15B-ISO8859-10.pcf.gz
/usr/share/fonts/X11/misc/9x15B-ISO8859-11.pcf.gz
/usr/share/fonts/X11/misc/9x15B-ISO8859-13.pcf.gz
/usr/share/fonts/X11/misc/9x15B-ISO8859-14.pcf.gz
/usr/share/fonts/X11/misc/9x15B-ISO8859-15.pcf.gz
/usr/share/fonts/X11/misc/9x15B-ISO8859-16.pcf.gz
/usr/share/fonts/X11/misc/9x15B-ISO8859-2.pcf.gz
/usr/share/fonts/X11/misc/9x15B-ISO8859-3.pcf.gz
/usr/share/fonts/X11/misc/9x15B-ISO8859-4.pcf.gz
/usr/share/fonts/X11/misc/9x15B-ISO8859-5.pcf.gz
/usr/share/fonts/X11/misc/9x15B-ISO8859-7.pcf.gz
/usr/share/fonts/X11/misc/9x15B-ISO8859-8.pcf.gz
/usr/share/fonts/X11/misc/9x15B-ISO8859-9.pcf.gz
/usr/share/fonts/X11/misc/9x15B.pcf.gz
/usr/share/fonts/X11/misc/9x18-ISO8859-1.pcf.gz
/usr/share/fonts/X11/misc/9x18-ISO8859-10.pcf.gz
/usr/share/fonts/X11/misc/9x18-ISO8859-11.pcf.gz
/usr/share/fonts/X11/misc/9x18-ISO8859-13.pcf.gz
/usr/share/fonts/X11/misc/9x18-ISO8859-14.pcf.gz
/usr/share/fonts/X11/misc/9x18-ISO8859-15.pcf.gz
/usr/share/fonts/X11/misc/9x18-ISO8859-16.pcf.gz
/usr/share/fonts/X11/misc/9x18-ISO8859-2.pcf.gz
/usr/share/fonts/X11/misc/9x18-ISO8859-3.pcf.gz
/usr/share/fonts/X11/misc/9x18-ISO8859-4.pcf.gz
/usr/share/fonts/X11/misc/9x18-ISO8859-5.pcf.gz
/usr/share/fonts/X11/misc/9x18-ISO8859-7.pcf.gz
/usr/share/fonts/X11/misc/9x18-ISO8859-8.pcf.gz
/usr/share/fonts/X11/misc/9x18-ISO8859-9.pcf.gz
/usr/share/fonts/X11/misc/9x18-KOI8-R.pcf.gz
/usr/share/fonts/X11/misc/9x18.pcf.gz
/usr/share/fonts/X11/misc/9x18B-ISO8859-1.pcf.gz
/usr/share/fonts/X11/misc/9x18B-ISO8859-10.pcf.gz
/usr/share/fonts/X11/misc/9x18B-ISO8859-13.pcf.gz
/usr/share/fonts/X11/misc/9x18B-ISO8859-14.pcf.gz
/usr/share/fonts/X11/misc/9x18B-ISO8859-15.pcf.gz
/usr/share/fonts/X11/misc/9x18B-ISO8859-16.pcf.gz
/usr/share/fonts/X11/misc/9x18B-ISO8859-2.pcf.gz
/usr/share/fonts/X11/misc/9x18B-ISO8859-3.pcf.gz
/usr/share/fonts/X11/misc/9x18B-ISO8859-4.pcf.gz
/usr/share/fonts/X11/misc/9x18B-ISO8859-5.pcf.gz
/usr/share/fonts/X11/misc/9x18B-ISO8859-7.pcf.gz
/usr/share/fonts/X11/misc/9x18B-ISO8859-8.pcf.gz
/usr/share/fonts/X11/misc/9x18B-ISO8859-9.pcf.gz
/usr/share/fonts/X11/misc/9x18B.pcf.gz
/usr/share/fonts/X11/misc/arabic24.pcf.gz
/usr/share/fonts/X11/misc/clB6x10.pcf.gz
/usr/share/fonts/X11/misc/clB6x12.pcf.gz
/usr/share/fonts/X11/misc/clB8x10.pcf.gz
/usr/share/fonts/X11/misc/clB8x12.pcf.gz
/usr/share/fonts/X11/misc/clB8x13.pcf.gz
/usr/share/fonts/X11/misc/clB8x14.pcf.gz
/usr/share/fonts/X11/misc/clB8x16.pcf.gz
/usr/share/fonts/X11/misc/clB8x8.pcf.gz
/usr/share/fonts/X11/misc/clB9x15.pcf.gz
/usr/share/fonts/X11/misc/clI6x12.pcf.gz
/usr/share/fonts/X11/misc/clI8x8.pcf.gz
/usr/share/fonts/X11/misc/clR4x6.pcf.gz
/usr/share/fonts/X11/misc/clR5x10.pcf.gz
/usr/share/fonts/X11/misc/clR5x6.pcf.gz
/usr/share/fonts/X11/misc/clR5x8.pcf.gz
/usr/share/fonts/X11/misc/clR6x10.pcf.gz
/usr/share/fonts/X11/misc/clR6x12-ISO8859-1.pcf.gz
/usr/share/fonts/X11/misc/clR6x12-ISO8859-10.pcf.gz
/usr/share/fonts/X11/misc/clR6x12-ISO8859-13.pcf.gz
/usr/share/fonts/X11/misc/clR6x12-ISO8859-14.pcf.gz
/usr/share/fonts/X11/misc/clR6x12-ISO8859-15.pcf.gz
/usr/share/fonts/X11/misc/clR6x12-ISO8859-16.pcf.gz
/usr/share/fonts/X11/misc/clR6x12-ISO8859-2.pcf.gz
/usr/share/fonts/X11/misc/clR6x12-ISO8859-3.pcf.gz
/usr/share/fonts/X11/misc/clR6x12-ISO8859-4.pcf.gz
/usr/share/fonts/X11/misc/clR6x12-ISO8859-5.pcf.gz
/usr/share/fonts/X11/misc/clR6x12-ISO8859-7.pcf.gz
/usr/share/fonts/X11/misc/clR6x12-ISO8859-8.pcf.gz
/usr/share/fonts/X11/misc/clR6x12-ISO8859-9.pcf.gz
/usr/share/fonts/X11/misc/clR6x12-KOI8-R.pcf.gz
/usr/share/fonts/X11/misc/clR6x12.pcf.gz
/usr/share/fonts/X11/misc/clR6x13.pcf.gz
/usr/share/fonts/X11/misc/clR6x6.pcf.gz
/usr/share/fonts/X11/misc/clR6x8.pcf.gz
/usr/share/fonts/X11/misc/clR7x10.pcf.gz
/usr/share/fonts/X11/misc/clR7x12.pcf.gz
/usr/share/fonts/X11/misc/clR7x14.pcf.gz
/usr/share/fonts/X11/misc/clR7x8.pcf.gz
/usr/share/fonts/X11/misc/clR8x10.pcf.gz
/usr/share/fonts/X11/misc/clR8x12.pcf.gz
/usr/share/fonts/X11/misc/clR8x13.pcf.gz
/usr/share/fonts/X11/misc/clR8x14.pcf.gz
/usr/share/fonts/X11/misc/clR8x16.pcf.gz
/usr/share/fonts/X11/misc/clR8x8.pcf.gz
/usr/share/fonts/X11/misc/clR9x15.pcf.gz
/usr/share/fonts/X11/misc/cu-alt12.pcf.gz
/usr/share/fonts/X11/misc/cu-arabic12.pcf.gz
/usr/share/fonts/X11/misc/cu-devnag12.pcf.gz
/usr/share/fonts/X11/misc/cu-lig12.pcf.gz
/usr/share/fonts/X11/misc/cu-pua12.pcf.gz
/usr/share/fonts/X11/misc/cu12.pcf.gz
/usr/share/fonts/X11/misc/cuarabic12.pcf.gz
/usr/share/fonts/X11/misc/cudevnag12.pcf.gz
/usr/share/fonts/X11/misc/cursor.pcf.gz
/usr/share/fonts/X11/misc/deccurs.pcf.gz
/usr/share/fonts/X11/misc/decsess.pcf.gz
/usr/share/fonts/X11/misc/gb16fs.pcf.gz
/usr/share/fonts/X11/misc/gb16st.pcf.gz
/usr/share/fonts/X11/misc/gb24st.pcf.gz
/usr/share/fonts/X11/misc/hanglg16.pcf.gz
/usr/share/fonts/X11/misc/hanglm16.pcf.gz
/usr/share/fonts/X11/misc/hanglm24.pcf.gz
/usr/share/fonts/X11/misc/jiskan16.pcf.gz
/usr/share/fonts/X11/misc/jiskan24.pcf.gz
/usr/share/fonts/X11/misc/k14.pcf.gz
/usr/share/fonts/X11/misc/micro.pcf.gz
/usr/share/fonts/X11/misc/nil2.pcf.gz
/usr/share/fonts/X11/misc/olcursor.pcf.gz
/usr/share/fonts/X11/misc/olgl10.pcf.gz
/usr/share/fonts/X11/misc/olgl12.pcf.gz
/usr/share/fonts/X11/misc/olgl14.pcf.gz
/usr/share/fonts/X11/misc/olgl19.pcf.gz

dpkg -L xfonts-encodings
/.
/usr
/usr/share
/usr/share/doc
/usr/share/doc/xfonts-encodings
/usr/share/doc/xfonts-encodings/changelog.Debian.gz
/usr/share/doc/xfonts-encodings/copyright
/usr/share/fonts
/usr/share/fonts/X11
/usr/share/fonts/X11/encodings
/usr/share/fonts/X11/encodings/adobe-dingbats.enc.gz
/usr/share/fonts/X11/encodings/adobe-standard.enc.gz
/usr/share/fonts/X11/encodings/adobe-symbol.enc.gz
/usr/share/fonts/X11/encodings/armscii-8.enc.gz
/usr/share/fonts/X11/encodings/ascii-0.enc.gz
/usr/share/fonts/X11/encodings/dec-special.enc.gz
/usr/share/fonts/X11/encodings/encodings.dir
/usr/share/fonts/X11/encodings/ibm-cp437.enc.gz
/usr/share/fonts/X11/encodings/ibm-cp850.enc.gz
/usr/share/fonts/X11/encodings/ibm-cp852.enc.gz
/usr/share/fonts/X11/encodings/ibm-cp866.enc.gz
/usr/share/fonts/X11/encodings/iso8859-11.enc.gz
/usr/share/fonts/X11/encodings/iso8859-13.enc.gz
/usr/share/fonts/X11/encodings/iso8859-16.enc.gz
/usr/share/fonts/X11/encodings/iso8859-6.16.enc.gz
/usr/share/fonts/X11/encodings/iso8859-6.8x.enc.gz
/usr/share/fonts/X11/encodings/large
/usr/share/fonts/X11/encodings/large/big5.eten-0.enc.gz
/usr/share/fonts/X11/encodings/large/big5hkscs-0.enc.gz
/usr/share/fonts/X11/encodings/large/cns11643-1.enc.gz
/usr/share/fonts/X11/encodings/large/cns11643-2.enc.gz
/usr/share/fonts/X11/encodings/large/cns11643-3.enc.gz
/usr/share/fonts/X11/encodings/large/encodings.dir
/usr/share/fonts/X11/encodings/large/gb18030-0.enc.gz
/usr/share/fonts/X11/encodings/large/gb18030.2000-0.enc.gz
/usr/share/fonts/X11/encodings/large/gb18030.2000-1.enc.gz
/usr/share/fonts/X11/encodings/large/gb2312.1980-0.enc.gz
/usr/share/fonts/X11/encodings/large/gbk-0.enc.gz
/usr/share/fonts/X11/encodings/large/jisx0201.1976-0.enc.gz
/usr/share/fonts/X11/encodings/large/jisx0208.1990-0.enc.gz
/usr/share/fonts/X11/encodings/large/jisx0212.1990-0.enc.gz
/usr/share/fonts/X11/encodings/large/ksc5601.1987-0.enc.gz
/usr/share/fonts/X11/encodings/large/ksc5601.1992-3.enc.gz
/usr/share/fonts/X11/encodings/large/sun.unicode.india-0.enc.gz
/usr/share/fonts/X11/encodings/microsoft-cp1250.enc.gz
/usr/share/fonts/X11/encodings/microsoft-cp1251.enc.gz
/usr/share/fonts/X11/encodings/microsoft-cp1252.enc.gz
/usr/share/fonts/X11/encodings/microsoft-cp1253.enc.gz
/usr/share/fonts/X11/encodings/microsoft-cp1254.enc.gz
/usr/share/fonts/X11/encodings/microsoft-cp1255.enc.gz
/usr/share/fonts/X11/encodings/microsoft-cp1256.enc.gz
/usr/share/fonts/X11/encodings/microsoft-cp1257.enc.gz
/usr/share/fonts/X11/encodings/microsoft-cp1258.enc.gz
/usr/share/fonts/X11/encodings/microsoft-win3.1.enc.gz
/usr/share/fonts/X11/encodings/mulearabic-0.enc.gz
/usr/share/fonts/X11/encodings/mulearabic-1.enc.gz
/usr/share/fonts/X11/encodings/mulearabic-2.enc.gz
/usr/share/fonts/X11/encodings/mulelao-1.enc.gz
/usr/share/fonts/X11/encodings/suneu-greek.enc.gz
/usr/share/fonts/X11/encodings/tcvn-0.enc.gz
/usr/share/fonts/X11/encodings/tis620-2.enc.gz
/usr/share/fonts/X11/encodings/viscii1.1-1.enc.gz

dpkg -L xfonts-utils
/.
/usr
/usr/bin
/usr/bin/bdftopcf
/usr/bin/bdftruncate
/usr/bin/fonttosfnt
/usr/bin/mkfontdir
/usr/bin/mkfontscale
/usr/bin/ucs2any
/usr/sbin
/usr/sbin/update-fonts-alias
/usr/sbin/update-fonts-dir
/usr/sbin/update-fonts-scale
/usr/share
/usr/share/aclocal
/usr/share/aclocal/fontutil.m4
/usr/share/doc
/usr/share/doc/xfonts-utils
/usr/share/doc/xfonts-utils/changelog.gz
/usr/share/doc/xfonts-utils/copyright
/usr/share/fonts
/usr/share/fonts/X11
/usr/share/fonts/X11/util
/usr/share/fonts/X11/util/map-ISO8859-1
/usr/share/fonts/X11/util/map-ISO8859-10
/usr/share/fonts/X11/util/map-ISO8859-11
/usr/share/fonts/X11/util/map-ISO8859-13
/usr/share/fonts/X11/util/map-ISO8859-14
/usr/share/fonts/X11/util/map-ISO8859-15
/usr/share/fonts/X11/util/map-ISO8859-16
/usr/share/fonts/X11/util/map-ISO8859-2
/usr/share/fonts/X11/util/map-ISO8859-3
/usr/share/fonts/X11/util/map-ISO8859-4
/usr/share/fonts/X11/util/map-ISO8859-5
/usr/share/fonts/X11/util/map-ISO8859-6
/usr/share/fonts/X11/util/map-ISO8859-7
/usr/share/fonts/X11/util/map-ISO8859-8
/usr/share/fonts/X11/util/map-ISO8859-9
/usr/share/fonts/X11/util/map-JISX0201.1976-0
/usr/share/fonts/X11/util/map-KOI8-R
/usr/share/man
/usr/share/man/man1
/usr/share/man/man1/bdftopcf.1.gz
/usr/share/man/man1/bdftruncate.1.gz
/usr/share/man/man1/fonttosfnt.1.gz
/usr/share/man/man1/mkfontdir.1.gz
/usr/share/man/man1/mkfontscale.1.gz
/usr/share/man/man1/ucs2any.1.gz
/usr/share/man/man8
/usr/share/man/man8/update-fonts-alias.8.gz
/usr/share/man/man8/update-fonts-dir.8.gz
/usr/share/man/man8/update-fonts-scale.8.gz
/usr/share/pkgconfig
/usr/share/pkgconfig/fontutil.pc

dpkg -L xserver-common
/.
/usr
/usr/lib
/usr/lib/xorg
/usr/lib/xorg/protocol.txt
/usr/share
/usr/share/doc
/usr/share/doc/xserver-common
/usr/share/doc/xserver-common/changelog.Debian.gz
/usr/share/doc/xserver-common/copyright
/usr/share/man
/usr/share/man/man1
/usr/share/man/man1/Xserver.1.gz
/var
/var/lib
/var/lib/xkb
/var/lib/xkb/README.compiled

dpkg -L xserver-xorg-core
/.
/lib
/lib/udev
/lib/udev/rules.d
/lib/udev/rules.d/64-xorg-xkb.rules
/usr
/usr/bin
/usr/bin/Xorg
/usr/bin/gtf
/usr/lib
/usr/lib/xorg
/usr/lib/xorg/Xorg
/usr/lib/xorg/modules
/usr/lib/xorg/modules/drivers
/usr/lib/xorg/modules/drivers/modesetting_drv.so
/usr/lib/xorg/modules/extensions
/usr/lib/xorg/modules/extensions/libglx.so
/usr/lib/xorg/modules/input
/usr/lib/xorg/modules/input/inputtest_drv.so
/usr/lib/xorg/modules/libexa.so
/usr/lib/xorg/modules/libfbdevhw.so
/usr/lib/xorg/modules/libglamoregl.so
/usr/lib/xorg/modules/libint10.so
/usr/lib/xorg/modules/libshadow.so
/usr/lib/xorg/modules/libshadowfb.so
/usr/lib/xorg/modules/libvgahw.so
/usr/lib/xorg/modules/libwfb.so
/usr/share
/usr/share/X11
/usr/share/X11/xorg.conf.d
/usr/share/X11/xorg.conf.d/10-quirks.conf
/usr/share/bug
/usr/share/bug/xserver-xorg-core
/usr/share/bug/xserver-xorg-core/script
/usr/share/doc
/usr/share/doc/xserver-xorg-core
/usr/share/doc/xserver-xorg-core/NEWS.Debian.gz
/usr/share/doc/xserver-xorg-core/changelog.Debian.gz
/usr/share/doc/xserver-xorg-core/copyright
/usr/share/man
/usr/share/man/man1
/usr/share/man/man1/Xorg.1.gz
/usr/share/man/man1/gtf.1.gz
/usr/share/man/man4
/usr/share/man/man4/exa.4.gz
/usr/share/man/man4/fbdevhw.4.gz
/usr/share/man/man4/inputtestdrv.4.gz
/usr/share/man/man4/modesetting.4.gz
/usr/share/man/man5
/usr/share/man/man5/xorg.conf.5.gz
/usr/bin/X
/usr/share/man/man5/xorg.conf.d.5.gz

dpkg -L colord
dpkg-query: package 'colord' is not installed
Use dpkg --contents (= dpkg-deb --contents) to list archive files contents.

dpkg -L cups-common
dpkg-query: package 'cups-common' is not installed
Use dpkg --contents (= dpkg-deb --contents) to list archive files contents.

dpkg -L gvfs
dpkg-query: package 'gvfs' is not installed
Use dpkg --contents (= dpkg-deb --contents) to list archive files contents.

dpkg -L liblcms2-utils
dpkg-query: package 'liblcms2-utils' is not installed
Use dpkg --contents (= dpkg-deb --contents) to list archive files contents.

dpkg -L librsvg2-bin
dpkg-query: package 'librsvg2-bin' is not installed
Use dpkg --contents (= dpkg-deb --contents) to list archive files contents.

dpkg -L libvdpau-va-gl1
dpkg-query: package 'libvdpau-va-gl1' is not installed
Use dpkg --contents (= dpkg-deb --contents) to list archive files contents.

dpkg -L xfs
dpkg-query: package 'xfs' is not installed
Use dpkg --contents (= dpkg-deb --contents) to list archive files contents.

dpkg -L xserver
dpkg-query: package 'xserver' is not installed
Use dpkg --contents (= dpkg-deb --contents) to list archive files contents.

dpkg -L xfonts-100dpi
dpkg-query: package 'xfonts-100dpi' is not installed
Use dpkg --contents (= dpkg-deb --contents) to list archive files contents.

dpkg -L xfonts-75dpi
dpkg-query: package 'xfonts-75dpi' is not installed
Use dpkg --contents (= dpkg-deb --contents) to list archive files contents.

dpkg -L xfonts-scalable
dpkg-query: package 'xfonts-scalable' is not installed
Use dpkg --contents (= dpkg-deb --contents) to list archive files contents.

